kx_tpiba,ky_tpiba,kz_tpiba,kx_inv_A,ky_inv_A,kz_inv_A,band5_eV
0.75,-0.08,-0.08,0.8730514280371566,-0.09312548565729671,-0.09312548565729671,7.244655010325953
0.75,-0.08,-0.06,0.8730514280371566,-0.09312548565729671,-0.06984411424297253,7.20368463842487
0.75,-0.08,-0.04,0.8730514280371566,-0.09312548565729671,-0.046562742828648356,7.175249538627218
0.75,-0.08,-0.02,0.8730514280371566,-0.09312548565729671,-0.023281371414324178,7.158593176093672
0.75,-0.08,0.0,0.8730514280371566,-0.09312548565729671,0.0,7.153117253788684
0.75,-0.08,0.02,0.8730514280371566,-0.09312548565729671,0.023281371414324178,7.158593176093675
0.75,-0.08,0.04,0.8730514280371566,-0.09312548565729671,0.046562742828648356,7.175249538627211
0.75,-0.08,0.06,0.8730514280371566,-0.09312548565729671,0.06984411424297253,7.20368463842492
0.75,-0.08,0.08,0.8730514280371566,-0.09312548565729671,0.09312548565729671,7.244655010325944
0.75,-0.06,-0.08,0.8730514280371566,-0.06984411424297253,-0.09312548565729671,7.203684638424852
0.75,-0.06,-0.06,0.8730514280371566,-0.06984411424297253,-0.06984411424297253,7.149727538323006
0.75,-0.06,-0.04,0.8730514280371566,-0.06984411424297253,-0.046562742828648356,7.110995712407048
0.75,-0.06,-0.02,0.8730514280371566,-0.06984411424297253,-0.023281371414324178,7.087691860467955
0.75,-0.06,0.0,0.8730514280371566,-0.06984411424297253,0.0,7.079914494281261
0.75,-0.06,0.02,0.8730514280371566,-0.06984411424297253,0.023281371414324178,7.0876918604679195
0.75,-0.06,0.04,0.8730514280371566,-0.06984411424297253,0.046562742828648356,7.110995712407023
0.75,-0.06,0.06,0.8730514280371566,-0.06984411424297253,0.06984411424297253,7.149727538323085
0.75,-0.06,0.08,0.8730514280371566,-0.06984411424297253,0.09312548565729671,7.203684638424854
0.75,-0.04,-0.08,0.8730514280371566,-0.046562742828648356,-0.09312548565729671,7.175249538627259
0.75,-0.04,-0.06,0.8730514280371566,-0.046562742828648356,-0.06984411424297253,7.110995712407007
0.75,-0.04,-0.04,0.8730514280371566,-0.046562742828648356,-0.046562742828648356,7.0642170206856
0.75,-0.04,-0.02,0.8730514280371566,-0.046562742828648356,-0.023281371414324178,7.035775285276521
0.75,-0.04,0.0,0.8730514280371566,-0.046562742828648356,0.0,7.0262300270482845
0.75,-0.04,0.02,0.8730514280371566,-0.046562742828648356,0.023281371414324178,7.035775285276524
0.75,-0.04,0.04,0.8730514280371566,-0.046562742828648356,0.046562742828648356,7.064217020685599
0.75,-0.04,0.06,0.8730514280371566,-0.046562742828648356,0.06984411424297253,7.110995712407102
0.75,-0.04,0.08,0.8730514280371566,-0.046562742828648356,0.09312548565729671,7.175249538627287
0.75,-0.02,-0.08,0.8730514280371566,-0.023281371414324178,-0.09312548565729671,7.158593176093719
0.75,-0.02,-0.06,0.8730514280371566,-0.023281371414324178,-0.06984411424297253,7.087691860467968
0.75,-0.02,-0.04,0.8730514280371566,-0.023281371414324178,-0.046562742828648356,7.035775285276527
0.75,-0.02,-0.02,0.8730514280371566,-0.023281371414324178,-0.023281371414324178,7.0040769913750935
0.75,-0.02,0.0,0.8730514280371566,-0.023281371414324178,0.0,6.993415147672926
0.75,-0.02,0.02,0.8730514280371566,-0.023281371414324178,0.023281371414324178,7.004076991375132
0.75,-0.02,0.04,0.8730514280371566,-0.023281371414324178,0.046562742828648356,7.0357752852765705
0.75,-0.02,0.06,0.8730514280371566,-0.023281371414324178,0.06984411424297253,7.087691860467947
0.75,-0.02,0.08,0.8730514280371566,-0.023281371414324178,0.09312548565729671,7.158593176093699
0.75,0.0,-0.08,0.8730514280371566,0.0,-0.09312548565729671,7.153117253788719
0.75,0.0,-0.06,0.8730514280371566,0.0,-0.06984411424297253,7.079914494281206
0.75,0.0,-0.04,0.8730514280371566,0.0,-0.046562742828648356,7.02623002704828
0.75,0.0,-0.02,0.8730514280371566,0.0,-0.023281371414324178,6.9934151476728825
0.75,0.0,0.0,0.8730514280371566,0.0,0.0,6.982371052105205
0.75,0.0,0.02,0.8730514280371566,0.0,0.023281371414324178,6.993415147672946
0.75,0.0,0.04,0.8730514280371566,0.0,0.046562742828648356,7.026230027048337
0.75,0.0,0.06,0.8730514280371566,0.0,0.06984411424297253,7.079914494281203
0.75,0.0,0.08,0.8730514280371566,0.0,0.09312548565729671,7.153117253788713
0.75,0.02,-0.08,0.8730514280371566,0.023281371414324178,-0.09312548565729671,7.158593176093675
0.75,0.02,-0.06,0.8730514280371566,0.023281371414324178,-0.06984411424297253,7.0876918604679275
0.75,0.02,-0.04,0.8730514280371566,0.023281371414324178,-0.046562742828648356,7.03577528527653
0.75,0.02,-0.02,0.8730514280371566,0.023281371414324178,-0.023281371414324178,7.004076991375026
0.75,0.02,0.0,0.8730514280371566,0.023281371414324178,0.0,6.993415147672923
0.75,0.02,0.02,0.8730514280371566,0.023281371414324178,0.023281371414324178,7.004076991375128
0.75,0.02,0.04,0.8730514280371566,0.023281371414324178,0.046562742828648356,7.03577528527651
0.75,0.02,0.06,0.8730514280371566,0.023281371414324178,0.06984411424297253,7.087691860467882
0.75,0.02,0.08,0.8730514280371566,0.023281371414324178,0.09312548565729671,7.158593176093657
0.75,0.04,-0.08,0.8730514280371566,0.046562742828648356,-0.09312548565729671,7.175249538627235
0.75,0.04,-0.06,0.8730514280371566,0.046562742828648356,-0.06984411424297253,7.110995712406978
0.75,0.04,-0.04,0.8730514280371566,0.046562742828648356,-0.046562742828648356,7.064217020685546
0.75,0.04,-0.02,0.8730514280371566,0.046562742828648356,-0.023281371414324178,7.035775285276524
0.75,0.04,0.0,0.8730514280371566,0.046562742828648356,0.0,7.026230027048331
0.75,0.04,0.02,0.8730514280371566,0.046562742828648356,0.023281371414324178,7.0357752852765705
0.75,0.04,0.04,0.8730514280371566,0.046562742828648356,0.046562742828648356,7.064217020685585
0.75,0.04,0.06,0.8730514280371566,0.046562742828648356,0.06984411424297253,7.1109957124070835
0.75,0.04,0.08,0.8730514280371566,0.046562742828648356,0.09312548565729671,7.175249538627287
0.75,0.06,-0.08,0.8730514280371566,0.06984411424297253,-0.09312548565729671,7.2036846384248925
0.75,0.06,-0.06,0.8730514280371566,0.06984411424297253,-0.06984411424297253,7.149727538323079
0.75,0.06,-0.04,0.8730514280371566,0.06984411424297253,-0.046562742828648356,7.110995712407005
0.75,0.06,-0.02,0.8730514280371566,0.06984411424297253,-0.023281371414324178,7.087691860467887
0.75,0.06,0.0,0.8730514280371566,0.06984411424297253,0.0,7.079914494281274
0.75,0.06,0.02,0.8730514280371566,0.06984411424297253,0.023281371414324178,7.0876918604679
0.75,0.06,0.04,0.8730514280371566,0.06984411424297253,0.046562742828648356,7.11099571240707
0.75,0.06,0.06,0.8730514280371566,0.06984411424297253,0.06984411424297253,7.149727538323011
0.75,0.06,0.08,0.8730514280371566,0.06984411424297253,0.09312548565729671,7.2036846384249245
0.75,0.08,-0.08,0.8730514280371566,0.09312548565729671,-0.09312548565729671,7.244655010325918
0.75,0.08,-0.06,0.8730514280371566,0.09312548565729671,-0.06984411424297253,7.203684638424903
0.75,0.08,-0.04,0.8730514280371566,0.09312548565729671,-0.046562742828648356,7.175249538627249
0.75,0.08,-0.02,0.8730514280371566,0.09312548565729671,-0.023281371414324178,7.15859317609373
0.75,0.08,0.0,0.8730514280371566,0.09312548565729671,0.0,7.15311725378867
0.75,0.08,0.02,0.8730514280371566,0.09312548565729671,0.023281371414324178,7.158593176093715
0.75,0.08,0.04,0.8730514280371566,0.09312548565729671,0.046562742828648356,7.175249538627225
0.75,0.08,0.06,0.8730514280371566,0.09312548565729671,0.06984411424297253,7.203684638424841
0.75,0.08,0.08,0.8730514280371566,0.09312548565729671,0.09312548565729671,7.244655010325985
0.77,-0.08,-0.08,0.8963327994514808,-0.09312548565729671,-0.09312548565729671,7.220077702670062
0.77,-0.08,-0.06,0.8963327994514808,-0.09312548565729671,-0.06984411424297253,7.181464144893516
0.77,-0.08,-0.04,0.8963327994514808,-0.09312548565729671,-0.046562742828648356,7.155054918881935
0.77,-0.08,-0.02,0.8963327994514808,-0.09312548565729671,-0.023281371414324178,7.139784573394138
0.77,-0.08,0.0,0.8963327994514808,-0.09312548565729671,0.0,7.134803354148382
0.77,-0.08,0.02,0.8963327994514808,-0.09312548565729671,0.023281371414324178,7.139784573394087
0.77,-0.08,0.04,0.8963327994514808,-0.09312548565729671,0.046562742828648356,7.155054918881909
0.77,-0.08,0.06,0.8963327994514808,-0.09312548565729671,0.06984411424297253,7.1814641448935275
0.77,-0.08,0.08,0.8963327994514808,-0.09312548565729671,0.09312548565729671,7.220077702669978
0.77,-0.06,-0.08,0.8963327994514808,-0.06984411424297253,-0.09312548565729671,7.181464144893516
0.77,-0.06,-0.06,0.8963327994514808,-0.06984411424297253,-0.06984411424297253,7.129147939575306
0.77,-0.06,-0.04,0.8963327994514808,-0.06984411424297253,-0.046562742828648356,7.0917637181711655
0.77,-0.06,-0.02,0.8963327994514808,-0.06984411424297253,-0.023281371414324178,7.069350211688838
0.77,-0.06,0.0,0.8963327994514808,-0.06984411424297253,0.0,7.061884636306578
0.77,-0.06,0.02,0.8963327994514808,-0.06984411424297253,0.023281371414324178,7.069350211688892
0.77,-0.06,0.04,0.8963327994514808,-0.06984411424297253,0.046562742828648356,7.091763718171135
0.77,-0.06,0.06,0.8963327994514808,-0.06984411424297253,0.06984411424297253,7.12914793957533
0.77,-0.06,0.08,0.8963327994514808,-0.06984411424297253,0.09312548565729671,7.181464144893543
0.77,-0.04,-0.08,0.8963327994514808,-0.046562742828648356,-0.09312548565729671,7.155054918881967
0.77,-0.04,-0.06,0.8963327994514808,-0.046562742828648356,-0.06984411424297253,7.091763718171171
0.77,-0.04,-0.04,0.8963327994514808,-0.046562742828648356,-0.046562742828648356,7.045750607216393
0.77,-0.04,-0.02,0.8963327994514808,-0.046562742828648356,-0.023281371414324178,7.0178034062782855
0.77,-0.04,0.0,0.8963327994514808,-0.046562742828648356,0.0,7.008429232998421
0.77,-0.04,0.02,0.8963327994514808,-0.046562742828648356,0.023281371414324178,7.017803406278358
0.77,-0.04,0.04,0.8963327994514808,-0.046562742828648356,0.046562742828648356,7.0457506072163065
0.77,-0.04,0.06,0.8963327994514808,-0.046562742828648356,0.06984411424297253,7.0917637181711655
0.77,-0.04,0.08,0.8963327994514808,-0.046562742828648356,0.09312548565729671,7.1550549188818575
0.77,-0.02,-0.08,0.8963327994514808,-0.023281371414324178,-0.09312548565729671,7.139784573394061
0.77,-0.02,-0.06,0.8963327994514808,-0.023281371414324178,-0.06984411424297253,7.069350211688853
0.77,-0.02,-0.04,0.8963327994514808,-0.023281371414324178,-0.046562742828648356,7.0178034062782855
0.77,-0.02,-0.02,0.8963327994514808,-0.023281371414324178,-0.023281371414324178,6.9863432137221295
0.77,-0.02,0.0,0.8963327994514808,-0.023281371414324178,0.0,6.975763733165434
0.77,-0.02,0.02,0.8963327994514808,-0.023281371414324178,0.023281371414324178,6.9863432137221615
0.77,-0.02,0.04,0.8963327994514808,-0.023281371414324178,0.046562742828648356,7.01780340627829
0.77,-0.02,0.06,0.8963327994514808,-0.023281371414324178,0.06984411424297253,7.069350211688821
0.77,-0.02,0.08,0.8963327994514808,-0.023281371414324178,0.09312548565729671,7.139784573394129
0.77,0.0,-0.08,0.8963327994514808,0.0,-0.09312548565729671,7.1348033541483815
0.77,0.0,-0.06,0.8963327994514808,0.0,-0.06984411424297253,7.061884636306542
0.77,0.0,-0.04,0.8963327994514808,0.0,-0.046562742828648356,7.008429232998555
0.77,0.0,-0.02,0.8963327994514808,0.0,-0.023281371414324178,6.97576373316537
0.77,0.0,0.0,0.8963327994514808,0.0,0.0,6.964771565210124
0.77,0.0,0.02,0.8963327994514808,0.0,0.023281371414324178,6.9757637331654605
0.77,0.0,0.04,0.8963327994514808,0.0,0.046562742828648356,7.008429232998454
0.77,0.0,0.06,0.8963327994514808,0.0,0.06984411424297253,7.061884636306595
0.77,0.0,0.08,0.8963327994514808,0.0,0.09312548565729671,7.134803354148356
0.77,0.02,-0.08,0.8963327994514808,0.023281371414324178,-0.09312548565729671,7.139784573394151
0.77,0.02,-0.06,0.8963327994514808,0.023281371414324178,-0.06984411424297253,7.069350211688881
0.77,0.02,-0.04,0.8963327994514808,0.023281371414324178,-0.046562742828648356,7.017803406278287
0.77,0.02,-0.02,0.8963327994514808,0.023281371414324178,-0.023281371414324178,6.986343213722134
0.77,0.02,0.0,0.8963327994514808,0.023281371414324178,0.0,6.975763733165397
0.77,0.02,0.02,0.8963327994514808,0.023281371414324178,0.023281371414324178,6.9863432137221615
0.77,0.02,0.04,0.8963327994514808,0.023281371414324178,0.046562742828648356,7.017803406278273
0.77,0.02,0.06,0.8963327994514808,0.023281371414324178,0.06984411424297253,7.069350211688881
0.77,0.02,0.08,0.8963327994514808,0.023281371414324178,0.09312548565729671,7.139784573394097
0.77,0.04,-0.08,0.8963327994514808,0.046562742828648356,-0.09312548565729671,7.1550549188818415
0.77,0.04,-0.06,0.8963327994514808,0.046562742828648356,-0.06984411424297253,7.091763718171147
0.77,0.04,-0.04,0.8963327994514808,0.046562742828648356,-0.046562742828648356,7.045750607216406
0.77,0.04,-0.02,0.8963327994514808,0.046562742828648356,-0.023281371414324178,7.017803406278358
0.77,0.04,0.0,0.8963327994514808,0.046562742828648356,0.0,7.008429232998468
0.77,0.04,0.02,0.8963327994514808,0.046562742828648356,0.023281371414324178,7.017803406278266
0.77,0.04,0.04,0.8963327994514808,0.046562742828648356,0.046562742828648356,7.0457506072163785
0.77,0.04,0.06,0.8963327994514808,0.046562742828648356,0.06984411424297253,7.091763718171105
0.77,0.04,0.08,0.8963327994514808,0.046562742828648356,0.09312548565729671,7.155054918881882
0.77,0.06,-0.08,0.8963327994514808,0.06984411424297253,-0.09312548565729671,7.18146414489342
0.77,0.06,-0.06,0.8963327994514808,0.06984411424297253,-0.06984411424297253,7.129147939575344
0.77,0.06,-0.04,0.8963327994514808,0.06984411424297253,-0.046562742828648356,7.091763718171073
0.77,0.06,-0.02,0.8963327994514808,0.06984411424297253,-0.023281371414324178,7.069350211688785
0.77,0.06,0.0,0.8963327994514808,0.06984411424297253,0.0,7.061884636306636
0.77,0.06,0.02,0.8963327994514808,0.06984411424297253,0.023281371414324178,7.06935021168884
0.77,0.06,0.04,0.8963327994514808,0.06984411424297253,0.046562742828648356,7.091763718171185
0.77,0.06,0.06,0.8963327994514808,0.06984411424297253,0.06984411424297253,7.129147939575326
0.77,0.06,0.08,0.8963327994514808,0.06984411424297253,0.09312548565729671,7.1814641448935275
0.77,0.08,-0.08,0.8963327994514808,0.09312548565729671,-0.09312548565729671,7.220077702669946
0.77,0.08,-0.06,0.8963327994514808,0.09312548565729671,-0.06984411424297253,7.181464144893508
0.77,0.08,-0.04,0.8963327994514808,0.09312548565729671,-0.046562742828648356,7.1550549188818175
0.77,0.08,-0.02,0.8963327994514808,0.09312548565729671,-0.023281371414324178,7.1397845733941425
0.77,0.08,0.0,0.8963327994514808,0.09312548565729671,0.0,7.1348033541484295
0.77,0.08,0.02,0.8963327994514808,0.09312548565729671,0.023281371414324178,7.139784573394187
0.77,0.08,0.04,0.8963327994514808,0.09312548565729671,0.046562742828648356,7.1550549188818575
0.77,0.08,0.06,0.8963327994514808,0.09312548565729671,0.06984411424297253,7.181464144893525
0.77,0.08,0.08,0.8963327994514808,0.09312548565729671,0.09312548565729671,7.220077702669991
0.79,-0.08,-0.08,0.919614170865805,-0.09312548565729671,-0.09312548565729671,7.198701563201607
0.79,-0.08,-0.06,0.919614170865805,-0.09312548565729671,-0.06984411424297253,7.162681107222038
0.79,-0.08,-0.04,0.919614170865805,-0.09312548565729671,-0.046562742828648356,7.1385524780869565
0.79,-0.08,-0.02,0.919614170865805,-0.09312548565729671,-0.023281371414324178,7.124872166998706
0.79,-0.08,0.0,0.919614170865805,-0.09312548565729671,0.0,7.120464475393665
0.79,-0.08,0.02,0.919614170865805,-0.09312548565729671,0.023281371414324178,7.1248721669987605
0.79,-0.08,0.04,0.919614170865805,-0.09312548565729671,0.046562742828648356,7.138552478087014
0.79,-0.08,0.06,0.919614170865805,-0.09312548565729671,0.06984411424297253,7.162681107222128
0.79,-0.08,0.08,0.919614170865805,-0.09312548565729671,0.09312548565729671,7.198701563201637
0.79,-0.06,-0.08,0.919614170865805,-0.06984411424297253,-0.09312548565729671,7.162681107222014
0.79,-0.06,-0.06,0.919614170865805,-0.06984411424297253,-0.06984411424297253,7.112208990611135
0.79,-0.06,-0.04,0.919614170865805,-0.06984411424297253,-0.046562742828648356,7.07635963626403
0.79,-0.06,-0.02,0.919614170865805,-0.06984411424297253,-0.023281371414324178,7.054970625609354
0.79,-0.06,0.0,0.919614170865805,-0.06984411424297253,0.0,7.047865941820574
0.79,-0.06,0.02,0.919614170865805,-0.06984411424297253,0.023281371414324178,7.054970625609468
0.79,-0.06,0.04,0.919614170865805,-0.06984411424297253,0.046562742828648356,7.076359636264008
0.79,-0.06,0.06,0.919614170865805,-0.06984411424297253,0.06984411424297253,7.112208990611172
0.79,-0.06,0.08,0.919614170865805,-0.06984411424297253,0.09312548565729671,7.162681107222077
0.79,-0.04,-0.08,0.919614170865805,-0.046562742828648356,-0.09312548565729671,7.138552478087014
0.79,-0.04,-0.06,0.919614170865805,-0.046562742828648356,-0.06984411424297253,7.0763596362640335
0.79,-0.04,-0.04,0.919614170865805,-0.046562742828648356,-0.046562742828648356,7.031223470535392
0.79,-0.04,-0.02,0.919614170865805,-0.046562742828648356,-0.023281371414324178,7.003843923096736
0.79,-0.04,0.0,0.919614170865805,-0.046562742828648356,0.0,6.994666499622567
0.79,-0.04,0.02,0.919614170865805,-0.046562742828648356,0.023281371414324178,7.003843923096792
0.79,-0.04,0.04,0.919614170865805,-0.046562742828648356,0.046562742828648356,7.031223470535407
0.79,-0.04,0.06,0.919614170865805,-0.046562742828648356,0.06984411424297253,7.076359636263965
0.79,-0.04,0.08,0.919614170865805,-0.046562742828648356,0.09312548565729671,7.138552478086982
0.79,-0.02,-0.08,0.919614170865805,-0.023281371414324178,-0.09312548565729671,7.124872166998706
0.79,-0.02,-0.06,0.919614170865805,-0.023281371414324178,-0.06984411424297253,7.054970625609418
0.79,-0.02,-0.04,0.919614170865805,-0.023281371414324178,-0.046562742828648356,7.003843923096723
0.79,-0.02,-0.02,0.919614170865805,-0.023281371414324178,-0.023281371414324178,6.972653611961349
0.79,-0.02,0.0,0.919614170865805,-0.023281371414324178,0.0,6.9621672582692264
0.79,-0.02,0.02,0.919614170865805,-0.023281371414324178,0.023281371414324178,6.972653611961372
0.79,-0.02,0.04,0.919614170865805,-0.023281371414324178,0.046562742828648356,7.003843923096604
0.79,-0.02,0.06,0.919614170865805,-0.023281371414324178,0.06984411424297253,7.054970625609431
0.79,-0.02,0.08,0.919614170865805,-0.023281371414324178,0.09312548565729671,7.124872166998631
0.79,0.0,-0.08,0.919614170865805,0.0,-0.09312548565729671,7.120464475393673
0.79,0.0,-0.06,0.919614170865805,0.0,-0.06984411424297253,7.0478659418206
0.79,0.0,-0.04,0.919614170865805,0.0,-0.046562742828648356,6.994666499622485
0.79,0.0,-0.02,0.919614170865805,0.0,-0.023281371414324178,6.962167258269153
0.79,0.0,0.0,0.919614170865805,0.0,0.0,6.951232884010732
0.79,0.0,0.02,0.919614170865805,0.0,0.023281371414324178,6.962167258269222
0.79,0.0,0.04,0.919614170865805,0.0,0.046562742828648356,6.99466649962253
0.79,0.0,0.06,0.919614170865805,0.0,0.06984411424297253,7.047865941820591
0.79,0.0,0.08,0.919614170865805,0.0,0.09312548565729671,7.120464475393635
0.79,0.02,-0.08,0.919614170865805,0.023281371414324178,-0.09312548565729671,7.124872166998655
0.79,0.02,-0.06,0.919614170865805,0.023281371414324178,-0.06984411424297253,7.0549706256093465
0.79,0.02,-0.04,0.919614170865805,0.023281371414324178,-0.046562742828648356,7.003843923096727
0.79,0.02,-0.02,0.919614170865805,0.023281371414324178,-0.023281371414324178,6.972653611961349
0.79,0.02,0.0,0.919614170865805,0.023281371414324178,0.0,6.962167258269249
0.79,0.02,0.02,0.919614170865805,0.023281371414324178,0.023281371414324178,6.972653611961377
0.79,0.02,0.04,0.919614170865805,0.023281371414324178,0.046562742828648356,7.003843923096662
0.79,0.02,0.06,0.919614170865805,0.023281371414324178,0.06984411424297253,7.0549706256093465
0.79,0.02,0.08,0.919614170865805,0.023281371414324178,0.09312548565729671,7.124872166998703
0.79,0.04,-0.08,0.919614170865805,0.046562742828648356,-0.09312548565729671,7.138552478087038
0.79,0.04,-0.06,0.919614170865805,0.046562742828648356,-0.06984411424297253,7.076359636263994
0.79,0.04,-0.04,0.919614170865805,0.046562742828648356,-0.046562742828648356,7.031223470535465
0.79,0.04,-0.02,0.919614170865805,0.046562742828648356,-0.023281371414324178,7.003843923096678
0.79,0.04,0.0,0.919614170865805,0.046562742828648356,0.0,6.994666499622454
0.79,0.04,0.02,0.919614170865805,0.046562742828648356,0.023281371414324178,7.0038439230966425
0.79,0.04,0.04,0.919614170865805,0.046562742828648356,0.046562742828648356,7.031223470535489
0.79,0.04,0.06,0.919614170865805,0.046562742828648356,0.06984411424297253,7.076359636264075
0.79,0.04,0.08,0.919614170865805,0.046562742828648356,0.09312548565729671,7.138552478087
0.79,0.06,-0.08,0.919614170865805,0.06984411424297253,-0.09312548565729671,7.162681107222079
0.79,0.06,-0.06,0.919614170865805,0.06984411424297253,-0.06984411424297253,7.112208990611152
0.79,0.06,-0.04,0.919614170865805,0.06984411424297253,-0.046562742828648356,7.076359636264017
0.79,0.06,-0.02,0.919614170865805,0.06984411424297253,-0.023281371414324178,7.054970625609392
0.79,0.06,0.0,0.919614170865805,0.06984411424297253,0.0,7.047865941820641
0.79,0.06,0.02,0.919614170865805,0.06984411424297253,0.023281371414324178,7.054970625609401
0.79,0.06,0.04,0.919614170865805,0.06984411424297253,0.046562742828648356,7.076359636263989
0.79,0.06,0.06,0.919614170865805,0.06984411424297253,0.06984411424297253,7.112208990611127
0.79,0.06,0.08,0.919614170865805,0.06984411424297253,0.09312548565729671,7.162681107222094
0.79,0.08,-0.08,0.919614170865805,0.09312548565729671,-0.09312548565729671,7.198701563201637
0.79,0.08,-0.06,0.919614170865805,0.09312548565729671,-0.06984411424297253,7.162681107222145
0.79,0.08,-0.04,0.919614170865805,0.09312548565729671,-0.046562742828648356,7.13855247808703
0.79,0.08,-0.02,0.919614170865805,0.09312548565729671,-0.023281371414324178,7.124872166998676
0.79,0.08,0.0,0.919614170865805,0.09312548565729671,0.0,7.120464475393632
0.79,0.08,0.02,0.919614170865805,0.09312548565729671,0.023281371414324178,7.124872166998625
0.79,0.08,0.04,0.919614170865805,0.09312548565729671,0.046562742828648356,7.138552478086941
0.79,0.08,0.06,0.919614170865805,0.09312548565729671,0.06984411424297253,7.162681107222027
0.79,0.08,0.08,0.919614170865805,0.09312548565729671,0.09312548565729671,7.198701563201703
0.81,-0.08,-0.08,0.9428955422801292,-0.09312548565729671,-0.09312548565729671,7.180461830839848
0.81,-0.08,-0.06,0.9428955422801292,-0.09312548565729671,-0.06984411424297253,7.147291140605996
0.81,-0.08,-0.04,0.9428955422801292,-0.09312548565729671,-0.046562742828648356,7.125742587123332
0.81,-0.08,-0.02,0.9428955422801292,-0.09312548565729671,-0.023281371414324178,7.113906105852319
0.81,-0.08,0.0,0.9428955422801292,-0.09312548565729671,0.0,7.1101737305456245
0.81,-0.08,0.02,0.9428955422801292,-0.09312548565729671,0.023281371414324178,7.113906105852284
0.81,-0.08,0.04,0.9428955422801292,-0.09312548565729671,0.046562742828648356,7.125742587123281
0.81,-0.08,0.06,0.9428955422801292,-0.09312548565729671,0.06984411424297253,7.147291140606057
0.81,-0.08,0.08,0.9428955422801292,-0.09312548565729671,0.09312548565729671,7.180461830839793
0.81,-0.06,-0.08,0.9428955422801292,-0.06984411424297253,-0.09312548565729671,7.147291140606062
0.81,-0.06,-0.06,0.9428955422801292,-0.06984411424297253,-0.06984411424297253,7.098897514025176
0.81,-0.06,-0.04,0.9428955422801292,-0.06984411424297253,-0.046562742828648356,7.064809295653387
0.81,-0.06,-0.02,0.9428955422801292,-0.06984411424297253,-0.023281371414324178,7.044612533161897
0.81,-0.06,0.0,0.9428955422801292,-0.06984411424297253,0.0,7.037930806824649
0.81,-0.06,0.02,0.9428955422801292,-0.06984411424297253,0.023281371414324178,7.044612533161879
0.81,-0.06,0.04,0.9428955422801292,-0.06984411424297253,0.046562742828648356,7.064809295653376
0.81,-0.06,0.06,0.9428955422801292,-0.06984411424297253,0.06984411424297253,7.098897514025179
0.81,-0.06,0.08,0.9428955422801292,-0.06984411424297253,0.09312548565729671,7.147291140606059
0.81,-0.04,-0.08,0.9428955422801292,-0.046562742828648356,-0.09312548565729671,7.1257425871233195
0.81,-0.04,-0.06,0.9428955422801292,-0.046562742828648356,-0.06984411424297253,7.064809295653356
0.81,-0.04,-0.04,0.9428955422801292,-0.046562742828648356,-0.046562742828648356,7.020684718190842
0.81,-0.04,-0.02,0.9428955422801292,-0.046562742828648356,-0.023281371414324178,6.993963479721177
0.81,-0.04,0.0,0.9428955422801292,-0.046562742828648356,0.0,6.985014709147448
0.81,-0.04,0.02,0.9428955422801292,-0.046562742828648356,0.023281371414324178,6.993963479721292
0.81,-0.04,0.04,0.9428955422801292,-0.046562742828648356,0.046562742828648356,7.020684718190839
0.81,-0.04,0.06,0.9428955422801292,-0.046562742828648356,0.06984411424297253,7.064809295653337
0.81,-0.04,0.08,0.9428955422801292,-0.046562742828648356,0.09312548565729671,7.125742587123322
0.81,-0.02,-0.08,0.9428955422801292,-0.023281371414324178,-0.09312548565729671,7.113906105852331
0.81,-0.02,-0.06,0.9428955422801292,-0.023281371414324178,-0.06984411424297253,7.044612533161906
0.81,-0.02,-0.04,0.9428955422801292,-0.023281371414324178,-0.046562742828648356,6.993963479721204
0.81,-0.02,-0.02,0.9428955422801292,-0.023281371414324178,-0.023281371414324178,6.963079241928444
0.81,-0.02,0.0,0.9428955422801292,-0.023281371414324178,0.0,6.952698427928224
0.81,-0.02,0.02,0.9428955422801292,-0.023281371414324178,0.023281371414324178,6.9630792419284
0.81,-0.02,0.04,0.9428955422801292,-0.023281371414324178,0.046562742828648356,6.993963479721201
0.81,-0.02,0.06,0.9428955422801292,-0.023281371414324178,0.06984411424297253,7.044612533161906
0.81,-0.02,0.08,0.9428955422801292,-0.023281371414324178,0.09312548565729671,7.113906105852345
0.81,0.0,-0.08,0.9428955422801292,0.0,-0.09312548565729671,7.110173730545557
0.81,0.0,-0.06,0.9428955422801292,0.0,-0.06984411424297253,7.037930806824669
0.81,0.0,-0.04,0.9428955422801292,0.0,-0.046562742828648356,6.985014709147483
0.81,0.0,-0.02,0.9428955422801292,0.0,-0.023281371414324178,6.952698427928179
0.81,0.0,0.0,0.9428955422801292,0.0,0.0,6.941827469474927
0.81,0.0,0.02,0.9428955422801292,0.0,0.023281371414324178,6.952698427928262
0.81,0.0,0.04,0.9428955422801292,0.0,0.046562742828648356,6.985014709147437
0.81,0.0,0.06,0.9428955422801292,0.0,0.06984411424297253,7.037930806824611
0.81,0.0,0.08,0.9428955422801292,0.0,0.09312548565729671,7.110173730545573
0.81,0.02,-0.08,0.9428955422801292,0.023281371414324178,-0.09312548565729671,7.113906105852377
0.81,0.02,-0.06,0.9428955422801292,0.023281371414324178,-0.06984411424297253,7.044612533161974
0.81,0.02,-0.04,0.9428955422801292,0.023281371414324178,-0.046562742828648356,6.993963479721204
0.81,0.02,-0.02,0.9428955422801292,0.023281371414324178,-0.023281371414324178,6.963079241928444
0.81,0.02,0.0,0.9428955422801292,0.023281371414324178,0.0,6.952698427928238
0.81,0.02,0.02,0.9428955422801292,0.023281371414324178,0.023281371414324178,6.963079241928459
0.81,0.02,0.04,0.9428955422801292,0.023281371414324178,0.046562742828648356,6.993963479721238
0.81,0.02,0.06,0.9428955422801292,0.023281371414324178,0.06984411424297253,7.044612533161914
0.81,0.02,0.08,0.9428955422801292,0.023281371414324178,0.09312548565729671,7.113906105852322
0.81,0.04,-0.08,0.9428955422801292,0.046562742828648356,-0.09312548565729671,7.125742587123238
0.81,0.04,-0.06,0.9428955422801292,0.046562742828648356,-0.06984411424297253,7.06480929565338
0.81,0.04,-0.04,0.9428955422801292,0.046562742828648356,-0.046562742828648356,7.020684718190844
0.81,0.04,-0.02,0.9428955422801292,0.046562742828648356,-0.023281371414324178,6.993963479721171
0.81,0.04,0.0,0.9428955422801292,0.046562742828648356,0.0,6.985014709147495
0.81,0.04,0.02,0.9428955422801292,0.046562742828648356,0.023281371414324178,6.993963479721248
0.81,0.04,0.04,0.9428955422801292,0.046562742828648356,0.046562742828648356,7.020684718190773
0.81,0.04,0.06,0.9428955422801292,0.046562742828648356,0.06984411424297253,7.0648092956532915
0.81,0.04,0.08,0.9428955422801292,0.046562742828648356,0.09312548565729671,7.125742587123393
0.81,0.06,-0.08,0.9428955422801292,0.06984411424297253,-0.09312548565729671,7.147291140606076
0.81,0.06,-0.06,0.9428955422801292,0.06984411424297253,-0.06984411424297253,7.098897514025127
0.81,0.06,-0.04,0.9428955422801292,0.06984411424297253,-0.046562742828648356,7.064809295653241
0.81,0.06,-0.02,0.9428955422801292,0.06984411424297253,-0.023281371414324178,7.044612533161968
0.81,0.06,0.0,0.9428955422801292,0.06984411424297253,0.0,7.037930806824685
0.81,0.06,0.02,0.9428955422801292,0.06984411424297253,0.023281371414324178,7.044612533161981
0.81,0.06,0.04,0.9428955422801292,0.06984411424297253,0.046562742828648356,7.0648092956533315
0.81,0.06,0.06,0.9428955422801292,0.06984411424297253,0.06984411424297253,7.098897514025159
0.81,0.06,0.08,0.9428955422801292,0.06984411424297253,0.09312548565729671,7.147291140606002
0.81,0.08,-0.08,0.9428955422801292,0.09312548565729671,-0.09312548565729671,7.180461830839908
0.81,0.08,-0.06,0.9428955422801292,0.09312548565729671,-0.06984411424297253,7.147291140605951
0.81,0.08,-0.04,0.9428955422801292,0.09312548565729671,-0.046562742828648356,7.125742587123292
0.81,0.08,-0.02,0.9428955422801292,0.09312548565729671,-0.023281371414324178,7.113906105852282
0.81,0.08,0.0,0.9428955422801292,0.09312548565729671,0.0,7.110173730545592
0.81,0.08,0.02,0.9428955422801292,0.09312548565729671,0.023281371414324178,7.11390610585242
0.81,0.08,0.04,0.9428955422801292,0.09312548565729671,0.046562742828648356,7.125742587123333
0.81,0.08,0.06,0.9428955422801292,0.09312548565729671,0.06984411424297253,7.147291140606032
0.81,0.08,0.08,0.9428955422801292,0.09312548565729671,0.09312548565729671,7.1804618308397785
0.83,-0.08,-0.08,0.9661769136944532,-0.09312548565729671,-0.09312548565729671,7.165257011930891
0.83,-0.08,-0.06,0.9661769136944532,-0.09312548565729671,-0.06984411424297253,7.135210278926724
0.83,-0.08,-0.04,0.9661769136944532,-0.09312548565729671,-0.046562742828648356,7.116595188539942
0.83,-0.08,-0.02,0.9661769136944532,-0.09312548565729671,-0.023281371414324178,7.106925110467226
0.83,-0.08,0.0,0.9661769136944532,-0.09312548565729671,0.0,7.104001594527825
0.83,-0.08,0.02,0.9661769136944532,-0.09312548565729671,0.023281371414324178,7.1069251104672695
0.83,-0.08,0.04,0.9661769136944532,-0.09312548565729671,0.046562742828648356,7.116595188540024
0.83,-0.08,0.06,0.9661769136944532,-0.09312548565729671,0.06984411424297253,7.135210278926711
0.83,-0.08,0.08,0.9661769136944532,-0.09312548565729671,0.09312548565729671,7.16525701193082
0.83,-0.06,-0.08,0.9661769136944532,-0.06984411424297253,-0.09312548565729671,7.13521027892667
0.83,-0.06,-0.06,0.9661769136944532,-0.06984411424297253,-0.06984411424297253,7.089165448741647
0.83,-0.06,-0.04,0.9661769136944532,-0.06984411424297253,-0.046562742828648356,7.05711607336751
0.83,-0.06,-0.02,0.9661769136944532,-0.06984411424297253,-0.023281371414324178,7.03832677594437
0.83,-0.06,0.0,0.9661769136944532,-0.06984411424297253,0.0,7.03215016677644
0.83,-0.06,0.02,0.9661769136944532,-0.06984411424297253,0.023281371414324178,7.038326775944333
0.83,-0.06,0.04,0.9661769136944532,-0.06984411424297253,0.046562742828648356,7.057116073367361
0.83,-0.06,0.06,0.9661769136944532,-0.06984411424297253,0.06984411424297253,7.089165448741686
0.83,-0.06,0.08,0.9661769136944532,-0.06984411424297253,0.09312548565729671,7.135210278926618
0.83,-0.04,-0.08,0.9661769136944532,-0.046562742828648356,-0.09312548565729671,7.116595188539953
0.83,-0.04,-0.06,0.9661769136944532,-0.046562742828648356,-0.06984411424297253,7.0571160733674025
0.83,-0.04,-0.04,0.9661769136944532,-0.046562742828648356,-0.046562742828648356,7.01417131814905
0.83,-0.04,-0.02,0.9661769136944532,-0.046562742828648356,-0.023281371414324178,6.988223135792386
0.83,-0.04,0.0,0.9661769136944532,-0.046562742828648356,0.0,6.9795441207875575
0.83,-0.04,0.02,0.9661769136944532,-0.046562742828648356,0.023281371414324178,6.98822313579246
0.83,-0.04,0.04,0.9661769136944532,-0.046562742828648356,0.046562742828648356,7.014171318149081
0.83,-0.04,0.06,0.9661769136944532,-0.046562742828648356,0.06984411424297253,7.057116073367355
0.83,-0.04,0.08,0.9661769136944532,-0.046562742828648356,0.09312548565729671,7.116595188539986
0.83,-0.02,-0.08,0.9661769136944532,-0.023281371414324178,-0.09312548565729671,7.106925110467201
0.83,-0.02,-0.06,0.9661769136944532,-0.023281371414324178,-0.06984411424297253,7.03832677594437
0.83,-0.02,-0.04,0.9661769136944532,-0.023281371414324178,-0.046562742828648356,6.988223135792446
0.83,-0.02,-0.02,0.9661769136944532,-0.023281371414324178,-0.023281371414324178,6.957688236118023
0.83,-0.02,0.0,0.9661769136944532,-0.023281371414324178,0.0,6.947427656118928
0.83,-0.02,0.02,0.9661769136944532,-0.023281371414324178,0.023281371414324178,6.957688236118064
0.83,-0.02,0.04,0.9661769136944532,-0.023281371414324178,0.046562742828648356,6.98822313579245
0.83,-0.02,0.06,0.9661769136944532,-0.023281371414324178,0.06984411424297253,7.038326775944303
0.83,-0.02,0.08,0.9661769136944532,-0.023281371414324178,0.09312548565729671,7.10692511046716
0.83,0.0,-0.08,0.9661769136944532,0.0,-0.09312548565729671,7.1040015945278085
0.83,0.0,-0.06,0.9661769136944532,0.0,-0.06984411424297253,7.032150166776371
0.83,0.0,-0.04,0.9661769136944532,0.0,-0.046562742828648356,6.979544120787606
0.83,0.0,-0.02,0.9661769136944532,0.0,-0.023281371414324178,6.9474276561188715
0.83,0.0,0.0,0.9661769136944532,0.0,0.0,6.936625228990412
0.83,0.0,0.02,0.9661769136944532,0.0,0.023281371414324178,6.947427656118885
0.83,0.0,0.04,0.9661769136944532,0.0,0.046562742828648356,6.979544120787579
0.83,0.0,0.06,0.9661769136944532,0.0,0.06984411424297253,7.032150166776345
0.83,0.0,0.08,0.9661769136944532,0.0,0.09312548565729671,7.104001594527846
0.83,0.02,-0.08,0.9661769136944532,0.023281371414324178,-0.09312548565729671,7.106925110467215
0.83,0.02,-0.06,0.9661769136944532,0.023281371414324178,-0.06984411424297253,7.038326775944301
0.83,0.02,-0.04,0.9661769136944532,0.023281371414324178,-0.046562742828648356,6.988223135792446
0.83,0.02,-0.02,0.9661769136944532,0.023281371414324178,-0.023281371414324178,6.957688236118023
0.83,0.02,0.0,0.9661769136944532,0.023281371414324178,0.0,6.947427656118915
0.83,0.02,0.02,0.9661769136944532,0.023281371414324178,0.023281371414324178,6.957688236118012
0.83,0.02,0.04,0.9661769136944532,0.023281371414324178,0.046562742828648356,6.9882231357923965
0.83,0.02,0.06,0.9661769136944532,0.023281371414324178,0.06984411424297253,7.038326775944333
0.83,0.02,0.08,0.9661769136944532,0.023281371414324178,0.09312548565729671,7.106925110467257
0.83,0.04,-0.08,0.9661769136944532,0.046562742828648356,-0.09312548565729671,7.116595188539953
0.83,0.04,-0.06,0.9661769136944532,0.046562742828648356,-0.06984411424297253,7.057116073367338
0.83,0.04,-0.04,0.9661769136944532,0.046562742828648356,-0.046562742828648356,7.014171318149081
0.83,0.04,-0.02,0.9661769136944532,0.046562742828648356,-0.023281371414324178,6.988223135792505
0.83,0.04,0.0,0.9661769136944532,0.046562742828648356,0.0,6.97954412078763
0.83,0.04,0.02,0.9661769136944532,0.046562742828648356,0.023281371414324178,6.98822313579249
0.83,0.04,0.04,0.9661769136944532,0.046562742828648356,0.046562742828648356,7.014171318149138
0.83,0.04,0.06,0.9661769136944532,0.046562742828648356,0.06984411424297253,7.057116073367348
0.83,0.04,0.08,0.9661769136944532,0.046562742828648356,0.09312548565729671,7.116595188539918
0.83,0.06,-0.08,0.9661769136944532,0.06984411424297253,-0.09312548565729671,7.135210278926661
0.83,0.06,-0.06,0.9661769136944532,0.06984411424297253,-0.06984411424297253,7.0891654487417375
0.83,0.06,-0.04,0.9661769136944532,0.06984411424297253,-0.046562742828648356,7.057116073367327
0.83,0.06,-0.02,0.9661769136944532,0.06984411424297253,-0.023281371414324178,7.038326775944404
0.83,0.06,0.0,0.9661769136944532,0.06984411424297253,0.0,7.032150166776508
0.83,0.06,0.02,0.9661769136944532,0.06984411424297253,0.023281371414324178,7.03832677594435
0.83,0.06,0.04,0.9661769136944532,0.06984411424297253,0.046562742828648356,7.057116073367316
0.83,0.06,0.06,0.9661769136944532,0.06984411424297253,0.06984411424297253,7.089165448741701
0.83,0.06,0.08,0.9661769136944532,0.06984411424297253,0.09312548565729671,7.135210278926773
0.83,0.08,-0.08,0.9661769136944532,0.09312548565729671,-0.09312548565729671,7.165257011930836
0.83,0.08,-0.06,0.9661769136944532,0.09312548565729671,-0.06984411424297253,7.13521027892661
0.83,0.08,-0.04,0.9661769136944532,0.09312548565729671,-0.046562742828648356,7.116595188540112
0.83,0.08,-0.02,0.9661769136944532,0.09312548565729671,-0.023281371414324178,7.10692511046716
0.83,0.08,0.0,0.9661769136944532,0.09312548565729671,0.0,7.104001594527785
0.83,0.08,0.02,0.9661769136944532,0.09312548565729671,0.023281371414324178,7.106925110467209
0.83,0.08,0.04,0.9661769136944532,0.09312548565729671,0.046562742828648356,7.116595188539987
0.83,0.08,0.06,0.9661769136944532,0.09312548565729671,0.06984411424297253,7.135210278926681
0.83,0.08,0.08,0.9661769136944532,0.09312548565729671,0.09312548565729671,7.165257011930861
0.85,-0.08,-0.08,0.9894582851087775,-0.09312548565729671,-0.09312548565729671,7.152942223864462
0.85,-0.08,-0.06,0.9894582851087775,-0.09312548565729671,-0.06984411424297253,7.126301067759448
0.85,-0.08,-0.04,0.9894582851087775,-0.09312548565729671,-0.046562742828648356,7.111035380557686
0.85,-0.08,-0.02,0.9894582851087775,-0.09312548565729671,-0.023281371414324178,7.103948596840615
0.85,-0.08,0.0,0.9894582851087775,-0.09312548565729671,0.0,7.10201674835287
0.85,-0.08,0.02,0.9894582851087775,-0.09312548565729671,0.023281371414324178,7.103948596840583
0.85,-0.08,0.04,0.9894582851087775,-0.09312548565729671,0.046562742828648356,7.111035380557716
0.85,-0.08,0.06,0.9894582851087775,-0.09312548565729671,0.06984411424297253,7.126301067759366
0.85,-0.08,0.08,0.9894582851087775,-0.09312548565729671,0.09312548565729671,7.152942223864396
0.85,-0.06,-0.08,0.9894582851087775,-0.06984411424297253,-0.09312548565729671,7.12630106775944
0.85,-0.06,-0.06,0.9894582851087775,-0.06984411424297253,-0.06984411424297253,7.082915289580039
0.85,-0.06,-0.04,0.9894582851087775,-0.06984411424297253,-0.046562742828648356,7.053250399192623
0.85,-0.06,-0.02,0.9894582851087775,-0.06984411424297253,-0.023281371414324178,7.036152524337059
0.85,-0.06,0.0,0.9894582851087775,-0.06984411424297253,0.0,7.030592397142077
0.85,-0.06,0.02,0.9894582851087775,-0.06984411424297253,0.023281371414324178,7.036152524337048
0.85,-0.06,0.04,0.9894582851087775,-0.06984411424297253,0.046562742828648356,7.0532503991926205
0.85,-0.06,0.06,0.9894582851087775,-0.06984411424297253,0.06984411424297253,7.082915289580057
0.85,-0.06,0.08,0.9894582851087775,-0.06984411424297253,0.09312548565729671,7.126301067759358
0.85,-0.04,-0.08,0.9894582851087775,-0.046562742828648356,-0.09312548565729671,7.111035380557703
0.85,-0.04,-0.06,0.9894582851087775,-0.046562742828648356,-0.06984411424297253,7.053250399192602
0.85,-0.04,-0.04,0.9894582851087775,-0.046562742828648356,-0.046562742828648356,7.011700943340703
0.85,-0.04,-0.02,0.9894582851087775,-0.046562742828648356,-0.023281371414324178,6.986677847862706
0.85,-0.04,0.0,0.9894582851087775,-0.046562742828648356,0.0,6.978323250530056
0.85,-0.04,0.02,0.9894582851087775,-0.046562742828648356,0.023281371414324178,6.986677847862749
0.85,-0.04,0.04,0.9894582851087775,-0.046562742828648356,0.046562742828648356,7.011700943340651
0.85,-0.04,0.06,0.9894582851087775,-0.046562742828648356,0.06984411424297253,7.053250399192623
0.85,-0.04,0.08,0.9894582851087775,-0.046562742828648356,0.09312548565729671,7.1110353805577615
0.85,-0.02,-0.08,0.9894582851087775,-0.023281371414324178,-0.09312548565729671,7.103948596840607
0.85,-0.02,-0.06,0.9894582851087775,-0.023281371414324178,-0.06984411424297253,7.036152524337059
0.85,-0.02,-0.04,0.9894582851087775,-0.023281371414324178,-0.046562742828648356,6.986677847862719
0.85,-0.02,-0.02,0.9894582851087775,-0.023281371414324178,-0.023281371414324178,6.956545368204139
0.85,-0.02,0.0,0.9894582851087775,-0.023281371414324178,0.0,6.946423457233958
0.85,-0.02,0.02,0.9894582851087775,-0.023281371414324178,0.023281371414324178,6.956545368204115
0.85,-0.02,0.04,0.9894582851087775,-0.023281371414324178,0.046562742828648356,6.986677847862675
0.85,-0.02,0.06,0.9894582851087775,-0.023281371414324178,0.06984411424297253,7.036152524337044
0.85,-0.02,0.08,0.9894582851087775,-0.023281371414324178,0.09312548565729671,7.103948596840637
0.85,0.0,-0.08,0.9894582851087775,0.0,-0.09312548565729671,7.102016748352866
0.85,0.0,-0.06,0.9894582851087775,0.0,-0.06984411424297253,7.030592397142068
0.85,0.0,-0.04,0.9894582851087775,0.0,-0.046562742828648356,6.978323250530052
0.85,0.0,-0.02,0.9894582851087775,0.0,-0.023281371414324178,6.946423457233889
0.85,0.0,0.0,0.9894582851087775,0.0,0.0,6.935696398965786
0.85,0.0,0.02,0.9894582851087775,0.0,0.023281371414324178,6.946423457233876
0.85,0.0,0.04,0.9894582851087775,0.0,0.046562742828648356,6.978323250530039
0.85,0.0,0.06,0.9894582851087775,0.0,0.06984411424297253,7.030592397142094
0.85,0.0,0.08,0.9894582851087775,0.0,0.09312548565729671,7.102016748352952
0.85,0.02,-0.08,0.9894582851087775,0.023281371414324178,-0.09312548565729671,7.103948596840561
0.85,0.02,-0.06,0.9894582851087775,0.023281371414324178,-0.06984411424297253,7.0361525243371155
0.85,0.02,-0.04,0.9894582851087775,0.023281371414324178,-0.046562742828648356,6.986677847862665
0.85,0.02,-0.02,0.9894582851087775,0.023281371414324178,-0.023281371414324178,6.956545368204118
0.85,0.02,0.0,0.9894582851087775,0.023281371414324178,0.0,6.946423457233917
0.85,0.02,0.02,0.9894582851087775,0.023281371414324178,0.023281371414324178,6.956545368204131
0.85,0.02,0.04,0.9894582851087775,0.023281371414324178,0.046562742828648356,6.986677847862792
0.85,0.02,0.06,0.9894582851087775,0.023281371414324178,0.06984411424297253,7.036152524337039
0.85,0.02,0.08,0.9894582851087775,0.023281371414324178,0.09312548565729671,7.103948596840669
0.85,0.04,-0.08,0.9894582851087775,0.046562742828648356,-0.09312548565729671,7.111035380557718
0.85,0.04,-0.06,0.9894582851087775,0.046562742828648356,-0.06984411424297253,7.053250399192629
0.85,0.04,-0.04,0.9894582851087775,0.046562742828648356,-0.046562742828648356,7.011700943340642
0.85,0.04,-0.02,0.9894582851087775,0.046562742828648356,-0.023281371414324178,6.986677847862686
0.85,0.04,0.0,0.9894582851087775,0.046562742828648356,0.0,6.978323250530045
0.85,0.04,0.02,0.9894582851087775,0.046562742828648356,0.023281371414324178,6.986677847862689
0.85,0.04,0.04,0.9894582851087775,0.046562742828648356,0.046562742828648356,7.011700943340656
0.85,0.04,0.06,0.9894582851087775,0.046562742828648356,0.06984411424297253,7.053250399192619
0.85,0.04,0.08,0.9894582851087775,0.046562742828648356,0.09312548565729671,7.111035380557707
0.85,0.06,-0.08,0.9894582851087775,0.06984411424297253,-0.09312548565729671,7.126301067759403
0.85,0.06,-0.06,0.9894582851087775,0.06984411424297253,-0.06984411424297253,7.08291528958008
0.85,0.06,-0.04,0.9894582851087775,0.06984411424297253,-0.046562742828648356,7.0532503991926205
0.85,0.06,-0.02,0.9894582851087775,0.06984411424297253,-0.023281371414324178,7.0361525243371235
0.85,0.06,0.0,0.9894582851087775,0.06984411424297253,0.0,7.030592397142166
0.85,0.06,0.02,0.9894582851087775,0.06984411424297253,0.023281371414324178,7.036152524337049
0.85,0.06,0.04,0.9894582851087775,0.06984411424297253,0.046562742828648356,7.053250399192593
0.85,0.06,0.06,0.9894582851087775,0.06984411424297253,0.06984411424297253,7.082915289580096
0.85,0.06,0.08,0.9894582851087775,0.06984411424297253,0.09312548565729671,7.126301067759455
0.85,0.08,-0.08,0.9894582851087775,0.09312548565729671,-0.09312548565729671,7.152942223864437
0.85,0.08,-0.06,0.9894582851087775,0.09312548565729671,-0.06984411424297253,7.126301067759427
0.85,0.08,-0.04,0.9894582851087775,0.09312548565729671,-0.046562742828648356,7.111035380557744
0.85,0.08,-0.02,0.9894582851087775,0.09312548565729671,-0.023281371414324178,7.103948596840611
0.85,0.08,0.0,0.9894582851087775,0.09312548565729671,0.0,7.10201674835292
0.85,0.08,0.02,0.9894582851087775,0.09312548565729671,0.023281371414324178,7.103948596840602
0.85,0.08,0.04,0.9894582851087775,0.09312548565729671,0.046562742828648356,7.111035380557735
0.85,0.08,0.06,0.9894582851087775,0.09312548565729671,0.06984411424297253,7.126301067759467
0.85,0.08,0.08,0.9894582851087775,0.09312548565729671,0.09312548565729671,7.152942223864467
0.87,-0.08,-0.08,1.0127396565231017,-0.09312548565729671,-0.09312548565729671,7.1433186252705285
0.87,-0.08,-0.06,1.0127396565231017,-0.09312548565729671,-0.06984411424297253,7.120353475951103
0.87,-0.08,-0.04,1.0127396565231017,-0.09312548565729671,-0.046562742828648356,7.108919499487801
0.87,-0.08,-0.02,1.0127396565231017,-0.09312548565729671,-0.023281371414324178,7.104967259650672
0.87,-0.08,0.0,1.0127396565231017,-0.09312548565729671,0.0,7.104286906248962
0.87,-0.08,0.02,1.0127396565231017,-0.09312548565729671,0.023281371414324178,7.10496725965065
0.87,-0.08,0.04,1.0127396565231017,-0.09312548565729671,0.046562742828648356,7.108919499487784
0.87,-0.08,0.06,1.0127396565231017,-0.09312548565729671,0.06984411424297253,7.120353475951031
0.87,-0.08,0.08,1.0127396565231017,-0.09312548565729671,0.09312548565729671,7.143318625270528
0.87,-0.06,-0.08,1.0127396565231017,-0.06984411424297253,-0.09312548565729671,7.120353475951036
0.87,-0.06,-0.06,1.0127396565231017,-0.06984411424297253,-0.06984411424297253,7.079976224067057
0.87,-0.06,-0.04,1.0127396565231017,-0.06984411424297253,-0.046562742828648356,7.0531291454288665
0.87,-0.06,-0.02,1.0127396565231017,-0.06984411424297253,-0.023281371414324178,7.038109451889772
0.87,-0.06,0.0,1.0127396565231017,-0.06984411424297253,0.0,7.033325204684797
0.87,-0.06,0.02,1.0127396565231017,-0.06984411424297253,0.023281371414324178,7.038109451889765
0.87,-0.06,0.04,1.0127396565231017,-0.06984411424297253,0.046562742828648356,7.053129145428894
0.87,-0.06,0.06,1.0127396565231017,-0.06984411424297253,0.06984411424297253,7.079976224067066
0.87,-0.06,0.08,1.0127396565231017,-0.06984411424297253,0.09312548565729671,7.1203534759510765
0.87,-0.04,-0.08,1.0127396565231017,-0.046562742828648356,-0.09312548565729671,7.108919499487808
0.87,-0.04,-0.06,1.0127396565231017,-0.046562742828648356,-0.06984411424297253,7.053129145428849
0.87,-0.04,-0.04,1.0127396565231017,-0.046562742828648356,-0.046562742828648356,7.013260639689272
0.87,-0.04,-0.02,1.0127396565231017,-0.046562742828648356,-0.023281371414324178,6.989371866216962
0.87,-0.04,0.0,1.0127396565231017,-0.046562742828648356,0.0,6.981419359692265
0.87,-0.04,0.02,1.0127396565231017,-0.046562742828648356,0.023281371414324178,6.989371866216948
0.87,-0.04,0.04,1.0127396565231017,-0.046562742828648356,0.046562742828648356,7.013260639689256
0.87,-0.04,0.06,1.0127396565231017,-0.046562742828648356,0.06984411424297253,7.053129145428849
0.87,-0.04,0.08,1.0127396565231017,-0.046562742828648356,0.09312548565729671,7.108919499487773
0.87,-0.02,-0.08,1.0127396565231017,-0.023281371414324178,-0.09312548565729671,7.104967259650659
0.87,-0.02,-0.06,1.0127396565231017,-0.023281371414324178,-0.06984411424297253,7.03810945188978
0.87,-0.02,-0.04,1.0127396565231017,-0.023281371414324178,-0.046562742828648356,6.989371866216948
0.87,-0.02,-0.02,1.0127396565231017,-0.023281371414324178,-0.023281371414324178,6.9597116645596735
0.87,-0.02,0.0,1.0127396565231017,-0.023281371414324178,0.0,6.949752522972175
0.87,-0.02,0.02,1.0127396565231017,-0.023281371414324178,0.023281371414324178,6.959711664559657
0.87,-0.02,0.04,1.0127396565231017,-0.023281371414324178,0.046562742828648356,6.989371866216962
0.87,-0.02,0.06,1.0127396565231017,-0.023281371414324178,0.06984411424297253,7.038109451889805
0.87,-0.02,0.08,1.0127396565231017,-0.023281371414324178,0.09312548565729671,7.104967259650648
0.87,0.0,-0.08,1.0127396565231017,0.0,-0.09312548565729671,7.1042869062489515
0.87,0.0,-0.06,1.0127396565231017,0.0,-0.06984411424297253,7.033325204684799
0.87,0.0,-0.04,1.0127396565231017,0.0,-0.046562742828648356,6.981419359692266
0.87,0.0,-0.02,1.0127396565231017,0.0,-0.023281371414324178,6.949752522972121
0.87,0.0,0.0,1.0127396565231017,0.0,0.0,6.939105686981585
0.87,0.0,0.02,1.0127396565231017,0.0,0.023281371414324178,6.9497525229721475
0.87,0.0,0.04,1.0127396565231017,0.0,0.046562742828648356,6.981419359692286
0.87,0.0,0.06,1.0127396565231017,0.0,0.06984411424297253,7.03332520468481
0.87,0.0,0.08,1.0127396565231017,0.0,0.09312548565729671,7.1042869062489755
0.87,0.02,-0.08,1.0127396565231017,0.023281371414324178,-0.09312548565729671,7.104967259650661
0.87,0.02,-0.06,1.0127396565231017,0.023281371414324178,-0.06984411424297253,7.03810945188978
0.87,0.02,-0.04,1.0127396565231017,0.023281371414324178,-0.046562742828648356,6.989371866216952
0.87,0.02,-0.02,1.0127396565231017,0.023281371414324178,-0.023281371414324178,6.959711664559702
0.87,0.02,0.0,1.0127396565231017,0.023281371414324178,0.0,6.949752522972151
0.87,0.02,0.02,1.0127396565231017,0.023281371414324178,0.023281371414324178,6.95971166455966
0.87,0.02,0.04,1.0127396565231017,0.023281371414324178,0.046562742828648356,6.989371866216942
0.87,0.02,0.06,1.0127396565231017,0.023281371414324178,0.06984411424297253,7.03810945188978
0.87,0.02,0.08,1.0127396565231017,0.023281371414324178,0.09312548565729671,7.10496725965065
0.87,0.04,-0.08,1.0127396565231017,0.046562742828648356,-0.09312548565729671,7.108919499487805
0.87,0.04,-0.06,1.0127396565231017,0.046562742828648356,-0.06984411424297253,7.053129145428875
0.87,0.04,-0.04,1.0127396565231017,0.046562742828648356,-0.046562742828648356,7.013260639689366
0.87,0.04,-0.02,1.0127396565231017,0.046562742828648356,-0.023281371414324178,6.9893718662169455
0.87,0.04,0.0,1.0127396565231017,0.046562742828648356,0.0,6.981419359692276
0.87,0.04,0.02,1.0127396565231017,0.046562742828648356,0.023281371414324178,6.989371866216948
0.87,0.04,0.04,1.0127396565231017,0.046562742828648356,0.046562742828648356,7.013260639689265
0.87,0.04,0.06,1.0127396565231017,0.046562742828648356,0.06984411424297253,7.053129145428856
0.87,0.04,0.08,1.0127396565231017,0.046562742828648356,0.09312548565729671,7.108919499487805
0.87,0.06,-0.08,1.0127396565231017,0.06984411424297253,-0.09312548565729671,7.120353475951036
0.87,0.06,-0.06,1.0127396565231017,0.06984411424297253,-0.06984411424297253,7.079976224067005
0.87,0.06,-0.04,1.0127396565231017,0.06984411424297253,-0.046562742828648356,7.053129145428865
0.87,0.06,-0.02,1.0127396565231017,0.06984411424297253,-0.023281371414324178,7.038109451889848
0.87,0.06,0.0,1.0127396565231017,0.06984411424297253,0.0,7.033325204684806
0.87,0.06,0.02,1.0127396565231017,0.06984411424297253,0.023281371414324178,7.038109451889783
0.87,0.06,0.04,1.0127396565231017,0.06984411424297253,0.046562742828648356,7.0531291454288665
0.87,0.06,0.06,1.0127396565231017,0.06984411424297253,0.06984411424297253,7.079976224067046
0.87,0.06,0.08,1.0127396565231017,0.06984411424297253,0.09312548565729671,7.120353475951058
0.87,0.08,-0.08,1.0127396565231017,0.09312548565729671,-0.09312548565729671,7.143318625270515
0.87,0.08,-0.06,1.0127396565231017,0.09312548565729671,-0.06984411424297253,7.120353475951046
0.87,0.08,-0.04,1.0127396565231017,0.09312548565729671,-0.046562742828648356,7.108919499487803
0.87,0.08,-0.02,1.0127396565231017,0.09312548565729671,-0.023281371414324178,7.104967259650648
0.87,0.08,0.0,1.0127396565231017,0.09312548565729671,0.0,7.104286906248968
0.87,0.08,0.02,1.0127396565231017,0.09312548565729671,0.023281371414324178,7.104967259650648
0.87,0.08,0.04,1.0127396565231017,0.09312548565729671,0.046562742828648356,7.1089194994877944
0.87,0.08,0.06,1.0127396565231017,0.09312548565729671,0.06984411424297253,7.120353475951107
0.87,0.08,0.08,1.0127396565231017,0.09312548565729671,0.09312548565729671,7.143318625270511
0.89,-0.08,-0.08,1.036021027937426,-0.09312548565729671,-0.09312548565729671,7.1361304175218025
0.89,-0.08,-0.06,1.036021027937426,-0.09312548565729671,-0.06984411424297253,7.117062985346678
0.89,-0.08,-0.04,1.036021027937426,-0.09312548565729671,-0.046562742828648356,7.109997994123219
0.89,-0.08,-0.02,1.036021027937426,-0.09312548565729671,-0.023281371414324178,7.109919037708466
0.89,-0.08,0.0,1.036021027937426,-0.09312548565729671,0.0,7.110877360061487
0.89,-0.08,0.02,1.036021027937426,-0.09312548565729671,0.023281371414324178,7.109919037708493
0.89,-0.08,0.04,1.036021027937426,-0.09312548565729671,0.046562742828648356,7.10999799412318
0.89,-0.08,0.06,1.036021027937426,-0.09312548565729671,0.06984411424297253,7.117062985346742
0.89,-0.08,0.08,1.036021027937426,-0.09312548565729671,0.09312548565729671,7.136130417521792
0.89,-0.06,-0.08,1.036021027937426,-0.06984411424297253,-0.09312548565729671,7.117062985346708
0.89,-0.06,-0.06,1.036021027937426,-0.06984411424297253,-0.06984411424297253,7.080066830347358
0.89,-0.06,-0.04,1.036021027937426,-0.06984411424297253,-0.046562742828648356,7.05658072885101
0.89,-0.06,-0.02,1.036021027937426,-0.06984411424297253,-0.023281371414324178,7.044183364976473
0.89,-0.06,0.0,1.036021027937426,-0.06984411424297253,0.0,7.040413449670925
0.89,-0.06,0.02,1.036021027937426,-0.06984411424297253,0.023281371414324178,7.044183364976495
0.89,-0.06,0.04,1.036021027937426,-0.06984411424297253,0.046562742828648356,7.0565807288510465
0.89,-0.06,0.06,1.036021027937426,-0.06984411424297253,0.06984411424297253,7.080066830347322
0.89,-0.06,0.08,1.036021027937426,-0.06984411424297253,0.09312548565729671,7.117062985346654
0.89,-0.04,-0.08,1.036021027937426,-0.046562742828648356,-0.09312548565729671,7.109997994123139
0.89,-0.04,-0.06,1.036021027937426,-0.046562742828648356,-0.06984411424297253,7.056580728851034
0.89,-0.04,-0.04,1.036021027937426,-0.046562742828648356,-0.046562742828648356,7.018782957012405
0.89,-0.04,-0.02,1.036021027937426,-0.046562742828648356,-0.023281371414324178,6.9963322143543385
0.89,-0.04,0.0,1.036021027937426,-0.046562742828648356,0.0,6.9888976105357115
0.89,-0.04,0.02,1.036021027937426,-0.046562742828648356,0.023281371414324178,6.996332214354345
0.89,-0.04,0.04,1.036021027937426,-0.046562742828648356,0.046562742828648356,7.01878295701238
0.89,-0.04,0.06,1.036021027937426,-0.046562742828648356,0.06984411424297253,7.056580728851007
0.89,-0.04,0.08,1.036021027937426,-0.046562742828648356,0.09312548565729671,7.109997994123176
0.89,-0.02,-0.08,1.036021027937426,-0.023281371414324178,-0.09312548565729671,7.109919037708426
0.89,-0.02,-0.06,1.036021027937426,-0.023281371414324178,-0.06984411424297253,7.0441833649764805
0.89,-0.02,-0.04,1.036021027937426,-0.023281371414324178,-0.046562742828648356,6.996332214354334
0.89,-0.02,-0.02,1.036021027937426,-0.023281371414324178,-0.023281371414324178,6.9672421065503585
0.89,-0.02,0.0,1.036021027937426,-0.023281371414324178,0.0,6.9574799639222356
0.89,-0.02,0.02,1.036021027937426,-0.023281371414324178,0.023281371414324178,6.967242106550375
0.89,-0.02,0.04,1.036021027937426,-0.023281371414324178,0.046562742828648356,6.996332214354347
0.89,-0.02,0.06,1.036021027937426,-0.023281371414324178,0.06984411424297253,7.044183364976511
0.89,-0.02,0.08,1.036021027937426,-0.023281371414324178,0.09312548565729671,7.109919037708466
0.89,0.0,-0.08,1.036021027937426,0.0,-0.09312548565729671,7.110877360061491
0.89,0.0,-0.06,1.036021027937426,0.0,-0.06984411424297253,7.040413449670963
0.89,0.0,-0.04,1.036021027937426,0.0,-0.046562742828648356,6.98889761053576
0.89,0.0,-0.02,1.036021027937426,0.0,-0.023281371414324178,6.957479963922255
0.89,0.0,0.0,1.036021027937426,0.0,0.0,6.94691894848743
0.89,0.0,0.02,1.036021027937426,0.0,0.023281371414324178,6.95747996392229
0.89,0.0,0.04,1.036021027937426,0.0,0.046562742828648356,6.9888976105357825
0.89,0.0,0.06,1.036021027937426,0.0,0.06984411424297253,7.040413449670961
0.89,0.0,0.08,1.036021027937426,0.0,0.09312548565729671,7.110877360061494
0.89,0.02,-0.08,1.036021027937426,0.023281371414324178,-0.09312548565729671,7.109919037708481
0.89,0.02,-0.06,1.036021027937426,0.023281371414324178,-0.06984411424297253,7.044183364976465
0.89,0.02,-0.04,1.036021027937426,0.023281371414324178,-0.046562742828648356,6.9963322143543385
0.89,0.02,-0.02,1.036021027937426,0.023281371414324178,-0.023281371414324178,6.967242106550384
0.89,0.02,0.0,1.036021027937426,0.023281371414324178,0.0,6.957479963922244
0.89,0.02,0.02,1.036021027937426,0.023281371414324178,0.023281371414324178,6.967242106550391
0.89,0.02,0.04,1.036021027937426,0.023281371414324178,0.046562742828648356,6.996332214354358
0.89,0.02,0.06,1.036021027937426,0.023281371414324178,0.06984411424297253,7.044183364976511
0.89,0.02,0.08,1.036021027937426,0.023281371414324178,0.09312548565729671,7.109919037708454
0.89,0.04,-0.08,1.036021027937426,0.046562742828648356,-0.09312548565729671,7.109997994123159
0.89,0.04,-0.06,1.036021027937426,0.046562742828648356,-0.06984411424297253,7.056580728851034
0.89,0.04,-0.04,1.036021027937426,0.046562742828648356,-0.046562742828648356,7.018782957012414
0.89,0.04,-0.02,1.036021027937426,0.046562742828648356,-0.023281371414324178,6.996332214354382
0.89,0.04,0.0,1.036021027937426,0.046562742828648356,0.0,6.98889761053573
0.89,0.04,0.02,1.036021027937426,0.046562742828648356,0.023281371414324178,6.996332214354336
0.89,0.04,0.04,1.036021027937426,0.046562742828648356,0.046562742828648356,7.018782957012408
0.89,0.04,0.06,1.036021027937426,0.046562742828648356,0.06984411424297253,7.05658072885103
0.89,0.04,0.08,1.036021027937426,0.046562742828648356,0.09312548565729671,7.1099979941231695
0.89,0.06,-0.08,1.036021027937426,0.06984411424297253,-0.09312548565729671,7.117062985346673
0.89,0.06,-0.06,1.036021027937426,0.06984411424297253,-0.06984411424297253,7.080066830347369
0.89,0.06,-0.04,1.036021027937426,0.06984411424297253,-0.046562742828648356,7.056580728851051
0.89,0.06,-0.02,1.036021027937426,0.06984411424297253,-0.023281371414324178,7.044183364976465
0.89,0.06,0.0,1.036021027937426,0.06984411424297253,0.0,7.040413449670963
0.89,0.06,0.02,1.036021027937426,0.06984411424297253,0.023281371414324178,7.044183364976493
0.89,0.06,0.04,1.036021027937426,0.06984411424297253,0.046562742828648356,7.056580728851016
0.89,0.06,0.06,1.036021027937426,0.06984411424297253,0.06984411424297253,7.0800668303473415
0.89,0.06,0.08,1.036021027937426,0.06984411424297253,0.09312548565729671,7.1170629853466885
0.89,0.08,-0.08,1.036021027937426,0.09312548565729671,-0.09312548565729671,7.1361304175217875
0.89,0.08,-0.06,1.036021027937426,0.09312548565729671,-0.06984411424297253,7.117062985346681
0.89,0.08,-0.04,1.036021027937426,0.09312548565729671,-0.046562742828648356,7.109997994123178
0.89,0.08,-0.02,1.036021027937426,0.09312548565729671,-0.023281371414324178,7.109919037708467
0.89,0.08,0.0,1.036021027937426,0.09312548565729671,0.0,7.1108773600615045
0.89,0.08,0.02,1.036021027937426,0.09312548565729671,0.023281371414324178,7.109919037708467
0.89,0.08,0.04,1.036021027937426,0.09312548565729671,0.046562742828648356,7.109997994123183
0.89,0.08,0.06,1.036021027937426,0.09312548565729671,0.06984411424297253,7.117062985346697
0.89,0.08,0.08,1.036021027937426,0.09312548565729671,0.09312548565729671,7.136130417521788
0.91,-0.08,-0.08,1.05930239935175,-0.09312548565729671,-0.09312548565729671,7.131058066012868
0.91,-0.08,-0.06,1.05930239935175,-0.09312548565729671,-0.06984411424297253,7.116001002511682
0.91,-0.08,-0.04,1.05930239935175,-0.09312548565729671,-0.046562742828648356,7.113851892653285
0.91,-0.08,-0.02,1.05930239935175,-0.09312548565729671,-0.023281371414324178,7.118643315822516
0.91,-0.08,0.0,1.05930239935175,-0.09312548565729671,0.0,7.121852519372495
0.91,-0.08,0.02,1.05930239935175,-0.09312548565729671,0.023281371414324178,7.118643315822509
0.91,-0.08,0.04,1.05930239935175,-0.09312548565729671,0.046562742828648356,7.113851892653318
0.91,-0.08,0.06,1.05930239935175,-0.09312548565729671,0.06984411424297253,7.116001002511685
0.91,-0.08,0.08,1.05930239935175,-0.09312548565729671,0.09312548565729671,7.131058066012858
0.91,-0.06,-0.08,1.05930239935175,-0.06984411424297253,-0.09312548565729671,7.1160010025117035
0.91,-0.06,-0.06,1.05930239935175,-0.06984411424297253,-0.06984411424297253,7.082740575244168
0.91,-0.06,-0.04,1.05930239935175,-0.06984411424297253,-0.046562742828648356,7.06327786740032
0.91,-0.06,-0.02,1.05930239935175,-0.06984411424297253,-0.023281371414324178,7.054293398872514
0.91,-0.06,0.0,1.05930239935175,-0.06984411424297253,0.0,7.051921860134704
0.91,-0.06,0.02,1.05930239935175,-0.06984411424297253,0.023281371414324178,7.054293398872563
0.91,-0.06,0.04,1.05930239935175,-0.06984411424297253,0.046562742828648356,7.06327786740032
0.91,-0.06,0.06,1.05930239935175,-0.06984411424297253,0.06984411424297253,7.082740575244226
0.91,-0.06,0.08,1.05930239935175,-0.06984411424297253,0.09312548565729671,7.1160010025116955
0.91,-0.04,-0.08,1.05930239935175,-0.046562742828648356,-0.09312548565729671,7.1138518926533045
0.91,-0.04,-0.06,1.05930239935175,-0.046562742828648356,-0.06984411424297253,7.063277867400323
0.91,-0.04,-0.04,1.05930239935175,-0.046562742828648356,-0.046562742828648356,7.028098050838105
0.91,-0.04,-0.02,1.05930239935175,-0.046562742828648356,-0.023281371414324178,7.007551403299982
0.91,-0.04,0.0,1.05930239935175,-0.046562742828648356,0.0,7.000821960367964
0.91,-0.04,0.02,1.05930239935175,-0.046562742828648356,0.023281371414324178,7.007551403300012
0.91,-0.04,0.04,1.05930239935175,-0.046562742828648356,0.046562742828648356,7.028098050838108
0.91,-0.04,0.06,1.05930239935175,-0.046562742828648356,0.06984411424297253,7.063277867400288
0.91,-0.04,0.08,1.05930239935175,-0.046562742828648356,0.09312548565729671,7.113851892653274
0.91,-0.02,-0.08,1.05930239935175,-0.023281371414324178,-0.09312548565729671,7.118643315822527
0.91,-0.02,-0.06,1.05930239935175,-0.023281371414324178,-0.06984411424297253,7.054293398872477
0.91,-0.02,-0.04,1.05930239935175,-0.023281371414324178,-0.046562742828648356,7.007551403299977
0.91,-0.02,-0.02,1.05930239935175,-0.023281371414324178,-0.023281371414324178,6.979181763365508
0.91,-0.02,0.0,1.05930239935175,-0.023281371414324178,0.0,6.969669781133644
0.91,-0.02,0.02,1.05930239935175,-0.023281371414324178,0.023281371414324178,6.979181763365511
0.91,-0.02,0.04,1.05930239935175,-0.023281371414324178,0.046562742828648356,7.007551403300035
0.91,-0.02,0.06,1.05930239935175,-0.023281371414324178,0.06984411424297253,7.054293398872503
0.91,-0.02,0.08,1.05930239935175,-0.023281371414324178,0.09312548565729671,7.118643315822557
0.91,0.0,-0.08,1.05930239935175,0.0,-0.09312548565729671,7.121852519372457
0.91,0.0,-0.06,1.05930239935175,0.0,-0.06984411424297253,7.051921860134661
0.91,0.0,-0.04,1.05930239935175,0.0,-0.046562742828648356,7.000821960367946
0.91,0.0,-0.02,1.05930239935175,0.0,-0.023281371414324178,6.969669781133657
0.91,0.0,0.0,1.05930239935175,0.0,0.0,6.959200121912074
0.91,0.0,0.02,1.05930239935175,0.0,0.023281371414324178,6.969669781133663
0.91,0.0,0.04,1.05930239935175,0.0,0.046562742828648356,7.00082196036794
0.91,0.0,0.06,1.05930239935175,0.0,0.06984411424297253,7.0519218601347
0.91,0.0,0.08,1.05930239935175,0.0,0.09312548565729671,7.121852519372501
0.91,0.02,-0.08,1.05930239935175,0.023281371414324178,-0.09312548565729671,7.118643315822539
0.91,0.02,-0.06,1.05930239935175,0.023281371414324178,-0.06984411424297253,7.054293398872508
0.91,0.02,-0.04,1.05930239935175,0.023281371414324178,-0.046562742828648356,7.007551403299994
0.91,0.02,-0.02,1.05930239935175,0.023281371414324178,-0.023281371414324178,6.9791817633654905
0.91,0.02,0.0,1.05930239935175,0.023281371414324178,0.0,6.969669781133654
0.91,0.02,0.02,1.05930239935175,0.023281371414324178,0.023281371414324178,6.97918176336548
0.91,0.02,0.04,1.05930239935175,0.023281371414324178,0.046562742828648356,7.007551403300035
0.91,0.02,0.06,1.05930239935175,0.023281371414324178,0.06984411424297253,7.054293398872538
0.91,0.02,0.08,1.05930239935175,0.023281371414324178,0.09312548565729671,7.1186433158224895
0.91,0.04,-0.08,1.05930239935175,0.046562742828648356,-0.09312548565729671,7.113851892653264
0.91,0.04,-0.06,1.05930239935175,0.046562742828648356,-0.06984411424297253,7.063277867400305
0.91,0.04,-0.04,1.05930239935175,0.046562742828648356,-0.046562742828648356,7.0280980508381115
0.91,0.04,-0.02,1.05930239935175,0.046562742828648356,-0.023281371414324178,7.007551403299998
0.91,0.04,0.0,1.05930239935175,0.046562742828648356,0.0,7.000821960367927
0.91,0.04,0.02,1.05930239935175,0.046562742828648356,0.023281371414324178,7.007551403300075
0.91,0.04,0.04,1.05930239935175,0.046562742828648356,0.046562742828648356,7.028098050838122
0.91,0.04,0.06,1.05930239935175,0.046562742828648356,0.06984411424297253,7.063277867400323
0.91,0.04,0.08,1.05930239935175,0.046562742828648356,0.09312548565729671,7.113851892653281
0.91,0.06,-0.08,1.05930239935175,0.06984411424297253,-0.09312548565729671,7.116001002511641
0.91,0.06,-0.06,1.05930239935175,0.06984411424297253,-0.06984411424297253,7.082740575244222
0.91,0.06,-0.04,1.05930239935175,0.06984411424297253,-0.046562742828648356,7.063277867400277
0.91,0.06,-0.02,1.05930239935175,0.06984411424297253,-0.023281371414324178,7.054293398872522
0.91,0.06,0.0,1.05930239935175,0.06984411424297253,0.0,7.051921860134689
0.91,0.06,0.02,1.05930239935175,0.06984411424297253,0.023281371414324178,7.054293398872511
0.91,0.06,0.04,1.05930239935175,0.06984411424297253,0.046562742828648356,7.0632778674002825
0.91,0.06,0.06,1.05930239935175,0.06984411424297253,0.06984411424297253,7.082740575244179
0.91,0.06,0.08,1.05930239935175,0.06984411424297253,0.09312548565729671,7.116001002511712
0.91,0.08,-0.08,1.05930239935175,0.09312548565729671,-0.09312548565729671,7.131058066012895
0.91,0.08,-0.06,1.05930239935175,0.09312548565729671,-0.06984411424297253,7.116001002511712
0.91,0.08,-0.04,1.05930239935175,0.09312548565729671,-0.046562742828648356,7.113851892653326
0.91,0.08,-0.02,1.05930239935175,0.09312548565729671,-0.023281371414324178,7.118643315822527
0.91,0.08,0.0,1.05930239935175,0.09312548565729671,0.0,7.121852519372491
0.91,0.08,0.02,1.05930239935175,0.09312548565729671,0.023281371414324178,7.118643315822509
0.91,0.08,0.04,1.05930239935175,0.09312548565729671,0.046562742828648356,7.113851892653309
0.91,0.08,0.06,1.05930239935175,0.09312548565729671,0.06984411424297253,7.116001002511685
0.91,0.08,0.08,1.05930239935175,0.09312548565729671,0.09312548565729671,7.131058066012868
0.93,-0.08,-0.08,1.0825837707660744,-0.09312548565729671,-0.09312548565729671,7.127727871364076
0.93,-0.08,-0.06,1.0825837707660744,-0.09312548565729671,-0.06984411424297253,7.1165937131121275
0.93,-0.08,-0.04,1.0825837707660744,-0.09312548565729671,-0.046562742828648356,7.119794540446948
0.93,-0.08,-0.02,1.0825837707660744,-0.09312548565729671,-0.023281371414324178,7.130770918018136
0.93,-0.08,0.0,1.0825837707660744,-0.09312548565729671,0.0,7.137276063850446
0.93,-0.08,0.02,1.0825837707660744,-0.09312548565729671,0.023281371414324178,7.130770918018099
0.93,-0.08,0.04,1.0825837707660744,-0.09312548565729671,0.046562742828648356,7.119794540446932
0.93,-0.08,0.06,1.0825837707660744,-0.09312548565729671,0.06984411424297253,7.1165937131120645
0.93,-0.08,0.08,1.0825837707660744,-0.09312548565729671,0.09312548565729671,7.127727871364049
0.93,-0.06,-0.08,1.0825837707660744,-0.06984411424297253,-0.09312548565729671,7.11659371311206
0.93,-0.06,-0.06,1.0825837707660744,-0.06984411424297253,-0.06984411424297253,7.087307946452123
0.93,-0.06,-0.04,1.0825837707660744,-0.06984411424297253,-0.046562742828648356,7.072608041299935
0.93,-0.06,-0.02,1.0825837707660744,-0.06984411424297253,-0.023281371414324178,7.068211698898617
0.93,-0.06,0.0,1.0825837707660744,-0.06984411424297253,0.0,7.067913251471354
0.93,-0.06,0.02,1.0825837707660744,-0.06984411424297253,0.023281371414324178,7.0682116988986206
0.93,-0.06,0.04,1.0825837707660744,-0.06984411424297253,0.046562742828648356,7.072608041300027
0.93,-0.06,0.06,1.0825837707660744,-0.06984411424297253,0.06984411424297253,7.08730794645216
0.93,-0.06,0.08,1.0825837707660744,-0.06984411424297253,0.09312548565729671,7.116593713112043
0.93,-0.04,-0.08,1.0825837707660744,-0.046562742828648356,-0.09312548565729671,7.119794540446935
0.93,-0.04,-0.06,1.0825837707660744,-0.046562742828648356,-0.06984411424297253,7.072608041300014
0.93,-0.04,-0.04,1.0825837707660744,-0.046562742828648356,-0.046562742828648356,7.04081959851764
0.93,-0.04,-0.02,1.0825837707660744,-0.046562742828648356,-0.023281371414324178,7.022944155471516
0.93,-0.04,0.0,1.0825837707660744,-0.046562742828648356,0.0,7.017255400155978
0.93,-0.04,0.02,1.0825837707660744,-0.046562742828648356,0.023281371414324178,7.022944155471481
0.93,-0.04,0.04,1.0825837707660744,-0.046562742828648356,0.046562742828648356,7.04081959851764
0.93,-0.04,0.06,1.0825837707660744,-0.046562742828648356,0.06984411424297253,7.072608041299964
0.93,-0.04,0.08,1.0825837707660744,-0.046562742828648356,0.09312548565729671,7.119794540446941
0.93,-0.02,-0.08,1.0825837707660744,-0.023281371414324178,-0.09312548565729671,7.130770918018185
0.93,-0.02,-0.06,1.0825837707660744,-0.023281371414324178,-0.06984411424297253,7.06821169889861
0.93,-0.02,-0.04,1.0825837707660744,-0.023281371414324178,-0.046562742828648356,7.022944155471535
0.93,-0.02,-0.02,1.0825837707660744,-0.023281371414324178,-0.023281371414324178,6.99555299709298
0.93,-0.02,0.0,1.0825837707660744,-0.023281371414324178,0.0,6.98638472112295
0.93,-0.02,0.02,1.0825837707660744,-0.023281371414324178,0.023281371414324178,6.995552997092969
0.93,-0.02,0.04,1.0825837707660744,-0.023281371414324178,0.046562742828648356,7.022944155471562
0.93,-0.02,0.06,1.0825837707660744,-0.023281371414324178,0.06984411424297253,7.068211698898664
0.93,-0.02,0.08,1.0825837707660744,-0.023281371414324178,0.09312548565729671,7.130770918018144
0.93,0.0,-0.08,1.0825837707660744,0.0,-0.09312548565729671,7.137276063850523
0.93,0.0,-0.06,1.0825837707660744,0.0,-0.06984411424297253,7.0679132514714
0.93,0.0,-0.04,1.0825837707660744,0.0,-0.046562742828648356,7.017255400155989
0.93,0.0,-0.02,1.0825837707660744,0.0,-0.023281371414324178,6.986384721122981
0.93,0.0,0.0,1.0825837707660744,0.0,0.0,6.976011803397598
0.93,0.0,0.02,1.0825837707660744,0.0,0.023281371414324178,6.986384721122968
0.93,0.0,0.04,1.0825837707660744,0.0,0.046562742828648356,7.0172554001560234
0.93,0.0,0.06,1.0825837707660744,0.0,0.06984411424297253,7.067913251471414
0.93,0.0,0.08,1.0825837707660744,0.0,0.09312548565729671,7.1372760638505675
0.93,0.02,-0.08,1.0825837707660744,0.023281371414324178,-0.09312548565729671,7.130770918018136
0.93,0.02,-0.06,1.0825837707660744,0.023281371414324178,-0.06984411424297253,7.068211698898642
0.93,0.02,-0.04,1.0825837707660744,0.023281371414324178,-0.046562742828648356,7.0229441554715315
0.93,0.02,-0.02,1.0825837707660744,0.023281371414324178,-0.023281371414324178,6.99555299709299
0.93,0.02,0.0,1.0825837707660744,0.023281371414324178,0.0,6.986384721122991
0.93,0.02,0.02,1.0825837707660744,0.023281371414324178,0.023281371414324178,6.9955529970930135
0.93,0.02,0.04,1.0825837707660744,0.023281371414324178,0.046562742828648356,7.022944155471538
0.93,0.02,0.06,1.0825837707660744,0.023281371414324178,0.06984411424297253,7.0682116988986206
0.93,0.02,0.08,1.0825837707660744,0.023281371414324178,0.09312548565729671,7.130770918018131
0.93,0.04,-0.08,1.0825837707660744,0.046562742828648356,-0.09312548565729671,7.119794540446958
0.93,0.04,-0.06,1.0825837707660744,0.046562742828648356,-0.06984411424297253,7.072608041299964
0.93,0.04,-0.04,1.0825837707660744,0.046562742828648356,-0.046562742828648356,7.040819598517646
0.93,0.04,-0.02,1.0825837707660744,0.046562742828648356,-0.023281371414324178,7.022944155471514
0.93,0.04,0.0,1.0825837707660744,0.046562742828648356,0.0,7.017255400156054
0.93,0.04,0.02,1.0825837707660744,0.046562742828648356,0.023281371414324178,7.022944155471538
0.93,0.04,0.04,1.0825837707660744,0.046562742828648356,0.046562742828648356,7.040819598517635
0.93,0.04,0.06,1.0825837707660744,0.046562742828648356,0.06984411424297253,7.0726080413000005
0.93,0.04,0.08,1.0825837707660744,0.046562742828648356,0.09312548565729671,7.119794540446969
0.93,0.06,-0.08,1.0825837707660744,0.06984411424297253,-0.09312548565729671,7.116593713112063
0.93,0.06,-0.06,1.0825837707660744,0.06984411424297253,-0.06984411424297253,7.087307946452138
0.93,0.06,-0.04,1.0825837707660744,0.06984411424297253,-0.046562742828648356,7.072608041300018
0.93,0.06,-0.02,1.0825837707660744,0.06984411424297253,-0.023281371414324178,7.068211698898677
0.93,0.06,0.0,1.0825837707660744,0.06984411424297253,0.0,7.0679132514713805
0.93,0.06,0.02,1.0825837707660744,0.06984411424297253,0.023281371414324178,7.068211698898661
0.93,0.06,0.04,1.0825837707660744,0.06984411424297253,0.046562742828648356,7.072608041300014
0.93,0.06,0.06,1.0825837707660744,0.06984411424297253,0.06984411424297253,7.087307946452133
0.93,0.06,0.08,1.0825837707660744,0.06984411424297253,0.09312548565729671,7.116593713111989
0.93,0.08,-0.08,1.0825837707660744,0.09312548565729671,-0.09312548565729671,7.1277278713641286
0.93,0.08,-0.06,1.0825837707660744,0.09312548565729671,-0.06984411424297253,7.116593713112054
0.93,0.08,-0.04,1.0825837707660744,0.09312548565729671,-0.046562742828648356,7.119794540446989
0.93,0.08,-0.02,1.0825837707660744,0.09312548565729671,-0.023281371414324178,7.130770918018167
0.93,0.08,0.0,1.0825837707660744,0.09312548565729671,0.0,7.137276063850543
0.93,0.08,0.02,1.0825837707660744,0.09312548565729671,0.023281371414324178,7.130770918018168
0.93,0.08,0.04,1.0825837707660744,0.09312548565729671,0.046562742828648356,7.119794540446928
0.93,0.08,0.06,1.0825837707660744,0.09312548565729671,0.06984411424297253,7.116593713112108
0.93,0.08,0.08,1.0825837707660744,0.09312548565729671,0.09312548565729671,7.127727871364062
0.95,-0.08,-0.08,1.1058651421803984,-0.09312548565729671,-0.09312548565729671,7.125732948732456
0.95,-0.08,-0.06,1.1058651421803984,-0.09312548565729671,-0.06984411424297253,7.118123538030783
0.95,-0.08,-0.04,1.1058651421803984,-0.09312548565729671,-0.046562742828648356,7.126739460736736
0.95,-0.08,-0.02,1.1058651421803984,-0.09312548565729671,-0.023281371414324178,7.145451445102045
0.95,-0.08,0.0,1.1058651421803984,-0.09312548565729671,0.0,7.1572102164897276
0.95,-0.08,0.02,1.1058651421803984,-0.09312548565729671,0.023281371414324178,7.145451445102068
0.95,-0.08,0.04,1.1058651421803984,-0.09312548565729671,0.046562742828648356,7.126739460736781
0.95,-0.08,0.06,1.1058651421803984,-0.09312548565729671,0.06984411424297253,7.118123538030804
0.95,-0.08,0.08,1.1058651421803984,-0.09312548565729671,0.09312548565729671,7.125732948732418
0.95,-0.06,-0.08,1.1058651421803984,-0.06984411424297253,-0.09312548565729671,7.118123538030739
0.95,-0.06,-0.06,1.1058651421803984,-0.06984411424297253,-0.06984411424297253,7.092753292384552
0.95,-0.06,-0.04,1.1058651421803984,-0.06984411424297253,-0.046562742828648356,7.08343091466755
0.95,-0.06,-0.02,1.1058651421803984,-0.06984411424297253,-0.023281371414324178,7.08533615355451
0.95,-0.06,0.0,1.1058651421803984,-0.06984411424297253,0.0,7.088449850071492
0.95,-0.06,0.02,1.1058651421803984,-0.06984411424297253,0.023281371414324178,7.085336153554469
0.95,-0.06,0.04,1.1058651421803984,-0.06984411424297253,0.046562742828648356,7.08343091466753
0.95,-0.06,0.06,1.1058651421803984,-0.06984411424297253,0.06984411424297253,7.092753292384567
0.95,-0.06,0.08,1.1058651421803984,-0.06984411424297253,0.09312548565729671,7.11812353803084
0.95,-0.04,-0.08,1.1058651421803984,-0.046562742828648356,-0.09312548565729671,7.126739460736831
0.95,-0.04,-0.06,1.1058651421803984,-0.046562742828648356,-0.06984411424297253,7.083430914667546
0.95,-0.04,-0.04,1.1058651421803984,-0.046562742828648356,-0.046562742828648356,7.056064605257728
0.95,-0.04,-0.02,1.1058651421803984,-0.046562742828648356,-0.023281371414324178,7.042210042468318
0.95,-0.04,0.0,1.1058651421803984,-0.046562742828648356,0.0,7.038259699447847
0.95,-0.04,0.02,1.1058651421803984,-0.046562742828648356,0.023281371414324178,7.0422100424683896
0.95,-0.04,0.04,1.1058651421803984,-0.046562742828648356,0.046562742828648356,7.056064605257744
0.95,-0.04,0.06,1.1058651421803984,-0.046562742828648356,0.06984411424297253,7.08343091466756
0.95,-0.04,0.08,1.1058651421803984,-0.046562742828648356,0.09312548565729671,7.126739460736825
0.95,-0.02,-0.08,1.1058651421803984,-0.023281371414324178,-0.09312548565729671,7.145451445102029
0.95,-0.02,-0.06,1.1058651421803984,-0.023281371414324178,-0.06984411424297253,7.085336153554507
0.95,-0.02,-0.04,1.1058651421803984,-0.023281371414324178,-0.046562742828648356,7.042210042468349
0.95,-0.02,-0.02,1.1058651421803984,-0.023281371414324178,-0.023281371414324178,7.016313916868834
0.95,-0.02,0.0,1.1058651421803984,-0.023281371414324178,0.0,7.0076862681642025
0.95,-0.02,0.02,1.1058651421803984,-0.023281371414324178,0.023281371414324178,7.016313916868862
0.95,-0.02,0.04,1.1058651421803984,-0.023281371414324178,0.046562742828648356,7.042210042468284
0.95,-0.02,0.06,1.1058651421803984,-0.023281371414324178,0.06984411424297253,7.0853361535545565
0.95,-0.02,0.08,1.1058651421803984,-0.023281371414324178,0.09312548565729671,7.145451445102102
0.95,0.0,-0.08,1.1058651421803984,0.0,-0.09312548565729671,7.157210216489716
0.95,0.0,-0.06,1.1058651421803984,0.0,-0.06984411424297253,7.08844985007146
0.95,0.0,-0.04,1.1058651421803984,0.0,-0.046562742828648356,7.038259699447858
0.95,0.0,-0.02,1.1058651421803984,0.0,-0.023281371414324178,7.007686268164157
0.95,0.0,0.0,1.1058651421803984,0.0,0.0,6.9974154065463265
0.95,0.0,0.02,1.1058651421803984,0.0,0.023281371414324178,7.00768626816414
0.95,0.0,0.04,1.1058651421803984,0.0,0.046562742828648356,7.038259699447849
0.95,0.0,0.06,1.1058651421803984,0.0,0.06984411424297253,7.088449850071501
0.95,0.0,0.08,1.1058651421803984,0.0,0.09312548565729671,7.157210216489716
0.95,0.02,-0.08,1.1058651421803984,0.023281371414324178,-0.09312548565729671,7.145451445102024
0.95,0.02,-0.06,1.1058651421803984,0.023281371414324178,-0.06984411424297253,7.08533615355451
0.95,0.02,-0.04,1.1058651421803984,0.023281371414324178,-0.046562742828648356,7.0422100424683745
0.95,0.02,-0.02,1.1058651421803984,0.023281371414324178,-0.023281371414324178,7.016313916868841
0.95,0.02,0.0,1.1058651421803984,0.023281371414324178,0.0,7.007686268164145
0.95,0.02,0.02,1.1058651421803984,0.023281371414324178,0.023281371414324178,7.016313916868818
0.95,0.02,0.04,1.1058651421803984,0.023281371414324178,0.046562742828648356,7.042210042468348
0.95,0.02,0.06,1.1058651421803984,0.023281371414324178,0.06984411424297253,7.085336153554516
0.95,0.02,0.08,1.1058651421803984,0.023281371414324178,0.09312548565729671,7.14545144510204
0.95,0.04,-0.08,1.1058651421803984,0.046562742828648356,-0.09312548565729671,7.1267394607367605
0.95,0.04,-0.06,1.1058651421803984,0.046562742828648356,-0.06984411424297253,7.083430914667515
0.95,0.04,-0.04,1.1058651421803984,0.046562742828648356,-0.046562742828648356,7.056064605257679
0.95,0.04,-0.02,1.1058651421803984,0.046562742828648356,-0.023281371414324178,7.042210042468325
0.95,0.04,0.0,1.1058651421803984,0.046562742828648356,0.0,7.038259699447852
0.95,0.04,0.02,1.1058651421803984,0.046562742828648356,0.023281371414324178,7.042210042468379
0.95,0.04,0.04,1.1058651421803984,0.046562742828648356,0.046562742828648356,7.056064605257685
0.95,0.04,0.06,1.1058651421803984,0.046562742828648356,0.06984411424297253,7.083430914667519
0.95,0.04,0.08,1.1058651421803984,0.046562742828648356,0.09312548565729671,7.126739460736763
0.95,0.06,-0.08,1.1058651421803984,0.06984411424297253,-0.09312548565729671,7.118123538030799
0.95,0.06,-0.06,1.1058651421803984,0.06984411424297253,-0.06984411424297253,7.092753292384569
0.95,0.06,-0.04,1.1058651421803984,0.06984411424297253,-0.046562742828648356,7.083430914667543
0.95,0.06,-0.02,1.1058651421803984,0.06984411424297253,-0.023281371414324178,7.085336153554459
0.95,0.06,0.0,1.1058651421803984,0.06984411424297253,0.0,7.0884498500715285
0.95,0.06,0.02,1.1058651421803984,0.06984411424297253,0.023281371414324178,7.085336153554534
0.95,0.06,0.04,1.1058651421803984,0.06984411424297253,0.046562742828648356,7.083430914667543
0.95,0.06,0.06,1.1058651421803984,0.06984411424297253,0.06984411424297253,7.092753292384525
0.95,0.06,0.08,1.1058651421803984,0.06984411424297253,0.09312548565729671,7.118123538030804
0.95,0.08,-0.08,1.1058651421803984,0.09312548565729671,-0.09312548565729671,7.125732948732388
0.95,0.08,-0.06,1.1058651421803984,0.09312548565729671,-0.06984411424297253,7.1181235380308205
0.95,0.08,-0.04,1.1058651421803984,0.09312548565729671,-0.046562742828648356,7.126739460736699
0.95,0.08,-0.02,1.1058651421803984,0.09312548565729671,-0.023281371414324178,7.14545144510211
0.95,0.08,0.0,1.1058651421803984,0.09312548565729671,0.0,7.157210216489703
0.95,0.08,0.02,1.1058651421803984,0.09312548565729671,0.023281371414324178,7.145451445102001
0.95,0.08,0.04,1.1058651421803984,0.09312548565729671,0.046562742828648356,7.126739460736751
0.95,0.08,0.06,1.1058651421803984,0.09312548565729671,0.06984411424297253,7.11812353803081
0.95,0.08,0.08,1.1058651421803984,0.09312548565729671,0.09312548565729671,7.1257329487323915
