segment,distance_inv_A,q1,q2,q3,frequency_1_THz,frequency_2_THz,frequency_3_THz,frequency_4_THz,frequency_5_THz,frequency_6_THz
0,0.0,0.0,0.0,0.0,8.215144003995272e-08,1.167401988983794e-07,1.911079230978091e-07,11.463881725973213,11.463881725973216,11.46388172597322
0,0.003659877138918024,0.01,0.0,0.01,0.13028971989188873,0.13028971989190213,0.2318892433461559,11.463063551097678,11.463063551097683,11.463506082514304
0,0.007319754277836048,0.02,0.0,0.02,0.2605176268449645,0.2605176268450285,0.4636014725529254,11.460611507685487,11.460611507685488,11.46237364945466
0,0.010979631416754072,0.03,0.0,0.03,0.39062149735574503,0.39062149735576557,0.6949604283309966,11.45653303372696,11.45653303372696,11.460467979495697
0,0.014639508555672098,0.04,0.0,0.04,0.520538290474676,0.5205382904747052,0.9257913551457391,11.450840507110629,11.450840507110632,11.457761862015483
0,0.018299385694590123,0.05,0.0,0.05,0.6502037482250665,0.6502037482250751,1.1559217382733837,11.4435512177622,11.443551217762202,11.454217622051187
0,0.021959262833508145,0.06,0.0,0.06,0.7795520068259784,0.7795520068260311,1.3851820231752083,11.43468732919915,11.434687329199152,11.449787532291854
0,0.025619139972426173,0.07,0.0,0.07,0.9085152220412106,0.9085152220412424,1.6134063114758488,11.424275830051698,11.424275830051702,11.444414331681767
0,0.029279017111344195,0.08,0.0,0.08,1.0370232117524087,1.0370232117524147,1.8404330279809071,11.412348476244308,11.412348476244311,11.438031842659557
0,0.03293889425026222,0.09,0.0,0.09,1.1650031185839913,1.165003118583999,2.0661055533639985,11.398941724664601,11.398941724664601,11.430565677660724
0,0.036598771389180246,0.1,0.0,0.1,1.2923790951003231,1.2923790951003418,2.2902728173847344,11.384096659264467,11.384096659264467,11.421934024316592
0,0.04025864852809827,0.11,0.0,0.11,1.4190720137650137,1.4190720137650155,2.512789847772602,11.36785891063861,11.367858910638612,11.412048497810897
0,0.04391852566701629,0.12,0.0,0.12,1.544999203504303,1.5449992035043103,2.7335182702269543,11.350278570203349,11.350278570203352,11.400815048117487
0,0.04757840280593432,0.13,0.0,0.13,1.6700742143658271,1.6700742143658327,2.952326755339882,11.33141010014936,11.331410100149364,11.388134909344016
0,0.05123827994485235,0.14,0.0,0.14,1.794206611421494,1.7942066114214983,3.1690914086476747,11.311312240360065,11.311312240360069,11.373905578145383
0,0.05489815708377036,0.15,0.0,0.15,1.9173017987422043,1.9173017987422092,3.3836961004584816,11.290047913466555,11.290047913466555,11.358021808138448
0,0.05855803422268839,0.16,0.0,0.16,2.039260873986606,2.0392608739866245,3.596032732586807,11.267684129143618,11.26768412914362,11.340376607433221
0,0.06221791136160642,0.17,0.0,0.17,2.1599805139076103,2.159980513907617,3.8060014396503026,11.244291888631901,11.244291888631901,11.320862226777434
0,0.06587778850052443,0.18,0.0,0.18,2.2793528909049963,2.279352890905009,4.013510723147972,11.219946090290662,11.219946090290666,11.299371126370152
0,0.06953766563944246,0.19,0.0,0.19,2.397265620651196,2.397265620651203,4.218477517140763,11.19472543673587,11.194725436735872,11.275796910112872
0,0.07319754277836048,0.2,0.0,0.2,2.5136017408032867,2.513601740803296,4.42082718499106,11.168712343790785,11.168712343790785,11.250035216909101
0,0.0768574199172785,0.21,0.0,0.21,2.628239720899625,2.628239720899632,4.620493447283605,11.141992851063318,11.141992851063323,11.221984559571005
0,0.08051729705619652,0.22,0.0,0.22,2.7410535037326125,2.741053503732626,4.817418241742505,11.114656533458794,11.114656533458797,11.191547102921048
0,0.08417717419511454,0.23,0.0,0.23,2.8519125787982436,2.851912578798252,5.011551516669307,11.086796412333436,11.086796412333436,11.158629373764077
0,0.08783705133403256,0.24,0.0,0.24,2.960682088852123,2.9606820888521277,5.202850960151511,11.058508864290074,11.058508864290076,11.123142896531688
0,0.09149692847295059,0.25,0.0,0.25,3.0672229711495698,3.067222971149575,5.391281668017919,11.02989352481513,11.029893524815131,11.085004749545382
0,0.09515680561186861,0.26,0.0,0.26,3.1713921356084045,3.1713921356084134,5.5768157542412125,11.001053183061117,11.001053183061122,11.044138037993452
0,0.09881668275078663,0.27,0.0,0.27,3.2730426828922163,3.2730426828922248,5.759431908195481,10.972093663107271,10.972093663107277,11.000472280853387
0,0.10247655988970465,0.28,0.0,0.28,3.3720241662455703,3.3720241662455757,5.939114903859903,10.94312368600499,10.943123686004991,10.953943710105532
0,0.10613643702862266,0.29,0.0,0.29,3.4681829017853887,3.468182901785392,6.1158550667043174,10.904495481665542,10.914254705871565,10.914254705871567
0,0.10979631416754068,0.3,0.0,0.3,3.5613623328136597,3.561362332813664,6.289647704589623,10.852077798504501,10.885600712283408,10.885600712283408
0,0.1134561913064587,0.31,0.0,0.31,3.6514034545015224,3.651403454501529,6.460492509550674,10.796647947420569,10.857277990304723,10.857277990304725
0,0.11711606844537673,0.32,0.0,0.32,3.738145305920416,3.738145305920422,6.628392937792162,10.738170251870356,10.82940482875133,10.829404828751334
0,0.12077594558429475,0.33,0.0,0.33,3.8214255367630443,3.8214255367630483,6.793355575606413,10.676615944157232,10.802101166830743,10.802101166830745
0,0.12443582272321277,0.34,0.0,0.34,3.9010810560924605,3.9010810560924662,6.955389499205877,10.611962961105373,10.775488169233412,10.775488169233412
0,0.12809569986213076,0.35,0.0,0.35,3.9769487699558503,3.976948769955854,7.114505636643366,10.544195668118968,10.749687720199734,10.749687720199734
0,0.13175557700104878,0.36,0.0,0.36,4.04886641357524,4.048866413575246,7.270716140062009,10.473304517234002,10.72482182818063,10.72482182818063
0,0.1354154541399668,0.37,0.0,0.37,4.1166734819627,4.116673481962703,7.424033776469072,10.399285645412302,10.701011934563393,10.701011934563393
0,0.13907533127888483,0.38,0.0,0.38,4.18021226010949,4.180212260109495,7.57447134505911,10.32214041990161,10.678378122642286,10.678378122642288
0,0.14273520841780285,0.39,0.0,0.39,4.239328950319326,4.23932895031933,7.722041128822297,10.241874937988577,10.657038226623916,10.657038226623918
0,0.14639508555672087,0.4,0.0,0.4,4.293874889811464,4.293874889811469,7.866754387763307,10.158499488899968,10.637106844954696,10.637106844954697
0,0.15005496269563887,0.41,0.0,0.41,4.343707846511945,4.343707846511949,8.008620900530415,10.072027985958071,10.618694267539738,10.61869426753974
0,0.1537148398345569,0.42,0.0,0.42,4.388693375185861,4.3886933751858646,8.147648560618807,9.982477377364809,10.601905332284721,10.601905332284721
0,0.1573747169734749,0.43,0.0,0.43,4.428706210055001,4.428706210055005,8.283843032576737,9.88986704417209,10.586838232519383,10.586838232519385
0,0.16103459411239293,0.44,0.0,0.44,4.463631664215023,4.463631664215025,8.41720747281862,9.794218194088824,10.573583302831903,10.573583302831906
0,0.16469447125131095,0.45,0.0,0.45,4.493367001018331,4.493367001018333,8.547742318749496,9.695553259774586,10.562221816152368,10.56222181615237
0,0.16835434839022898,0.46,0.0,0.46,4.517822738671724,4.517822738671729,8.67544514894566,9.593895310173064,10.552824829022281,10.552824829022283
0,0.17201422552914697,0.47,0.0,0.47,4.5369238471418285,4.536923847141836,8.800310616131684,9.48926748324153,10.545452114342593,10.545452114342593
0,0.175674102668065,0.48,0.0,0.48,4.550610796514977,4.550610796514981,8.922330453663879,9.381692448136084,10.540151221056663,10.540151221056664
0,0.179333979806983,0.49,0.0,0.49,4.558840418508022,4.558840418508028,9.041493555188891,9.271191904513588,10.536956697906422,10.536956697906422
0,0.18299385694590103,0.5,0.0,0.5,4.561586547944522,4.561586547944523,9.157786126113683,9.157786126113686,10.535889513527449,10.535889513527449
1,0.18299385694590103,0.5,0.0,0.5,4.561586547944522,4.561586547944523,9.157786126113683,9.157786126113686,10.535889513527449,10.535889513527449
1,0.18482379551536005,0.5,0.005,0.505,4.5620698125832835,4.562069812583284,9.157248814384424,9.157248814384428,10.53620787842544,10.53620787842544
1,0.18665373408481906,0.5,0.01,0.51,4.5635178871453235,4.563517887145329,9.155639920891607,9.155639920891614,10.537160480645479,10.53716048064548
1,0.18848367265427807,0.5,0.015,0.515,4.565925619324602,4.565925619324606,9.152968520989644,9.152968520989647,10.538739893656755,10.538739893656755
1,0.19031361122373708,0.5,0.02,0.52,4.569284441075975,4.569284441075977,9.149249576944925,9.149249576944928,10.540933907082369,10.540933907082373
1,0.1921435497931961,0.5,0.025,0.525,4.57358239711389,4.573582397113893,9.1445037012876,9.14450370128761,10.543725769058339,10.54372576905834
1,0.1939734883626551,0.5,0.03,0.53,4.57880418441979,4.578804184419794,9.138756841435322,9.138756841435324,10.547094509475322,10.547094509475324
1,0.1958034269321141,0.5,0.035,0.535,4.584931202382968,4.584931202382974,9.132039899882196,9.132039899882198,10.551015329677416,10.551015329677416
1,0.19763336550157312,0.5,0.04,0.54,4.5919416131137485,4.591941613113751,9.124388306231786,9.12438830623179,10.55546004216646,10.55546004216646
1,0.19946330407103213,0.5,0.045,0.545,4.5998104113975895,4.59981041139759,9.115841558136985,9.115841558136992,10.560397543032318,10.56039754303232
1,0.20129324264049114,0.5,0.05,0.55,4.608509503705786,4.608509503705793,9.106442747856935,9.106442747856939,10.565794300136274,10.565794300136275
1,0.20312318120995015,0.5,0.055,0.555,4.618007795645317,4.618007795645318,9.096238089818435,9.096238089818435,10.571614841347786,10.57161484134779
1,0.20495311977940917,0.5,0.06,0.56,4.628271287218295,4.628271287218296,9.085276462512692,9.085276462512693,10.577822229138002,10.577822229138002
1,0.20678305834886815,0.5,0.065,0.565,4.639263175271196,4.639263175271197,9.073608975532204,9.073608975532213,10.584378510302267,10.584378510302267
1,0.2086129969183272,0.5,0.07,0.5700000000000001,4.650943962545554,4.650943962545554,9.061288569815183,9.061288569815188,10.591245132259589,10.59124513225959
1,0.21044293548778617,0.5,0.075,0.575,4.6632715727954,4.663271572795406,9.048369656441436,9.048369656441437,10.598383320034785,10.598383320034785
1,0.21227287405724518,0.5,0.08,0.58,4.676201471510486,4.67620147151049,9.034907796788637,9.034907796788643,10.605754410493889,10.605754410493892
1,0.2141028126267042,0.5,0.085,0.585,4.68968679187749,4.689686791877493,9.020959424631776,9.020959424631776,10.61332014255587,10.61332014255587
1,0.2159327511961632,0.5,0.09,0.59,4.703678465721359,4.703678465721365,9.00658160891744,9.006581608917447,10.621042903877445,10.621042903877447
1,0.2177626897656222,0.5,0.095,0.595,4.718125359293292,4.7181253592932935,8.99183185449,8.991831854490005,10.628885935883384,10.628885935883385
1,0.21959262833508122,0.5,0.1,0.6,4.732974413907085,4.732974413907085,8.976767936974973,8.976767936974975,10.63681350000581,10.636813500005811
1,0.22142256690454024,0.5,0.105,0.605,4.748170791568422,4.748170791568424,8.961447767300031,8.961447767300035,10.644791008641809,10.64479100864181
1,0.22325250547399925,0.5,0.11,0.61,4.763658025886899,4.763658025886899,8.945929280905707,8.94592928090571,10.652785124690398,10.652785124690404
1,0.22508244404345826,0.5,0.115,0.615,4.7793781787048,4.7793781787048015,8.930270346512996,8.930270346512998,10.660763833645268,10.660763833645268
1,0.22691238261291727,0.5,0.12,0.62,4.795272003012393,4.795272003012397,8.914528689320466,8.91452868932047,10.668696492153773,10.668696492153773
1,0.22874232118237628,0.5,0.125,0.625,4.811279112843175,4.811279112843178,8.898761823652574,8.898761823652576,10.67655385675793,10.676553856757932
1,0.2305722597518353,0.5,0.13,0.63,4.827338160945285,4.827338160945286,8.883026990335065,8.883026990335066,10.68430809625191,10.68430809625191
1,0.2324021983212943,0.5,0.135,0.635,4.84338702510189,4.843387025101892,8.86738109440187,8.867381094401873,10.69193279076011,10.69193279076011
1,0.2342321368907533,0.5,0.14,0.64,4.859363004015713,4.859363004015717,8.851880639119381,8.851880639119383,10.699402920287609,10.699402920287616
1,0.23606207546021232,0.5,0.145,0.645,4.8752030236733,4.875203023673302,8.836581652734303,8.836581652734306,10.706694845141278,10.70669484514128
1,0.23789201402967133,0.5,0.15,0.65,4.8908438550560565,4.890843855056061,8.821539604802062,8.821539604802066,10.7137862802803,10.713786280280301
1,0.23972195259913034,0.5,0.155,0.655,4.906222343960388,4.9062223439603905,8.806809309431742,8.806809309431744,10.720656265338576,10.72065626533858
1,0.24155189116858936,0.5,0.16,0.66,4.921275653521511,4.921275653521515,8.792444813290444,8.792444813290446,10.727285131773662,10.727285131773662
1,0.24338182973804837,0.5,0.165,0.665,4.935941519800903,4.935941519800906,8.77849926674742,8.778499266747422,10.733654468340946,10.733654468340948
1,0.24521176830750738,0.5,0.17,0.67,4.950158520491945,4.950158520491947,8.765024777108266,8.765024777108266,10.739747085867519,10.739747085867522
1,0.2470417068769664,0.5,0.175,0.675,4.963866356422414,4.963866356422415,8.752072243493785,8.752072243493789,10.745546982106598,10.7455469821066
1,0.24887164544642537,0.5,0.18,0.6799999999999999,4.977006145088954,4.9770061450889544,8.739691173555345,8.739691173555352,10.751039307288902,10.751039307288904
1,0.2507015840158844,0.5,0.185,0.685,4.989520724955087,4.989520724955089,8.727929482884514,8.727929482884518,10.75621033084909,10.756210330849092
1,0.2525315225853434,0.5,0.19,0.69,5.001354968691728,5.00135496869173,8.716833278660943,8.716833278660944,10.76104740969063,10.761047409690631
1,0.2543614611548024,0.5,0.195,0.6950000000000001,5.012456102954843,5.012456102954844,8.706446629774906,8.706446629774915,10.765538958258556,10.765538958258556
1,0.2561913997242614,0.5,0.2,0.7,5.022774031700104,5.022774031700104,8.696811326341775,8.696811326341777,10.769674420613555,10.769674420613555
1,0.2580213382937204,0.5,0.205,0.705,5.0322616594549645,5.032261659454966,8.687966632171287,8.687966632171287,10.773444244640439,10.773444244640439
1,0.25985127686317944,0.5,0.21,0.71,5.040875210434635,5.040875210434636,8.679949034338543,8.679949034338549,10.77683985847676,10.77683985847676
1,0.26168121543263845,0.5,0.215,0.715,5.048574538931235,5.048574538931237,8.672791994495846,8.672791994495848,10.779853649211159,10.779853649211159
1,0.26351115400209746,0.5,0.22,0.72,5.055323426057814,5.055323426057815,8.666525706935717,8.666525706935722,10.782478943874088,10.782478943874091
1,0.26534109257155647,0.5,0.225,0.725,5.061089857720798,5.0610898577208,8.66117686863661,8.661176868636616,10.784709992724528,10.78470999272453
1,0.2671710311410155,0.5,0.23,0.73,5.065846278651967,5.065846278651968,8.656768466570043,8.656768466570044,10.786541954823246,10.786541954823248
1,0.2690009697104745,0.5,0.235,0.735,5.069569817473051,5.069569817473052,8.653319587403558,8.653319587403558,10.787970885875609,10.78797088587561
1,0.2708309082799335,0.5,0.24,0.74,5.072242478102499,5.072242478102506,8.650845254389703,8.650845254389706,10.78899372832331,10.788993728323314
1,0.2726608468493925,0.5,0.245,0.745,5.073851293343386,5.073851293343392,8.649356295689211,8.649356295689214,10.789608303664055,10.789608303664057
1,0.2744907854188515,0.5,0.25,0.75,5.074388437200994,5.074388437200995,8.648859247651114,8.648859247651119,10.789813306980554,10.789813306980554
2,0.2744907854188515,0.5,0.25,0.75,5.074388437200994,5.074388437200995,8.648859247651114,8.648859247651119,10.789813306980554,10.789813306980554
2,0.2757847473904708,0.4975,0.2525,0.75,5.060321947332184,5.087905852244952,8.635195071337609,8.66273573066804,10.788585789767428,10.791024115517002
2,0.2770787093620901,0.495,0.255,0.75,5.045389723171661,5.101211002808164,8.622187003185806,8.676375726054829,10.787260175103086,10.792298437814042
2,0.2783726713337094,0.4925,0.2575,0.75,5.029627079055268,5.114300645519547,8.609824067180352,8.689781307515833,10.785837817954091,10.793633354349787
2,0.2796666333053287,0.49,0.26,0.75,5.013071681358222,5.127171558086531,8.598093806277893,8.702954232141924,10.784320443279624,10.795025822474225
2,0.280960595276948,0.4875,0.2625,0.75,4.995763429102963,5.139820541636764,8.58698240019154,8.715895938394313,10.782710143123,10.796472679354505
2,0.2822545572485673,0.485,0.265,0.75,4.977744325208274,5.152244423056805,8.576474790218887,8.728607544805604,10.78100937284847,10.79797064542384
2,0.2835485192201866,0.4825,0.2675,0.75,4.959058340118284,5.164440057327013,8.566554809180317,8.741089849415783,10.779220946512636,10.799516328340374
2,0.2848424811918059,0.48,0.27,0.75,4.93975126952125,5.176404329851305,8.55720531455556,8.753343329963974,10.777348031357167,10.80110622745954
2,0.2861364431634252,0.4775,0.2725,0.75,4.919870587794138,5.188134158780439,8.548408322973565,8.765368144860233,10.77539414140708,10.802736738820293
2,0.2874304051350445,0.475,0.275,0.75,4.899465298696099,5.199626497327153,8.540145144317654,8.77716413496429,10.773363130156266,10.80440416064239
2,0.28872436710666377,0.4725,0.2775,0.75,4.878585784689029,5.210878336071254,8.532396513847532,8.788730826201451,10.771259182319627,10.80610469932868
2,0.29001832907828307,0.47,0.28,0.75,4.857283656094981,5.221886705252695,8.525142720904983,8.800067433048566,10.769086804629053,10.80783447596314
2,0.2913122910499023,0.4675,0.2825,0.75,4.835611601114894,5.232648677050334,8.518363732952118,8.81117286292504,10.766850815648583,10.809589533292097
2,0.2926062530215216,0.46499999999999997,0.28500000000000003,0.75,4.813623237540365,5.2431613678439914,8.512039313884392,8.822045721526196,10.764556334582506,10.811365843172764
2,0.29390021499314084,0.4625,0.2875,0.75,4.791372966795663,5.253421940457261,8.506149135756266,8.832684319137465,10.762208769049307,10.813159314470282
2,0.29519417696476014,0.46,0.29,0.75,4.768915830758252,5.263427606378479,8.500672883251163,8.84308667796885,10.75981380179377,10.814965801381117
2,0.29648813893637943,0.4575,0.2925,0.75,4.746307371627717,5.273175627956928,8.49559035041296,8.853250540549029,10.757377376309838,10.816781112157898
2,0.2977821009079987,0.455,0.295,0.75,4.723603494950444,5.282663320571638,8.490881529330467,8.86317337921796,10.754905681347921,10.818601018207996
2,0.299076062879618,0.4525,0.2975,0.75,4.700860335762776,5.2918880547696885,8.486526690625002,8.872852406754777,10.752405134282206,10.820421263535405
2,0.3003700248512373,0.45,0.3,0.75,4.678134127693078,5.300847258371252,8.48250645573393,8.88228458817528,10.749882363316623,10.822237574493213
2,0.3016639868228566,0.4475,0.3025,0.75,4.655481074762945,5.309538418538286,8.478801861106595,8.89146665372904,10.747344188512033,10.82404566981167
2,0.3029579487944759,0.445,0.305,0.75,4.632957225552075,5.317959083804086,8.475394414535186,8.900395113121176,10.744797601622903,10.825841270865013
2,0.3042519107660952,0.4425,0.3075,0.75,4.610618349338819,5.3261068660607105,8.472266143930057,8.909066270976831,10.742249744738007,10.827620112138337
2,0.3055458727377145,0.44,0.31,0.75,4.588519813799896,5.333979442501479,8.469399638919286,8.917476243558557,10.739707887728137,10.829377951854534
2,0.3068398347093338,0.4375,0.3125,0.75,4.566716463846553,5.341574557515783,8.466778085705743,8.925620976737,10.737179404513205,10.831110582720088
2,0.3081337966809531,0.435,0.315,0.75,4.5452625011890415,5.348890024533539,8.464385295653766,8.933496265204202,10.734671748172216,10.832813842747582
2,0.3094277586525724,0.4325,0.3175,0.75,4.524211364256102,5.3559237278167195,8.462205728102992,8.941097772906009,10.732192424932146,10.83448362611213
2,0.3107217206241917,0.43,0.32,0.75,4.50361560814788,5.362673624195513,8.460224507920897,8.948421054655924,10.729748967085776,10.83611589399873
2,0.312015682595811,0.4275,0.3225,0.75,4.483526784368622,5.36913774474685,8.45842743830945,8.955461578877241,10.727348904903883,10.837706685397235
2,0.31330964456743027,0.425,0.325,0.75,4.463995320166313,5.3753141964130675,8.456801009376898,8.962214751403137,10.724999737623811,10.839252127801922
2,0.31460360653904956,0.4225,0.3275,0.75,4.445070397398681,5.381201163558792,8.455332402974623,8.968675940246737,10.72270890361413,10.840748447773093
2,0.31589756851066886,0.42,0.33,0.75,4.426799830945244,5.386796909464054,8.454009494282145,8.974840501234103,10.720483749833377,10.842191981318521
2,0.31719153048228815,0.4175,0.3325,0.75,4.409229946792076,5.392099777752133,8.452820850602897,8.98070380437401,10.718331500720126,10.843579184053803
2,0.31848549245390745,0.415,0.335,0.75,4.392405460025197,5.397108193750368,8.451755727809127,8.986261260818688,10.716259226670351,10.844906641101321
2,0.31977945442552674,0.4125,0.3375,0.75,4.376369353079328,5.4018206657827665,8.450804064848517,8.991508350250516,10.714273812277185,10.846171076689084
2,0.321073416397146,0.41000000000000003,0.33999999999999997,0.75,4.36116275469648,5.406235786393076,8.449956476697826,8.996440648511236,10.712381924526056,10.847369363411945
2,0.3223673783687653,0.4075,0.3425,0.75,4.346824820152008,5.410352233497235,8.449204246120512,9.00105385527267,10.710589981155124,10.848498531119242
2,0.3236613403403845,0.405,0.345,0.75,4.333392613400805,5.414168771464354,8.448539314557571,9.005343821532524,10.708904119406128,10.849555775394842
2,0.3249553023120038,0.40249999999999997,0.34750000000000003,0.75,4.320900991880933,5.417684252125355,8.447954272452778,9.009306576705486,10.707330165403363,10.850538465596985
2,0.32624926428362305,0.4,0.35,0.75,4.309382494783409,5.420897615708667,8.447442349286263,9.012938355069117,10.705873604408952,10.851444152427717
2,0.32754322625524235,0.3975,0.3525,0.75,4.2988672356525655,5.423807891702343,8.446997403564136,9.01623562131687,10.704539552208832,10.852270575003253
2,0.32883718822686164,0.395,0.355,0.75,4.2893828002203405,5.426414199642181,8.446613912986436,9.019195094967063,10.703332727887345,10.85301566739905
2,0.33013115019848094,0.3925,0.3575,0.75,4.280954150396514,5.428715749825543,8.4462869649915,9.021813773377058,10.70225742824695,10.853677564645386
2,0.33142511217010023,0.39,0.36,0.75,4.273603535336082,5.430711843950457,8.446012247851595,9.02408895311685,10.701317504124166,10.854254608151317
2,0.33271907414171953,0.3875,0.3625,0.75,4.267350410482625,5.43240187567993,8.445786042472937,9.02601824946597,10.700516338842789,10.854745350537364
2,0.3340130361133388,0.385,0.365,0.75,4.262211365442732,5.433785331131175,8.445605215032135,9.0275996138114,10.699856829030749,10.85514855985937
2,0.3353069980849581,0.3825,0.3675,0.75,4.258200061482764,5.434861789289754,8.445467210561326,9.028831348743216,10.69934136800775,10.855463223208364
2,0.3366009600565774,0.38,0.37,0.75,4.255327179354708,5.435630922348446,8.445370047575356,9.02971212066726,10.69897183192727,10.855688549673452
2,0.3378949220281967,0.3775,0.3725,0.75,4.253600378056878,5.436092495970931,8.4453123138163,9.030240969781472,10.69874956882917,10.85582397265734
2,0.339188883999816,0.375,0.375,0.75,4.253024265017122,5.436246369480071,8.44529316317295,9.030417317292345,10.698675390728075,10.855869151536094
3,0.339188883999816,0.375,0.375,0.75,4.253024265017122,5.436246369480071,8.44529316317295,9.030417317292345,10.698675390728075,10.855869151536094
3,0.34307076991467383,0.3675,0.3675,0.735,4.214237750200547,5.473664434554194,8.374817379821154,9.046727163036229,10.716383725960416,10.874753083398618
3,0.34695265582953166,0.36,0.36,0.72,4.1731233837874075,5.50035993693815,8.302115249259796,9.070481060496702,10.734643346727799,10.892214502243624
3,0.3508345417443895,0.3525,0.3525,0.705,4.129692956586592,5.515501469713116,8.227122639740688,9.102049078777213,10.753400146289962,10.908237298357697
3,0.3547164276592473,0.345,0.345,0.69,4.083962729111078,5.518550893890103,8.149744873160769,9.14156056870049,10.772602108983047,10.92283795357775
3,0.35859831357410515,0.3375,0.3375,0.675,4.035953293323367,5.509270049430564,8.069859891610145,9.188894935983507,10.792199426490862,10.936062907720334
3,0.362480199488963,0.33,0.33,0.66,3.9856893208730146,5.487704694217348,7.987321409579842,9.243694963922707,10.812144525684936,10.94798586498435
3,0.3663620854038208,0.3225,0.3225,0.645,3.933199204969706,5.454148741658592,7.901962104086515,9.305399751984389,10.8323920148126,10.958704982236997
3,0.37024397131867864,0.315,0.315,0.63,3.8785146062249947,5.4090953360201155,7.813596882155368,9.373290830919068,10.852898557087364,10.96833989576016
3,0.3741258572335365,0.3075,0.3075,0.615,3.8216699157396015,5.353182671952541,7.722026249335611,9.446543617611093,10.873622682627866,10.977028560857626
3,0.3780077431483943,0.3,0.3,0.6,3.762701651332624,5.287141696789316,7.6270397855150325,9.524277117048792,10.894524551152744,10.98492389835823
3,0.38188962906325213,0.2925,0.2925,0.585,3.7016478050310266,5.21175069816053,7.528419716379671,9.605596896359637,10.915565678834986,10.99219026231958
3,0.38577151497810996,0.28500000000000003,0.28500000000000003,0.5700000000000001,3.638547161694546,5.12779927917507,7.4259445515436955,9.689628841906982,10.93670864323365,10.998999762969317
3,0.38965340089296785,0.27749999999999997,0.27749999999999997,0.5549999999999999,3.5734386098815745,5.036062116332375,7.319392744798896,9.77554330664649,10.957916780250878,11.005528496900627
3,0.3935352868078257,0.27,0.27,0.54,3.506360466716862,4.937281515010934,7.2085463192399795,9.8625706269868,10.979153886622687,11.011952751551188
3,0.3974171727226835,0.2625,0.2625,0.525,3.4373498385606682,4.83215711132235,7.093194391234708,9.950009648232665,11.000383940571071,11.018445261932541
3,0.40129905863754134,0.255,0.255,0.51,3.3664420386825884,4.72134093000115,6.973136523106233,10.037231032184252,11.021570851966707,11.025171603579523
3,0.40518094455239917,0.2475,0.2475,0.495,3.2936700819004843,4.605436176970885,6.848185835379276,10.123676948142577,11.032286806274119,11.04267825173029
3,0.409062830467257,0.24,0.24,0.48,3.219064274274898,4.484998447214544,6.7181718154497165,10.208858444265623,11.039932268257353,11.063669328303133
3,0.41294471638211483,0.2325,0.2325,0.465,3.1426519134843085,4.360538352016679,6.582942770012426,10.292351471331331,11.048233040870743,11.084506716917007
3,0.41682660229697266,0.225,0.225,0.45,3.0644571125063385,4.232524857165032,6.442367882530197,10.373792242753401,11.057295539817162,11.105152445169237
3,0.4207084882118305,0.2175,0.2175,0.435,2.9845007557737446,4.101388854232407,6.2963388531325215,10.452872384160749,11.067205722786259,11.125567936142875
3,0.4245903741266883,0.21000000000000002,0.21000000000000002,0.42000000000000004,2.90280059316319,3.967526659744336,6.144771115134394,10.529334153807019,11.078027755510501,11.145714068084825
3,0.42847226004154615,0.2025,0.2025,0.405,2.819371473126936,3.831303260102017,5.9876046384371975,10.602965893267257,11.089803170842906,11.165551287544382
3,0.432354145956404,0.195,0.195,0.39,2.7342257121235938,3.6930552044157507,5.82480434419726,10.673597785441924,11.10255050943281,11.185039770952597
3,0.4362360318712618,0.1875,0.1875,0.375,2.6473735933846068,3.5530931031869546,5.656360166432281,10.741097943529338,11.116265416966774,11.204139627951447
3,0.44011791778611964,0.18,0.18,0.36,2.5588239841067173,3.4117037265334695,5.482286804180795,10.805368821850312,11.130921162311187,11.222811138413412
3,0.44399980370097747,0.17250000000000001,0.17250000000000001,0.34500000000000003,2.468585056525064,3.2691517178398803,5.302623212321123,10.866343920724965,11.14646953343993,11.24101501406613
3,0.4478816896158353,0.165,0.165,0.33,2.37666509511958,3.125680951999567,5.11743188041403,10.923984748305399,11.162842063628924,11.258712674979405
3,0.45176357553069313,0.1575,0.1575,0.315,2.283073369545807,2.9815155750362963,4.926797947424528,10.978277999068125,11.17995153868146,11.275866530895565
3,0.45564546144555096,0.15000000000000002,0.15000000000000002,0.30000000000000004,2.1878210508448532,2.8368607660184066,4.730828196516252,11.029232909328385,11.19769373639826,11.29244025748705
3,0.4595273473604088,0.14250000000000002,0.14250000000000002,0.28500000000000003,2.0909221471330994,2.691903264208125,4.529649968961804,11.076878753167144,11.215949351554885,11.308399058092103
3,0.4634092332752666,0.135,0.135,0.27,1.9923944343313178,2.546811705190823,4.323410030213231,11.121262446588993,11.234586062742816,11.323709902283289
3,0.46729111919012445,0.1275,0.1275,0.255,1.8922603575667156,2.4017368097999854,4.112273414886025,11.162446232928776,11.253460701087077,11.33834173372519
3,0.4711730051049823,0.12,0.12,0.24,1.7905478796445848,2.2568114692563075,3.896422271273855,11.200505428094644,11.272421484689072,11.352265641129957
3,0.4750548910198401,0.11249999999999999,0.11249999999999999,0.22499999999999998,1.687291254391553,2.112150769164199,3.6760547203545917,11.235526209914424,11.29131028637921,11.365454987666121
3,0.47893677693469794,0.10499999999999998,0.10499999999999998,0.20999999999999996,1.5825317046494067,1.9678519938621901,3.4513837392792226,11.267603441465477,11.309964905824199,11.377885495857454
3,0.48281866284955577,0.09750000000000003,0.09750000000000003,0.19500000000000006,1.4763179871637873,1.8239946510349143,3.2226360751629164,11.296838523689239,11.328221320125405,11.389535286760017
3,0.4867005487644136,0.09000000000000002,0.09000000000000002,0.18000000000000005,1.3687068294728233,1.680640554379925,2.990051191649802,11.323337277719999,11.345915889742011,11.400384873962672
3,0.49058243467927143,0.08250000000000002,0.08250000000000002,0.16500000000000004,1.2597632270558135,1.537833999382513,2.7538802481693594,11.347207862105622,11.36288749889494,11.410417114655045
3,0.49446432059412926,0.07500000000000001,0.07500000000000001,0.15000000000000002,1.14956059235334,1.3956020637995223,2.5143851099720522,11.368558734382905,11.378979611603508,11.419617121586988
3,0.4983462065089871,0.0675,0.0675,0.135,1.0381807507205778,1.2539550602335963,2.271837385833321,11.387496670212123,11.394042226238275,11.427972141149462
3,0.5022280924238449,0.06,0.06,0.12,0.9257137818354839,1.1128871631703978,2.0265174896414924,11.404124856397694,11.40793371300603,11.435471403989984
3,0.5061099783387027,0.05249999999999999,0.05249999999999999,0.10499999999999998,0.812257708473627,0.9723772270840491,1.7787137218360038,11.418541076553574,11.420522520178276,11.442105955496432
3,0.5099918642535606,0.04500000000000004,0.04500000000000004,0.09000000000000008,0.6979180378084275,0.8323898057787682,1.5287213667334252,11.430836009852175,11.431688736186192,11.447868474110107
3,0.5138737501684184,0.03750000000000003,0.03750000000000003,0.07500000000000007,0.5828071634440777,0.6928763761714978,1.2768418020823233,11.441091664179023,11.441325495976121,11.452753085743506
3,0.5177556360832762,0.030000000000000027,0.030000000000000027,0.06000000000000005,0.4670436391838554,0.5537767624364063,1.0233816176405717,11.449340221283157,11.449379965074522,11.456755182570681
3,0.5216375219981341,0.02250000000000002,0.02250000000000002,0.04500000000000004,0.3507513380501786,0.4150207490827406,0.7686517401051579,11.455655685759037,11.455761521078713,11.459871254132503
3,0.5255194079129919,0.015000000000000013,0.015000000000000013,0.030000000000000027,0.23405851225796073,0.2765298644156451,0.5129665622796291,11.460210897198047,11.460284584528171,11.46209873806878
3,0.5294012938278497,0.007500000000000007,0.007500000000000007,0.015000000000000013,0.11709677170059508,0.13821930924740514,0.2566430748990421,11.462961790448018,11.462984224543403,11.46343589688052
3,0.5332831797427076,0.0,0.0,0.0,8.215144003995272e-08,1.167401988983794e-07,1.911079230978091e-07,11.463881725973213,11.463881725973216,11.46388172597322
4,0.5332831797427076,0.0,0.0,0.0,8.215144003995272e-08,1.167401988983794e-07,1.911079230978091e-07,11.463881725973213,11.463881725973216,11.46388172597322
4,0.5364527263197405,0.01,0.01,0.01,0.1016738971614048,0.10167389716166386,0.21241103116149343,11.46317811166054,11.463479108879842,11.463479108879843
4,0.5396222728967734,0.02,0.02,0.02,0.2032487374790821,0.2032487374792135,0.4247295064653199,11.461065337116493,11.462272896694895,11.462272896694897
4,0.5427918194738064,0.03,0.03,0.03,0.30462537088533204,0.30462537088537245,0.6368628330182524,11.457537619848308,11.460267999926375,11.460267999926378
4,0.5459613660508393,0.04,0.04,0.04,0.4057044667881753,0.40570446678820254,0.848718346012754,11.452585363429106,11.457472580188668,11.457472580188671
4,0.5491309126278723,0.05,0.05,0.05,0.5063864384709119,0.5063864384709852,1.0602032780946258,11.446195219007613,11.453898016444834,11.453898016444834
4,0.5523004592049052,0.06,0.06,0.06,0.6065713846596555,0.6065713846597354,1.2712247349214705,11.43835017125544,11.449558857925455,11.449558857925455
4,0.5554700057819382,0.07,0.07,0.07,0.7061590532926678,0.7061590532927234,1.4816896786545264,11.42902964858068,11.444472763900174,11.444472763900176
4,0.5586395523589711,0.08,0.08,0.08,0.8050488319493059,0.8050488319493266,1.6915049208523376,11.418209657381645,11.438660430523422,11.438660430523422
4,0.5618090989360041,0.09,0.09,0.09,0.9031397687127732,0.9031397687127994,1.9005771259073823,11.405862940057727,11.432145505018335,11.432145505018342
4,0.564978645513037,0.1,0.1,0.1,1.000330626456136,1.0003306264561456,2.1088128257815297,11.391959156437506,11.424954487502495,11.424954487502497
4,0.56814819209007,0.11,0.11,0.11,1.0965199726777863,1.0965199726778074,2.3161184463638276,11.376465088231006,11.41711662079595,11.417116620795955
4,0.5713177386671029,0.12,0.12,0.12,1.1916063060898388,1.1916063060898563,2.52240034529605,11.35934486606885,11.408663768587362,11.408663768587365
4,0.5744872852441358,0.13,0.13,0.13,1.2854882202059985,1.2854882202060185,2.727564860593919,11.340560218663459,11.39963028236813,11.399630282368133
4,0.5776568318211688,0.14,0.14,0.14,1.3780646031988264,1.378064603198842,2.9315183688368465,11.320070743626177,11.390052857579564,11.390052857579564
4,0.5808263783982017,0.15,0.15,0.15,1.4692348723312514,1.4692348723312645,3.134167351107426,11.297834199512355,11.379970379455063,11.379970379455065
4,0.5839959249752347,0.16,0.16,0.16,1.5588992403257933,1.5588992403258077,3.335418464231618,11.273806818759617,11.369423759080366,11.369423759080368
4,0.5871654715522676,0.17,0.17,0.17,1.6469590101436216,1.6469590101436322,3.5351786141948023,11.247943641354004,11.358455760241199,11.3584557602412
4,0.5903350181293006,0.18,0.18,0.18,1.7333168938210444,1.733316893821054,3.7333550278768795,11.22019886932933,11.347110817681388,11.347110817681395
4,0.5935045647063335,0.19,0.19,0.19,1.817877350268608,1.817877350268626,3.9298553184388685,11.19052624261044,11.335434847456103,11.335434847456106
4,0.5966741112833664,0.2,0.2,0.2,1.9005469362988638,1.900546936298874,4.124587538777223,11.158879437292592,11.32347505013556,11.323475050135562
4,0.5998436578603994,0.21,0.21,0.21,1.981234664621483,1.9812346646214867,4.31746021639332,11.125212488262282,11.311279707694156,11.311279707694158
4,0.6030132044374323,0.22,0.22,0.22,2.0598523621440092,2.059852362144019,4.5083823617411145,11.089480239180935,11.298897975007396,11.298897975007401
4,0.6061827510144653,0.23,0.23,0.23,2.136315021655166,2.136315021655179,4.6972634405268625,11.05163882437021,11.286379666973222,11.286379666973222
4,0.6093522975914982,0.24,0.24,0.24,2.210541139850085,2.2105411398500876,4.884013298410136,11.011646189188166,11.273775042371613,11.273775042371614
4,0.6125218441685312,0.25,0.25,0.25,2.2824530346926295,2.282453034692633,5.068542023915991,10.969462658251942,11.261134585674204,11.261134585674206
4,0.6156913907455641,0.26,0.26,0.26,2.351977135304623,2.351977135304633,5.2507597318550845,10.925051564603933,11.248508788108184,11.248508788108188
4,0.6188609373225971,0.27,0.27,0.27,2.4190442379231265,2.4190442379231323,5.430576244792075,10.878379957999083,11.235947929362052,11.235947929362053
4,0.62203048389963,0.28,0.28,0.28,2.483589721980207,2.483589721980212,5.6079006435701855,10.829419417439722,11.22350186138771,11.223501861387714
4,0.625200030476663,0.29,0.29,0.29,2.545553721026475,2.5455537210264816,5.782640648813068,10.778147002670547,11.211219795799202,11.211219795799202
4,0.6283695770536959,0.3,0.3,0.3,2.6048812440371223,2.6048812440371334,5.954701782537309,10.724546392706571,11.199150096386258,11.199150096386258
4,0.6315391236307288,0.31,0.31,0.31,2.6615222435939567,2.661522243593961,6.123986240808731,10.668609278299837,11.187340078246596,11.187340078246597
4,0.6347086702077618,0.32,0.32,0.32,2.7154316285164626,2.7154316285164626,6.290391382179787,10.610337102125948,11.175835814989687,11.17583581498969
4,0.6378782167847947,0.33,0.33,0.33,2.7665692196999454,2.766569219699947,6.453807698503447,10.54974327932376,11.164681955374547,11.164681955374549
4,0.6410477633618277,0.34,0.34,0.34,2.8148996491854392,2.814899649185445,6.614116078518828,10.486856087945972,11.15392155061373,11.15392155061373
4,0.6442173099388606,0.35000000000000003,0.35000000000000003,0.35000000000000003,2.8603922038088934,2.8603922038088987,6.771184090777871,10.421722503426809,11.143595893406806,11.143595893406808
4,0.6473868565158936,0.36,0.36,0.36,2.9030206161219603,2.903020616121971,6.924860885895513,10.35441337846056,11.133744369562109,11.133744369562109
4,0.6505564030929265,0.37,0.37,0.37,2.94276280661312,2.9427628066131253,7.074970124635874,10.28503056382014,11.12440432283195,11.12440432283195
4,0.6537259496699594,0.38,0.38,0.38,2.9796005825430636,2.97960058254307,7.221300039406975,10.2137168651946,11.115610933330624,11.115610933330627
4,0.6568954962469924,0.39,0.39,0.39,3.0135192999094667,3.01351929990947,7.3635892709249875,10.140670197478688,11.107397109636784,11.107397109636784
4,0.6600650428240253,0.4,0.4,0.4,3.0445074961292184,3.044507496129221,7.501506393463453,10.066164026751645,11.099793394412028,11.099793394412032
4,0.6632345894010583,0.41000000000000003,0.41000000000000003,0.41000000000000003,3.072556501937103,3.072556501937111,7.634619910375955,9.990577322274486,11.092827883108306,11.09282788310831
4,0.6664041359780912,0.42,0.42,0.42,3.097660041712305,3.0976600417123117,7.762353788162139,9.914438954514571,11.086526155098753,11.086526155098754
4,0.6695736825551242,0.43,0.43,0.43,3.119813831926565,3.1198138319265776,7.883921179891955,9.838493892810831,11.080911216361237,11.080911216361237
4,0.6727432291321571,0.44,0.44,0.44,3.1390151876399255,3.1390151876399326,7.998226196242956,9.763801348888661,11.076003452681437,11.076003452681439
4,0.6759127757091901,0.45,0.45,0.45,3.1552626469298604,3.1552626469298652,8.103722509500226,9.691876085257464,11.071820592229752,11.071820592229752
4,0.679082322286223,0.46,0.46,0.46,3.168555622824057,3.1685556228240594,8.19822574077333,9.624875942423506,11.068377676310202,11.068377676310206
4,0.682251868863256,0.47000000000000003,0.47000000000000003,0.47000000000000003,3.1788940917129254,3.1788940917129263,8.278714475863213,9.565800743367664,11.065687037082492,11.065687037082498
4,0.6854214154402889,0.48,0.48,0.48,3.1862783263602092,3.1862783263602137,8.341259826520814,9.518562662021978,11.063758281120183,11.063758281120187
4,0.6885909620173218,0.49,0.49,0.49,3.1907086805256464,3.1907086805256553,8.381399959307913,9.48761163651231,11.062598277786202,11.062598277786202
4,0.6917605085943548,0.5,0.5,0.5,3.192185430896074,3.192185430896081,8.395299709772784,9.476775711856442,11.062211151575612,11.062211151575614
