case,window_invA,mx_me,my_me,md_me,shift_x_invA,shift_y_invA,CBM_eV,fit_RMS_eV,fit_max_residual_eV,Hxy_eVA2
k16-minus005,0.01,0.45740249023925106,0.4676135731135156,0.46247985124973096,-0.003495038283559592,-3.3320541662484944e-09,0.0820433686443659,4.9342794000336265e-06,8.876191999157568e-06,-1.4994994170549987e-05
k16-minus005,0.02,0.45870329470142523,0.4690226673595618,0.46383428377760527,-0.003457118163083159,-2.8045777428493664e-09,0.0820510799378069,3.0492692051167006e-05,5.885738264496676e-05,-1.779969313034093e-06
k16-minus005,0.03,0.4617731651173283,0.4721653057494349,0.46694032562470744,-0.0034038653253740917,-4.295170210743423e-10,0.08207920171369233,8.977044340884462e-05,0.00020251519100623894,-5.6190157829599e-07
k16-plus005,0.01,0.4519057701088592,0.44160137434707786,0.4467238623080998,0.0036094541034891415,1.0038076582321388e-08,-0.03730429897088786,5.314105713377033e-06,9.842847980758018e-06,-5.324006429672199e-06
k16-plus005,0.02,0.4534666072443129,0.4432746754385339,0.4483416812526335,0.0036507313197477018,2.0668706744091777e-09,-0.03730000411187272,3.234355521671413e-05,6.407516124228713e-05,-1.769298614572502e-06
k16-plus005,0.03,0.4565828744706662,0.4463537095849797,0.4514393201228215,0.003717445485894555,5.95347801588776e-10,-0.03727726962583006,9.392916836002223e-05,0.00020009627437005129,-7.313622467822858e-07
k16-zero,0.01,0.4544474856176709,0.4547143203956075,0.4545808834279753,2.561095605106699e-05,-2.9430443589494767e-09,0.022160406819093256,4.543649598620353e-06,8.607644188737829e-06,-6.026722724918583e-06
k16-zero,0.02,0.4560133452864137,0.45594802508675475,0.45598068401692693,6.659923863448453e-05,-2.8937487702125083e-10,0.022165684225200065,3.165048588775396e-05,6.149697165635029e-05,1.6575753402623515e-07
k16-zero,0.03,0.45894103486752663,0.45893811233822857,0.4589395736005511,0.00012499725308933728,4.6050420594526693e-10,0.022189543755529693,9.177908372865743e-05,0.0001974160885434284,7.934478129583021e-08
minus005,0.01,0.45740000159948047,0.46761105077281123,0.4624773457928462,-0.0034950835040937446,-3.332306605030229e-09,0.08204335724595052,4.93427875284305e-06,8.876187822207116e-06,-1.499446163612911e-05
minus005,0.02,0.4587008026517247,0.4690201268913782,0.4638317676322866,-0.0034571634310758964,-2.8042964887326966e-09,0.08205106862041513,3.049270989396917e-05,5.885745300418521e-05,-1.7798566301913173e-06
minus005,0.03,0.46177067537781835,0.47216276326819917,0.46693780965200654,-0.0034039109937678315,-4.294796049541752e-10,0.08207919071964885,8.977051071165408e-05,0.00020251579478861026,-5.618809739818717e-07
minus010,0.01,0.4603292389139243,0.4822565006537342,0.4711653296956882,-0.006968720686576912,6.542743238782111e-09,0.14231965522464413,4.836519677279024e-06,8.509921228722073e-06,4.932666478459429e-06
minus010,0.02,0.46244569382992856,0.4832162755905681,0.4727169193453953,-0.006936211040606385,2.8660218405647236e-09,0.1423306668493691,2.9781530631473977e-05,5.6498041991787096e-05,2.7668486008888997e-06
minus010,0.03,0.46574977941018625,0.4862377509605553,0.4758835206757887,-0.006891153906060312,1.3398913382381117e-09,0.1423621005518926,8.663685052357038e-05,0.0001997248266667473,4.578909208473764e-07
plus005,0.01,0.4519026618764255,0.4415984157299241,0.4467208295443413,0.003609267875564032,1.003818032570566e-08,-0.03730692044956511,5.314136759290928e-06,9.842904714438272e-06,-5.324561683772524e-06
plus005,0.02,0.4534635006377261,0.44327171504337237,0.44833864838675064,0.0036505450722603304,2.066969072383345e-09,-0.0373026254367619,3.2343677561874566e-05,6.407536702147248e-05,-1.7695494412958788e-06
plus005,0.03,0.4565797663507459,0.44635074192060253,0.45143628283135506,0.0037172588101264136,5.954132586230553e-10,-0.03727989050864253,9.392952980981177e-05,0.00020009697263925763,-7.315158258920144e-07
plus010,0.01,0.45133545173893774,0.4310325955362676,0.4410672184833483,0.007262281731533852,-5.749998345264419e-09,-0.0963829242470274,4.453810469566276e-06,7.716433186213956e-06,1.0319773762257457e-05
plus010,0.02,0.452887777047149,0.4317797188779727,0.4422078211165971,0.0073057483266896,6.44968021660827e-10,-0.096381312511944,3.187482112678399e-05,6.191340648073473e-05,7.477008183018352e-07
plus010,0.03,0.4558972665109828,0.4346479426540911,0.4451458288590634,0.00738266288010661,1.9700584155505685e-11,-0.09636240494360594,9.498848283829196e-05,0.00020039107048955285,3.164564748966519e-07
vacuum28-minus005,0.01,0.4573039390525857,0.46767943664506456,0.4624625915592465,-0.003487395799673579,1.918968417614119e-09,-0.6804630175505358,5.507335184476164e-06,9.642247323249364e-06,3.971187823039938e-06
vacuum28-minus005,0.02,0.45875701568017696,0.4689660518482442,0.463833446833254,-0.0034520633595067525,9.35625922290006e-10,-0.6804553237560859,2.9614229490678412e-05,5.992355699735441e-05,-1.3325447950075627e-06
vacuum28-minus005,0.03,0.4620156649096943,0.4721665442104596,0.46706352873191526,-0.0034050438303961203,-2.664872241651446e-10,-0.6804269277966359,8.902111820837275e-05,0.00019972812869084589,-7.796495853574398e-07
vacuum28-plus005,0.01,0.4515121019564338,0.44128635991896503,0.44636994962891324,0.003615016579229691,-8.881156036138388e-10,-0.7932344042215547,5.172356032714721e-06,8.961387041206414e-06,2.2190577167825314e-06
vacuum28-plus005,0.02,0.45349524431476124,0.442996836773903,0.4482153039817445,0.0036542570345376945,1.0823819653036926e-09,-0.7932294757591148,3.2075017851606336e-05,6.375716580830915e-05,6.150823051485086e-08
vacuum28-plus005,0.03,0.4567558020352368,0.44609803813377,0.4513954665192555,0.0037228208641039125,1.4028898477847678e-10,-0.7932062850890378,9.375704182039588e-05,0.0002017757976517931,-8.983849090327981e-07
vacuum28-zero,0.01,0.45491161056851176,0.4530226297429,0.4539661376361971,3.662591950872106e-05,5.956124286348264e-11,-0.7370481346251275,6.561629196867995e-06,1.2614361481921854e-05,1.4270518801107447e-06
vacuum28-zero,0.02,0.45546691609037965,0.45531922306781913,0.4553930635916272,7.040619867612922e-05,3.444809331709636e-10,-0.7370423009405513,3.316574618134094e-05,6.749701869535052e-05,8.423148658934431e-07
vacuum28-zero,0.03,0.4587899227143321,0.458667255999201,0.4587285852565418,0.0001273849802491781,3.609806112798136e-10,-0.7370156536866186,9.282679588888002e-05,0.00020043367253552713,7.83215032240485e-08
zero,0.01,0.45444614613586326,0.45471246278793787,0.45457928495910044,2.560123752940156e-05,-2.2897226725836738e-09,0.022172588993759075,4.543397079072445e-06,8.607535101394503e-06,1.4141009224159214e-06
zero,0.02,0.4560118247455952,0.4559465055835881,0.4559791639949692,6.659653068904663e-05,-1.226809186630084e-09,0.022177867166625027,3.164977028524813e-05,6.14986367195626e-05,-1.2565446092228515e-06
zero,0.03,0.45893936618406683,0.4589364866081122,0.45893792639383113,0.00012499550864600306,-6.094468692460792e-10,0.022201726043026494,9.177831588345768e-05,0.00019741314053896286,-2.0659789278941693e-07
