k_index,kx_crystal,ky_crystal,kz_crystal,distance_inv_angstrom,band_rank,QE_eV,Wannier_eV,QE_minus_EF_eV,Wannier_minus_EF_eV,error_eV
1,0.0,0.0,0.0,0.0,1,-3.1665642422585454,-3.1665642,-11.578764242258545,-11.5787642,4.225854555173214e-08
1,0.0,0.0,0.0,0.0,2,21.32626988735414,21.32627,12.91406988735414,12.91407,1.1264586063930437e-07
1,0.0,0.0,0.0,0.0,3,21.326269887354158,21.934007,12.914069887354158,13.521807,0.6077371126458431
1,0.0,0.0,0.0,0.0,4,21.326269887354208,22.400752,12.914069887354207,13.988552,1.0744821126457929
2,0.0125,0.0,0.0125,0.039706001,1,-3.1605806214296237,-3.1638687,-11.572780621429624,-11.5760687,-0.003288078570376385
2,0.0125,0.0,0.0125,0.039706001,2,21.229735696265983,21.373629,12.817535696265983,12.961429,0.14389330373401776
2,0.0125,0.0,0.0125,0.039706001,3,21.229735696265994,21.873375,12.817535696265994,13.461174999999999,0.6436393037340054
2,0.0125,0.0,0.0125,0.039706001,4,21.274438143892674,22.315393,12.862238143892673,13.903193,1.0409548561073265
3,0.025,0.0,0.025,0.079412002,1,-3.1426319713730666,-3.1616001,-11.554831971373067,-11.5738001,-0.0189681286269332
3,0.025,0.0,0.025,0.079412002,2,20.996690961441015,21.303158,12.584490961441015,12.890958,0.30646703855898494
3,0.025,0.0,0.025,0.079412002,3,20.996690961441054,21.824312,12.584490961441054,13.412111999999999,0.8276210385589451
3,0.025,0.0,0.025,0.079412002,4,21.1281507884293,22.240634,12.715950788429298,13.828434,1.1124832115707015
4,0.0375,0.0,0.0375,0.119118,1,-3.1126744192559226,-3.1587992,-11.524874419255923,-11.5709992,-0.04612478074407722
4,0.0375,0.0,0.0375,0.119118,2,20.703720492843914,21.125479,12.291520492843913,12.713278999999998,0.42175850715608476
4,0.0375,0.0,0.0375,0.119118,3,20.70372049284402,21.753789,12.29152049284402,13.341589,1.0500685071559808
4,0.0375,0.0,0.0375,0.119118,4,20.908955980064537,22.200767,12.496755980064536,13.788566999999999,1.2918110199354622
5,0.05,0.0,0.05,0.158824,1,-3.0707715102911193,-3.153896,-11.482971510291119,-11.566096,-0.08312448970888076
5,0.05,0.0,0.05,0.158824,2,20.388734101347612,20.884568,11.976534101347612,12.472368000000001,0.49583389865238914
5,0.05,0.0,0.05,0.158824,3,20.38873410134766,21.609291,11.976534101347658,13.197090999999999,1.2205568986523403
5,0.05,0.0,0.05,0.158824,4,20.639951478971533,22.2065,12.227751478971532,13.794299999999998,1.5665485210284658
6,0.0625,0.0,0.0625,0.19853001,1,-3.016989909300728,-3.1447803,-11.429189909300728,-11.5569803,-0.12779039069927167
6,0.0625,0.0,0.0625,0.19853001,2,20.067576793887792,20.606573,11.655376793887791,12.194373,0.5389962061122091
6,0.0625,0.0,0.0625,0.19853001,3,20.067576793887806,21.396271,11.655376793887806,12.984070999999998,1.3286942061121927
6,0.0625,0.0,0.0625,0.19853001,4,20.339720005181288,22.228676,11.927520005181288,13.816476,1.888955994818712
7,0.075,0.0,0.075,0.23823601,1,-2.9512960261080825,-3.128899,-11.363496026108082,-11.541099,-0.1776029738919176
7,0.075,0.0,0.075,0.23823601,2,19.747359577982564,20.304366,11.335159577982564,11.892166000000001,0.5570064220174373
7,0.075,0.0,0.075,0.23823601,3,19.74735957798261,21.13231,11.33515957798261,12.72011,1.3849504220173898
7,0.075,0.0,0.075,0.23823601,4,20.02143870173865,22.239574,11.609238701738649,13.827374,2.218135298261352
8,0.0875,0.0,0.0875,0.27794201,1,-2.87372185385064,-3.103375,-11.28592185385064,-11.515575,-0.22965314614936005
8,0.0875,0.0,0.0875,0.27794201,2,19.431618539503052,19.985697,11.019418539503052,11.573496999999998,0.554078460496946
8,0.0875,0.0,0.0875,0.27794201,3,19.431618539503113,20.828546,11.019418539503112,12.416345999999999,1.3969274604968867
8,0.0875,0.0,0.0875,0.27794201,4,19.694017521328085,22.223354,11.281817521328085,13.811154,2.5293364786719152
9,0.1,0.0,0.1,0.31764801,1,-2.784284808592019,-3.0651416,-11.19648480859202,-11.4773416,-0.2808567914079809
9,0.1,0.0,0.1,0.31764801,2,19.12232455506823,19.656292,10.710124555068228,11.244092,0.533967444931772
9,0.1,0.0,0.1,0.31764801,3,19.12232455506829,20.492801,10.710124555068289,12.080601,1.370476444931711
9,0.1,0.0,0.1,0.31764801,4,19.36337334260477,22.169873,10.95117334260477,13.757672999999999,2.8064996573952286
10,0.1125,0.0,0.1125,0.35735401,1,-2.6830210133844923,-3.0110859,-11.095221013384492,-11.4232859,-0.3280648866155076
10,0.1125,0.0,0.1125,0.35735401,2,18.820613474659773,19.320937,10.408413474659772,10.908737,0.5003235253402281
10,0.1125,0.0,0.1125,0.35735401,3,18.820613474659798,20.131806,10.408413474659797,11.719606,1.3111925253402035
10,0.1125,0.0,0.1125,0.35735401,4,19.033552061305297,22.07144,10.621352061305297,13.659239999999999,3.037887938694702
11,0.125,0.0,0.125,0.39706001,1,-2.5700263060339092,-2.9381921,-10.98222630603391,-11.3503921,-0.36816579396609095
11,0.125,0.0,0.125,0.39706001,2,18.52717026702517,18.983855,10.11497026702517,10.571654999999998,0.4566847329748285
11,0.125,0.0,0.125,0.39706001,3,18.527170267025216,19.751937,10.114970267025216,11.339737000000001,1.2247667329747856
11,0.125,0.0,0.125,0.39706001,4,18.70731341626228,21.921764,10.29511341626228,13.509564,3.214450583737719
12,0.1375,0.0,0.1375,0.43676601,1,-2.4452265117370358,-2.8436797,-10.857426511737035,-11.255879700000001,-0.3984531882629643
12,0.1375,0.0,0.1375,0.43676601,2,18.24253646227607,18.648819,9.83033646227607,10.236619,0.4062825377239285
12,0.1375,0.0,0.1375,0.43676601,3,18.242536462276128,19.35939,9.830336462276128,10.94719,1.1168535377238733
12,0.1375,0.0,0.1375,0.43676601,4,18.386638109132036,21.715718,9.974438109132036,13.303517999999999,3.3290798908679626
13,0.15,0.0,0.15,0.47647201,1,-2.3087237646566248,-2.7251272,-10.720923764656625,-11.137327200000001,-0.4164034353433754
13,0.15,0.0,0.15,0.47647201,2,17.966997088223188,18.319177,9.554797088223188,9.906977,0.35217991177681185
13,0.15,0.0,0.15,0.47647201,3,17.96699708822324,18.960167,9.554797088223241,10.547966999999998,0.9931699117767572
13,0.15,0.0,0.15,0.47647201,4,18.072914108678177,21.449386,9.660714108678176,13.037186,3.376471891321824
14,0.1625,0.0,0.1625,0.51617802,1,-2.160567726103402,-2.5805794,-10.572767726103402,-10.9927794,-0.42001167389659777
14,0.1625,0.0,0.1625,0.51617802,2,17.700774270826273,17.997824,9.288574270826272,9.585624000000001,0.29704972917372885
14,0.1625,0.0,0.1625,0.51617802,3,17.7007742708263,18.559995,9.2885742708263,10.147795,0.8592207291736997
14,0.1625,0.0,0.1625,0.51617802,4,17.767169619976674,21.120213,9.354969619976673,12.708013,3.353043380023326
15,0.175,0.0,0.175,0.55588402,1,-2.0008122394885133,-2.4086317,-10.413012239488513,-10.8208317,-0.40781946051148665
15,0.175,0.0,0.175,0.55588402,2,17.444024596174867,17.687185,9.031824596174866,9.274985,0.24316040382513293
15,0.175,0.0,0.175,0.55588402,3,17.444024596174877,18.164222,9.031824596174877,9.752021999999998,0.7201974038251215
15,0.175,0.0,0.175,0.55588402,4,17.470172688720588,20.727141,9.057972688720588,12.314941,3.2569683112794117
16,0.1875,0.0,0.1875,0.59559002,1,-1.8294956908497475,-2.2084905,-10.241695690849747,-10.6206905,-0.3789948091502524
16,0.1875,0.0,0.1875,0.59559002,2,17.182506913413317,17.389186,8.770306913413316,8.976985999999998,0.2066790865866821
16,0.1875,0.0,0.1875,0.59559002,3,17.19685914650396,17.777719,8.78465914650396,9.365519,0.5808598534960403
16,0.1875,0.0,0.1875,0.59559002,4,17.19685914650408,20.270723,8.784659146504081,11.858523,3.0738638534959186
17,0.2,0.0,0.2,0.63529602,1,-1.6467038414645725,-1.9800086,-10.058903841464574,-10.3922086,-0.3333047585354274
17,0.2,0.0,0.2,0.63529602,2,16.904622686147388,17.10525,8.492422686147387,8.693050000000001,0.200627313852614
17,0.2,0.0,0.2,0.63529602,3,16.95935643573204,17.404802,8.54715643573204,8.992602,0.4454455642679598
17,0.2,0.0,0.2,0.63529602,4,16.95935643573209,19.753185,8.54715643573209,11.340984999999998,2.7938285642679084
18,0.2125,0.0,0.2125,0.67500202,1,-1.452518155309864,-1.723696,-9.864718155309864,-10.135896,-0.27117784469013584
18,0.2125,0.0,0.2125,0.67500202,2,16.636872488494117,16.836286,8.224672488494116,8.424086,0.1994135115058846
18,0.2125,0.0,0.2125,0.67500202,3,16.731571119266846,17.049165,8.319371119266846,8.636964999999998,0.31759388073315264
18,0.2125,0.0,0.2125,0.67500202,4,16.731571119266913,19.178431,8.319371119266913,10.766231,2.4468598807330864
19,0.225,0.0,0.225,0.71470802,1,-1.2470751397754718,-1.4407067,-9.659275139775472,-9.8529067,-0.1936315602245282
19,0.225,0.0,0.225,0.71470802,2,16.379520143081923,16.582636,7.967320143081922,8.170436,0.2031158569180782
19,0.225,0.0,0.225,0.71470802,3,16.513502368976386,16.713863,8.101302368976386,8.301663,0.20036063102361368
19,0.225,0.0,0.225,0.71470802,4,16.51350236897643,18.552018,8.101302368976429,10.139818,2.0385156310235715
20,0.2375,0.0,0.2375,0.75441402,1,-1.0302899179068155,-1.1328047,-9.442489917906816,-9.5450047,-0.10251478209318465
20,0.2375,0.0,0.2375,0.75441402,2,16.132820907608245,16.343642,7.720620907608245,7.931441999999999,0.21082109239175395
20,0.2375,0.0,0.2375,0.75441402,3,16.30524886956784,16.401597,7.89304886956784,7.9893969999999985,0.09634813043215829
20,0.2375,0.0,0.2375,0.75441402,4,16.305248869567905,17.881181,7.893048869567904,9.468981000000001,1.575932130432097
21,0.25,0.0,0.25,0.79412002,1,-0.802311950017187,-0.80231195,-9.214511950017187,-9.21451195,1.718702957731466e-11
21,0.25,0.0,0.25,0.79412002,2,15.896940645507224,16.104663,7.484740645507223,7.692462999999998,0.2077223544927751
21,0.25,0.0,0.25,0.79412002,3,16.106785797639382,16.12706,7.694585797639382,7.71486,0.02027420236061772
21,0.25,0.0,0.25,0.79412002,4,16.10678579763955,17.175318,7.694585797639549,8.763118,1.0685322023604513
22,0.2625,0.0,0.2625,0.83382602,1,-0.563234024748816,-0.45204022,-8.975434024748816,-8.864240220000001,0.11119380474881602
22,0.2625,0.0,0.2625,0.83382602,2,15.672027765074459,15.840938,7.2598277650744585,7.428737999999999,0.1689102349255407
22,0.2625,0.0,0.2625,0.83382602,3,15.918118036982808,15.908512,7.505918036982807,7.496312,-0.009606036982807709
22,0.2625,0.0,0.2625,0.83382602,4,15.918118036982873,16.450381,7.505918036982873,8.038181,0.5322629630171267
23,0.275,0.0,0.275,0.87353203,1,-0.31309971038238943,-0.085211852,-8.725299710382389,-8.497411852,0.22788785838238942
23,0.275,0.0,0.275,0.87353203,2,15.45820509206303,15.538889,7.04600509206303,7.126688999999999,0.08068390793696878
23,0.275,0.0,0.275,0.87353203,3,15.590017281631757,15.655567,7.177817281631757,7.243366999999999,0.06554971836824208
23,0.275,0.0,0.275,0.87353203,4,15.739245417604334,15.819598,7.327045417604333,7.407397999999999,0.08035258239566545
24,0.2875,0.0,0.2875,0.91323803,1,-0.05210746018064427,0.29462859,-8.464307460180645,-8.11757141,0.3467360501806443
24,0.2875,0.0,0.2875,0.91323803,2,14.987406692992357,14.86898,6.5752066929923565,6.45678,-0.11842669299235631
24,0.2875,0.0,0.2875,0.91323803,3,15.255573337827965,15.41362,6.843373337827964,7.0014199999999995,0.1580466621720351
24,0.2875,0.0,0.2875,0.91323803,4,15.57015958147284,15.575984,7.15795958147284,7.163784,0.005824418527160091
25,0.3,0.0,0.3,0.95294403,1,0.21968792222694705,0.68370823,-8.192512077773053,-7.728491770000001,0.464020307773053
25,0.3,0.0,0.3,0.95294403,2,14.393634705154152,14.114278,5.981434705154152,5.702078,-0.2793567051541519
25,0.3,0.0,0.3,0.95294403,3,15.06421796501218,15.223203,6.652017965012179,6.8110029999999995,0.15898503498782013
25,0.3,0.0,0.3,0.95294403,4,15.41085189576612,15.404232,6.99865189576612,6.992032,-0.0066198957661196545
26,0.3125,0.0,0.3125,0.99265003,1,0.5021697938667149,1.0781229,-7.9100302061332854,-7.3340771,0.5759531061332852
26,0.3125,0.0,0.3125,0.99265003,2,13.808833324280187,13.361647,5.396633324280186,4.949446999999999,-0.447186324280187
26,0.3125,0.0,0.3125,0.99265003,3,14.884210438005983,15.05932,6.472010438005983,6.647119999999999,0.17510956199401662
26,0.3125,0.0,0.3125,0.99265003,4,15.26130990405612,15.250002,6.849109904056119,6.837802,-0.011307904056119256
27,0.325,0.0,0.325,1.032356,1,0.7952088007731425,1.4739353,-7.616991199226858,-6.9382647,0.6787264992268575
27,0.325,0.0,0.325,1.032356,2,13.23313305611724,12.625769,4.820933056117239,4.213569,-0.6073640561172393
27,0.325,0.0,0.325,1.032356,3,14.715611141624132,14.918506,6.303411141624132,6.506306,0.20289485837586874
27,0.325,0.0,0.325,1.032356,4,15.121519236886547,15.10866,6.709319236886547,6.69646,-0.012859236886546555
28,0.3375,0.0,0.3375,1.072062,1,1.0986588079696515,1.8672718,-7.313541192030349,-6.5449282,0.7686129920303484
28,0.3375,0.0,0.3375,1.072062,2,12.666670592593599,11.915929,4.254470592593599,3.503729,-0.7507415925935987
28,0.3375,0.0,0.3375,1.072062,3,14.558471300947703,14.798556,6.146271300947703,6.386355999999999,0.24008469905229646
28,0.3375,0.0,0.3375,1.072062,4,14.991464179704087,14.978634,6.5792641797040865,6.566433999999999,-0.012830179704087286
29,0.35,0.0,0.35,1.111768,1,1.412350731695619,2.2544179,-6.999849268304382,-6.1577821,0.842067168304381
29,0.35,0.0,0.35,1.111768,2,12.109597879885381,11.239468,3.697397879885381,2.827268,-0.8701298798853809
29,0.35,0.0,0.35,1.111768,3,14.412834501877876,14.697336,6.000634501877876,6.285136,0.28450149812212366
29,0.35,0.0,0.35,1.111768,4,14.871128303702116,14.859032,6.458928303702116,6.446831999999999,-0.01209630370211734
30,0.3625,0.0,0.3625,1.151474,1,1.7360829769368487,2.631909,-6.676117023063152,-5.780291,0.8958260230631512
30,0.3625,0.0,0.3625,1.151474,2,11.56209404218275,10.6022,3.1498940421827495,2.1899999999999995,-0.95989404218275
30,0.3625,0.0,0.3625,1.151474,3,14.278737903747215,14.612665,5.866537903747215,6.2004649999999994,0.3339270962527845
30,0.3625,0.0,0.3625,1.151474,4,14.760494838200561,14.749286,6.348294838200561,6.337085999999999,-0.011208838200561289
31,0.375,0.0,0.375,1.19118,1,2.069580046982911,2.9966149,-6.342619953017089,-5.4155851,0.9270348530170889
31,0.375,0.0,0.375,1.19118,2,11.024381298665684,10.008466,2.612181298665684,1.596266,-1.0159152986656839
31,0.375,0.0,0.375,1.19118,3,14.156213212055622,14.542322,5.744013212055622,6.130122,0.3861087879443783
31,0.375,0.0,0.375,1.19118,4,14.659546409775189,14.649059,6.247346409775188,6.236858999999999,-0.01048740977518925
32,0.3875,0.0,0.3875,1.230886,1,2.412570818375797,3.3458134,-5.999629181624203,-5.0663866,0.9332425816242029
32,0.3875,0.0,0.3875,1.230886,2,10.496757346733613,9.4611415,2.0845573467336127,1.0489414999999997,-1.035615846733613
32,0.3875,0.0,0.3875,1.230886,3,14.04528746252012,14.484092,5.63308746252012,6.071892,0.43880453747988035
32,0.3875,0.0,0.3875,1.230886,4,14.568268281441624,14.558222,6.156068281441623,6.146022,-0.010046281441622895
33,0.4,0.0,0.4,1.270592,1,2.7645664015116744,3.6772415,-5.647633598488326,-4.7349585,0.9126750984883256
33,0.4,0.0,0.4,1.270592,2,9.979630204206646,8.961704,1.5674302042066461,0.5495039999999989,-1.0179262042066473
33,0.4,0.0,0.4,1.270592,3,13.945982200877609,14.43578,5.533782200877608,6.023579999999999,0.48979779912239074
33,0.4,0.0,0.4,1.270592,4,14.486640873273599,14.476867,6.074440873273598,6.064667,-0.009773873273598355
34,0.4125,0.0,0.4125,1.310298,1,3.1249824141374156,3.989106,-5.287217585862585,-4.423094000000001,0.8641235858625844
34,0.4125,0.0,0.4125,1.310298,2,9.473606926097336,8.510373,1.0614069260973356,0.09817299999999918,-0.9632339260973364
34,0.4125,0.0,0.4125,1.310298,3,13.858319795405666,14.394537,5.446119795405666,5.982336999999999,0.5362172045943332
34,0.4125,0.0,0.4125,1.310298,4,14.414656461845686,14.405996,6.002456461845686,5.993796,-0.00866046184568603
35,0.425,0.0,0.425,1.350004,1,3.4928135451978672,4.2800129,-4.919386454802133,-4.1321871,0.7871993548021328
35,0.425,0.0,0.425,1.350004,2,8.979641896487852,8.1063763,0.5674418964878516,-0.3058236999999995,-0.8732655964878511
35,0.425,0.0,0.425,1.350004,3,13.782315182829203,14.341511,5.370115182829203,5.929311,0.5591958171707976
35,0.425,0.0,0.425,1.350004,4,14.352298410473,14.362876,5.940098410473,5.950676,0.010577589526999276
36,0.4375,0.0,0.4375,1.38971,1,3.86641560269645,4.5487382,-4.54578439730355,-3.8634618000000005,0.6823225973035498
36,0.4375,0.0,0.4375,1.38971,2,8.499355285995078,7.748403,0.08715528599507749,-0.6637970000000006,-0.7509522859950781
36,0.4375,0.0,0.4375,1.38971,3,13.717981966812388,14.289544,5.305781966812388,5.877343999999999,0.571562033187611
36,0.4375,0.0,0.4375,1.38971,4,14.29955486207341,14.333337,5.88735486207341,5.921137,0.033782137926589684
37,0.45,0.0,0.45,1.429416,1,4.242756767992318,4.7936789,-4.169443232007683,-3.6185211000000006,0.550922132007682
37,0.45,0.0,0.45,1.429416,2,8.035757672370544,7.435393,-0.37644232762945684,-0.976807,-0.6003646723705431
37,0.45,0.0,0.45,1.429416,3,13.665331251504021,14.247304,5.253131251504021,5.835103999999999,0.5819727484959785
37,0.45,0.0,0.45,1.429416,4,14.256415526570603,14.307622,5.844215526570602,5.895422,0.05120647342939755
38,0.4625,0.0,0.4625,1.469122,1,4.615551866111625,5.0116616,-3.7966481338883753,-3.4005384000000003,0.396109733888375
38,0.4625,0.0,0.4625,1.469122,2,7.59511624535606,7.1679672,-0.8170837546439405,-1.2442328000000007,-0.42714904535606024
38,0.4625,0.0,0.4625,1.469122,3,13.624371855038499,14.214851,5.212171855038498,5.802650999999999,0.5904791449615008
38,0.4625,0.0,0.4625,1.469122,4,14.222871810705346,14.284802,5.810671810705346,5.8726020000000005,0.06193018929465488
39,0.475,0.0,0.475,1.508828,1,4.969762688705813,5.1955501,-3.4424373112941877,-3.2166499,0.22578741129418756
39,0.475,0.0,0.475,1.508828,2,7.19245485708025,6.9510385,-1.2197451429197503,-1.4611615000000002,-0.2414163570802499
39,0.475,0.0,0.475,1.508828,3,13.595110474776577,14.191569,5.182910474776577,5.779368999999999,0.5964585252234222
39,0.475,0.0,0.475,1.508828,4,14.198916927633546,14.26483,5.786716927633545,5.8526299999999996,0.06591307236645427
40,0.4875,0.0,0.4875,1.548534,1,5.263933041367965,5.3304802,-3.1482669586320355,-3.0817198,0.06654715863203542
40,0.4875,0.0,0.4875,1.548534,2,6.869268814357799,6.7977596,-1.5429311856422014,-1.6144404000000003,-0.07150921435779889
40,0.4875,0.0,0.4875,1.548534,3,13.577555480706414,14.175914,5.165355480706413,5.763714,0.598358519293587
40,0.4875,0.0,0.4875,1.548534,4,14.184550132450957,14.248785,5.772350132450956,5.8365849999999995,0.06423486754904317
41,0.5,0.0,0.5,1.58824,1,5.39296746042993,5.3929675,-3.01923253957007,-3.0192325,3.957006988741796e-08
41,0.5,0.0,0.5,1.58824,2,6.730545926563563,6.7305459,-1.6816540734364374,-1.6816541000000003,-2.656356290486883e-08
41,0.5,0.0,0.5,1.58824,3,13.571702266859406,14.164895,5.1595022668594055,5.752694999999999,0.5931927331405937
41,0.5,0.0,0.5,1.58824,4,14.179760153968836,14.239401,5.7675601539688355,5.8272010000000005,0.05964084603116504
42,0.5,0.0125,0.5125,1.627946,1,5.398182308330326,5.3959687,-3.0140176916696744,-3.0162313000000003,-0.0022136083303259113
42,0.5,0.0125,0.5125,1.627946,2,6.736226507332508,6.7485016,-1.6759734926674925,-1.6636984000000004,0.01227509266749216
42,0.5,0.0125,0.5125,1.627946,3,13.35554223178421,14.113956,4.943342231784209,5.701756,0.7584137682157905
42,0.5,0.0125,0.5125,1.627946,4,14.136721129383897,14.229582,5.724521129383897,5.817382,0.0928608706161036
43,0.5,0.025,0.525,1.667652,1,5.413825570079955,5.3970467,-2.9983744299200454,-3.0151533000000006,-0.016778870079955155
43,0.5,0.025,0.525,1.667652,2,6.75322928529212,6.7620493,-1.6589707147078805,-1.6501507000000002,0.008820014707880297
43,0.5,0.025,0.525,1.667652,3,12.98777582736684,14.022478,4.5755758273668405,5.610277999999999,1.0347021726331587
43,0.5,0.025,0.525,1.667652,4,14.014240608244672,14.174917,5.602040608244671,5.762717,0.1606763917553291
44,0.5,0.0375,0.5375,1.707358,1,5.439903468323263,5.3971433,-2.9722965316767374,-3.0150567000000006,-0.04276016832326324
44,0.5,0.0375,0.5375,1.707358,2,6.781574533738007,6.7717817,-1.6306254662619937,-1.6404183000000003,-0.009792833738006657
44,0.5,0.0375,0.5375,1.707358,3,12.603379164583021,13.887902,4.191179164583021,5.475702,1.284522835416979
44,0.5,0.0375,0.5375,1.707358,4,13.828326416006016,14.079854,5.416126416006016,5.667653999999999,0.25152758399398323
45,0.5,0.05,0.55,1.7470641,1,5.476412413560069,5.3977952,-2.9357875864399317,-3.0144048000000003,-0.07861721356006868
45,0.5,0.05,0.55,1.7470641,2,6.821139361843482,6.7791612,-1.5910606381565184,-1.6330388000000005,-0.04197816184348202
45,0.5,0.05,0.55,1.7470641,3,12.22186638345807,13.708036,3.809666383458069,5.2958359999999995,1.4861696165419307
45,0.5,0.05,0.55,1.7470641,4,13.597010457213207,13.949294,5.1848104572132065,5.537094,0.3522835427867932
46,0.5,0.0625,0.5625,1.7867701,1,5.523367884816739,5.4010671,-2.888832115183261,-3.0111329000000007,-0.12230078481673967
46,0.5,0.0625,0.5625,1.7867701,2,6.871911687919322,6.7864186,-1.540288312080678,-1.6257814000000002,-0.08549308791932209
46,0.5,0.0625,0.5625,1.7867701,3,11.847977093385321,13.482241,3.4357770933853207,5.070041,1.6342639066146791
46,0.5,0.0625,0.5625,1.7867701,4,13.33566229617984,13.787417,4.92346229617984,5.375216999999999,0.4517547038201588
47,0.5,0.075,0.575,1.8264761,1,5.580771146565098,5.409461,-2.831428853434902,-3.002739,-0.1713101465650979
47,0.5,0.075,0.575,1.8264761,2,6.933737628220332,6.796412,-1.4784623717796688,-1.6157880000000002,-0.13732562822033145
47,0.5,0.075,0.575,1.8264761,3,11.483366370663328,13.211932,3.0711663706633274,4.799731999999999,1.7285656293366713
47,0.5,0.075,0.575,1.8264761,4,13.055751454301092,13.59718,4.643551454301091,5.1849799999999995,0.5414285456989081
48,0.5,0.0875,0.5875,1.8661821,1,5.64863006035112,5.4258045,-2.76356993964888,-2.9863955000000004,-0.22282556035112044
48,0.5,0.0875,0.5875,1.8661821,2,7.006460794724115,6.8124579,-1.4057392052758857,-1.5997421000000003,-0.19400289472411458
48,0.5,0.0875,0.5875,1.8661821,3,11.128754836949991,12.90023,2.7165548369499906,4.48803,1.7714751630500096
48,0.5,0.0875,0.5875,1.8661821,4,12.765419985673073,13.380676,4.353219985673073,4.968475999999999,0.6152560143269259
49,0.5,0.1,0.6,1.9058881,1,5.726954397504688,5.4531223,-2.6852456024953124,-2.9590777,-0.2738320975046875
49,0.5,0.1,0.6,1.9058881,2,7.089903240952019,6.8381507,-1.3222967590479815,-1.5740493000000004,-0.25175254095201893
49,0.5,0.1,0.6,1.9058881,3,10.784498752196015,12.551399,2.3722987521960146,4.139199,1.766900247803985
49,0.5,0.1,0.6,1.9058881,4,12.470450352324507,13.139684,4.058250352324507,4.7274840000000005,0.6692336476754939
50,0.5,0.1125,0.6125,1.9455941,1,5.815753449944543,5.4944979,-2.5964465500554574,-2.9177021000000005,-0.3212555499445431
50,0.5,0.1125,0.6125,1.9455941,2,7.183737207921447,6.8771771,-1.2284627920785534,-1.5350229000000004,-0.30656010792144706
50,0.5,0.1125,0.6125,1.9455941,3,10.450788865414534,12.170434,2.0385888654145337,3.758234,1.7196451345854662
50,0.5,0.1125,0.6125,1.9455941,4,12.174848105309792,12.87606,3.7626481053097915,4.46386,0.7012118946902088
51,0.5,0.125,0.625,1.9853001,1,5.915039533775608,5.5529345,-2.4971604662243925,-2.8592655000000002,-0.36210503377560777
51,0.5,0.125,0.625,1.9853001,2,7.2876138892722775,6.9331316,-1.1245861107277229,-1.4790684,-0.3544822892722772
51,0.5,0.125,0.625,1.9853001,3,10.127724712994986,11.76282,1.715524712994986,3.3506199999999993,1.6350952870050133
51,0.5,0.125,0.625,1.9853001,4,11.881723433426924,12.591938,3.4695234334269234,4.179738,0.710214566573077
52,0.5,0.1375,0.6375,2.0250061,1,6.0248261394648,5.6312239,-2.3873738605352006,-2.7809761,-0.39360223946479955
52,0.5,0.1375,0.6375,2.0250061,2,7.401112780683156,7.009329,-1.0110872193168445,-1.4028710000000002,-0.39178378068315567
52,0.5,0.1375,0.6375,2.0250061,3,9.815380760407573,11.334372,1.4031807604075723,2.9221719999999998,1.5189912395924274
52,0.5,0.1375,0.6375,2.0250061,4,11.593554964921221,12.289839,3.181354964921221,3.8776390000000003,0.6962840350787793
53,0.5,0.15,0.65,2.0647121,1,6.145126273003396,5.7318353,-2.267073726996604,-2.6803647,-0.413290973003396
53,0.5,0.15,0.65,2.0647121,2,7.523508317292761,7.1086036,-0.8886916827072397,-1.3035964,-0.41490471729276024
53,0.5,0.15,0.65,2.0647121,3,9.51378235677193,10.8911,1.1015823567719298,2.4788999999999994,1.3773176432280696
53,0.5,0.15,0.65,2.0647121,4,11.31238485713938,11.972746,2.9001848571393793,3.5605460000000004,0.6603611428606211
54,0.5,0.1625,0.6625,2.1044181,1,6.275955206435548,5.85683,-2.136244793564452,-2.55537,-0.41912520643554796
54,0.5,0.1625,0.6625,2.1044181,2,7.653809211402673,7.233071,-0.7583907885973273,-1.1791290000000005,-0.4207382114026732
54,0.5,0.1625,0.6625,2.1044181,3,9.22294477344489,10.439088,0.81074477344489,2.0268879999999996,1.2161432265551095
54,0.5,0.1625,0.6625,2.1044181,4,11.040162260865547,11.644202,2.627962260865546,3.2320019999999996,0.6040397391344534
55,0.5,0.175,0.675,2.1441241,1,6.4173290931432945,6.0078088,-1.9948709068567059,-2.4043912,-0.4095202931432942
55,0.5,0.175,0.675,2.1441241,2,7.790592230112898,7.3838021,-0.6216077698871025,-1.0283979000000008,-0.4067901301128982
55,0.5,0.175,0.675,2.1441241,3,8.942872134911953,9.9843767,0.5306721349119528,1.5721767,1.0415045650880472
55,0.5,0.175,0.675,2.1441241,4,10.779171920698703,11.308473,2.3669719206987025,2.896272999999999,0.5293010793012964
56,0.5,0.1875,0.6875,2.1838301,1,6.569264773787542,6.1858886,-1.8429352262124583,-2.2263114,-0.38337617378754185
56,0.5,0.1875,0.6875,2.1838301,2,7.931597019390569,7.5602964,-0.4806029806094312,-0.8519036,-0.3713006193905688
56,0.5,0.1875,0.6875,2.1838301,3,8.6735610062362,9.5328751,0.26136100623619996,1.1206750999999997,0.8593140937637997
56,0.5,0.1875,0.6875,2.1838301,4,10.53226051864379,10.970888,2.1200605186437897,2.558688,0.4386274813562103
57,0.5,0.2,0.7,2.2235361,1,6.731779458794253,6.3917036,-1.6804205412057476,-2.0204964000000007,-0.34007585879425317
57,0.5,0.2,0.7,2.2235361,2,8.073065704532185,7.7594252,-0.33913429546781515,-0.6527748000000004,-0.3136405045321853
57,0.5,0.2,0.7,2.2235361,3,8.414992035894954,9.0903791,0.002792035894954026,0.6781790999999995,0.6753870641050455
57,0.5,0.2,0.7,2.2235361,4,10.303470535826554,10.638606,1.8912705358265534,2.226405999999999,0.33513546417344564
58,0.5,0.2125,0.7125,2.2632421,1,6.904899173413512,6.6254165,-1.507300826586488,-1.7867835000000003,-0.2794826734135123
58,0.5,0.2125,0.7125,2.2632421,2,8.167174547686072,7.9725317,-0.24502545231392858,-0.4396683000000001,-0.19464284768607154
58,0.5,0.2125,0.7125,2.2632421,3,8.208888564675723,8.6633482,-0.2033114353242773,0.2511481999999994,0.4544596353242767
58,0.5,0.2125,0.7125,2.2632421,4,10.099597072022497,10.32251,1.6873970720224971,1.910309999999999,0.22291292797750195
59,0.5,0.225,0.725,2.3029481,1,7.088628089098738,6.8867198,-1.3235719109012622,-1.5254802000000005,-0.20190828909873826
59,0.5,0.225,0.725,2.3029481,2,7.93008325429177,8.150866,-0.4821167457082307,-0.26133399999999973,0.22078274570823098
59,0.5,0.225,0.725,2.3029481,3,8.328280403465277,8.2884241,-0.0839195965347237,-0.12377590000000005,-0.039856303465276355
59,0.5,0.225,0.725,2.3029481,4,9.931464322780888,10.04206,1.519264322780888,1.629859999999999,0.11059567721911101
60,0.5,0.2375,0.7375,2.3426541,1,7.282991900220265,7.1747866,-1.129208099779735,-1.2374134000000003,-0.10820530022026542
60,0.5,0.2375,0.7375,2.3426541,2,7.703700778945825,7.8484445,-0.7084992210541756,-0.5637555000000001,0.14474372105417554
60,0.5,0.2375,0.7375,2.3426541,3,8.414214240631756,8.3781055,0.0020142406317553707,-0.03409450000000014,-0.03610874063175551
60,0.5,0.2375,0.7375,2.3426541,4,9.816222190961485,9.8366667,1.4040221909614843,1.4244667,0.02044450903851569
61,0.5,0.25,0.75,2.3823601,1,7.4880098276775575,7.4880098,-0.9241901723224428,-0.9241902,-2.7677557135064035e-08
61,0.5,0.25,0.75,2.3823601,2,7.4880098276775575,7.4880098,-0.9241901723224428,-0.9241902,-2.7677557135064035e-08
61,0.5,0.25,0.75,2.3823601,3,8.446288901531846,8.4462889,0.034088901531845295,0.03408890000000042,-1.5318448731704848e-09
61,0.5,0.25,0.75,2.3823601,4,9.774354779691388,9.7743548,1.3621547796913873,1.362154799999999,2.0308611681230104e-08
62,0.5,0.258929,0.741071,2.4224692,1,7.402620788968158,7.3323065,-1.0095792110318422,-1.0798935000000007,-0.0703142889681585
62,0.5,0.258929,0.741071,2.4224692,2,7.449219417588459,7.4406212,-0.9629805824115412,-0.9715788000000005,-0.008598217588459356
62,0.5,0.258929,0.741071,2.4224692,3,8.542860492622005,8.5780985,0.1306604926220043,0.16589849999999906,0.03523800737799476
62,0.5,0.258929,0.741071,2.4224692,4,9.822834605831394,9.8237556,1.4106346058313939,1.4115555999999998,0.0009209941686059153
63,0.5,0.267857,0.732143,2.4625783,1,7.207598784848194,7.0235384,-1.204601215151806,-1.3886616000000007,-0.18406038484819476
63,0.5,0.267857,0.732143,2.4625783,2,7.341639786759226,7.3166716,-1.0705602132407748,-1.0955284,-0.024968186759225297
63,0.5,0.267857,0.732143,2.4625783,3,8.77141851163108,8.9026962,0.3592185116310791,0.49049619999999905,0.13127768836891995
63,0.5,0.267857,0.732143,2.4625783,4,9.959441762223044,9.9558386,1.5472417622230434,1.5436385999999995,-0.0036031622230439098
64,0.5,0.276786,0.723214,2.5026874,1,6.974056571817055,6.6845157,-1.4381434281829453,-1.7276843,-0.2895408718170547
64,0.5,0.276786,0.723214,2.5026874,2,7.184618765243735,7.1339908,-1.227581234756265,-1.2782092,-0.05062796524373514
64,0.5,0.276786,0.723214,2.5026874,3,9.06085212839679,9.2969171,0.6486521283967903,0.8847170999999996,0.23606497160320927
64,0.5,0.276786,0.723214,2.5026874,4,10.164840945030402,10.155697,1.752640945030402,1.7434969999999996,-0.009143945030402278
65,0.5,0.285714,0.714286,2.5427965,1,6.731109670500048,6.3500513,-1.681090329499952,-2.0621487000000007,-0.38105837050004876
65,0.5,0.285714,0.714286,2.5427965,2,6.9971505625745385,6.9105384,-1.4150494374254619,-1.5016616000000003,-0.08661216257453841
65,0.5,0.285714,0.714286,2.5427965,3,9.382010778411008,9.7258954,0.9698107784110075,1.3136954000000003,0.3438846215889928
65,0.5,0.285714,0.714286,2.5427965,4,10.420000002011028,10.408954,2.0078000020110274,1.9967539999999993,-0.011046002011028122
66,0.5,0.294643,0.705357,2.5829057,1,6.489433238102775,6.0305695,-1.9227667618972255,-2.3816305,-0.4588637381027745
66,0.5,0.294643,0.705357,2.5829057,2,6.793126771143491,6.6607524,-1.619073228856509,-1.7514476000000005,-0.1323743711434915
66,0.5,0.294643,0.705357,2.5829057,3,9.724210426967172,10.178572,1.3120104269671717,1.7663720000000005,0.45436157303282876
66,0.5,0.294643,0.705357,2.5829057,4,10.711058004022663,10.706033,2.2988580040226623,2.2938329999999993,-0.005025004022662927
67,0.5,0.303571,0.696429,2.6230148,1,6.253571144533344,5.7298708,-2.158628855466656,-2.6823292000000007,-0.5237003445333448
67,0.5,0.303571,0.696429,2.6230148,2,6.581726606965235,6.3955143,-1.8304733930347652,-2.0166857,-0.18621230696523483
67,0.5,0.303571,0.696429,2.6230148,3,10.08285428817782,10.649505,1.6706542881778201,2.237304999999999,0.5666507118221791
67,0.5,0.303571,0.696429,2.6230148,4,11.028723955751355,11.042276,2.6165239557513544,2.630075999999999,0.013552044248644535
68,0.5,0.3125,0.6875,2.6631239,1,6.025607293224207,5.4494275,-2.3865927067757937,-2.9627725000000007,-0.576179793224207
68,0.5,0.3125,0.6875,2.6631239,2,6.368686679269486,6.1232902,-2.043513320730514,-2.2889098000000008,-0.2453964792694867
68,0.5,0.3125,0.6875,2.6631239,3,10.455813584697779,11.133596,2.0436135846977788,2.7213960000000004,0.6777824153022216
68,0.5,0.3125,0.6875,2.6631239,4,11.367096664876113,11.417383,2.954896664876113,3.005182999999999,0.050286335123885806
69,0.5,0.321429,0.678571,2.703233,1,5.806707867471005,5.1896849,-2.6054921325289957,-3.2225151000000007,-0.617022967471005
69,0.5,0.321429,0.678571,2.703233,2,6.157886162073625,5.8510818,-2.254313837926375,-2.5611182,-0.30680436207362494
69,0.5,0.321429,0.678571,2.703233,3,10.84187087952324,11.623072,2.42967087952324,3.210872,0.7812011204767604
69,0.5,0.321429,0.678571,2.703233,4,11.722387277510668,11.835746,3.3101872775106678,3.423546,0.11335872248933221
70,0.5,0.330357,0.669643,2.7433421,1,5.5975332674096805,4.9505521,-2.81466673259032,-3.4616479,-0.6469811674096801
70,0.5,0.330357,0.669643,2.7433421,2,5.951767034344749,5.5849693,-2.4604329656552517,-2.8272307000000003,-0.3667977343447486
70,0.5,0.330357,0.669643,2.7433421,3,11.2402443312862,12.10908,2.8280443312862005,3.69688,0.8688356687137997
70,0.5,0.330357,0.669643,2.7433421,4,12.091788617143074,12.30336,3.6795886171430734,3.8911599999999993,0.2115713828569259
71,0.5,0.339286,0.660714,2.7834513,1,5.398433705709843,4.7316426,-3.013766294290157,-3.6805574000000005,-0.6667911057098435
71,0.5,0.339286,0.660714,2.7834513,2,5.752054648346889,5.3303306,-2.660145351653111,-3.0818694000000004,-0.42172404834688937
71,0.5,0.339286,0.660714,2.7834513,3,11.65053882613347,12.594494,3.23833882613347,4.182293999999999,0.943955173866529
71,0.5,0.339286,0.660714,2.7834513,4,12.47361887481736,12.814134,4.06141887481736,4.401933999999999,0.34051512518263927
72,0.5,0.348214,0.651786,2.8235604,1,5.209698501711453,4.5324455,-3.202501498288547,-3.8797545000000007,-0.6772530017114535
72,0.5,0.348214,0.651786,2.8235604,2,5.560037467131406,5.0918385,-2.8521625328685944,-3.3203615000000006,-0.4681989671314062
72,0.5,0.348214,0.651786,2.8235604,3,12.072295854676318,13.091417,3.6600958546763174,4.6792169999999995,1.0191211453236821
72,0.5,0.348214,0.651786,2.8235604,4,12.866355265280013,13.351817,4.454155265280013,4.939617,0.485461734719987
73,0.5,0.357143,0.642857,2.8636695,1,5.031447671693151,4.3524947,-3.3807523283068495,-4.0597053,-0.6789529716931506
73,0.5,0.357143,0.642857,2.8636695,2,5.376506964248312,4.8733138,-3.035693035751688,-3.5388862000000003,-0.5031931642483123
73,0.5,0.357143,0.642857,2.8636695,3,12.505281912412716,13.606354,4.093081912412716,5.194153999999999,1.1010720875872835
73,0.5,0.357143,0.642857,2.8636695,4,13.269019912223726,13.904472,4.856819912223726,5.492272,0.6354520877762742
74,0.5,0.366071,0.633929,2.9037786,1,4.863829633553377,4.1915426,-3.5483703664466235,-4.2206574,-0.6722870335533768
74,0.5,0.366071,0.633929,2.9037786,2,5.202195536452882,4.677506,-3.2100044635471185,-3.734694,-0.5246895364528816
74,0.5,0.366071,0.633929,2.9037786,3,12.9491005493081,14.139711,4.5369005493081005,5.727511,1.1906104506918993
74,0.5,0.366071,0.633929,2.9037786,4,13.680557603441477,14.46477,5.268357603441476,6.052569999999999,0.784212396558523
75,0.5,0.375,0.625,2.9438877,1,4.706880971121596,4.0496821,-3.705319028878404,-4.3625179,-0.6571988711215964
75,0.5,0.375,0.625,2.9438877,2,5.037606418302006,4.5059031,-3.3745935816979946,-3.9062969,-0.5317033183020055
75,0.5,0.375,0.625,2.9438877,3,13.403528731175912,14.688654,4.991328731175912,6.276453999999999,1.2851252688240873
75,0.5,0.375,0.625,2.9438877,4,14.100277443354333,15.027046,5.688077443354333,6.614846,0.9267685566456674
76,0.5,0.383929,0.616071,2.9839968,1,4.560671246030951,3.9273265,-3.851528753969049,-4.484873500000001,-0.6333447460309514
76,0.5,0.383929,0.616071,2.9839968,2,4.8831478379105935,4.3586908,-3.529052162089407,-4.053509200000001,-0.5244570379105937
76,0.5,0.383929,0.616071,2.9839968,3,13.86814888187505,15.248444,5.455948881875049,6.836243999999999,1.38029511812495
76,0.5,0.383929,0.616071,2.9839968,4,14.527301306674431,15.585994,6.115101306674431,7.173793999999999,1.0586926933255683
77,0.5,0.392857,0.607143,3.024106,1,4.425248906513697,3.8249929,-3.9869510934863035,-4.5872071000000005,-0.600256006513697
77,0.5,0.392857,0.607143,3.024106,2,4.739165422950669,4.2349337,-3.6730345770493313,-4.1772663,-0.504231722950669
77,0.5,0.392857,0.607143,3.024106,3,14.34246216159121,15.812983,5.930262161591209,7.400782999999999,1.47052083840879
77,0.5,0.392857,0.607143,3.024106,4,14.960788647437116,16.136229,6.548588647437116,7.724029,1.1754403525628838
78,0.5,0.401786,0.598214,3.0642151,1,4.300613567944574,3.7429499,-4.111586432055426,-4.6692501,-0.5576636679445741
78,0.5,0.401786,0.598214,3.0642151,2,4.605958279230854,4.132929,-3.8062417207691466,-4.2792710000000005,-0.4730292792308539
78,0.5,0.401786,0.598214,3.0642151,3,14.82601559528986,16.375119,6.41381559528986,7.962919000000001,1.5491034047101415
78,0.5,0.401786,0.598214,3.0642151,4,15.400042522175916,16.67219,6.9878425221759155,8.25999,1.2721474778240847
79,0.5,0.410714,0.589286,3.1043242,1,4.1868067939631315,3.6808724,-4.225393206036869,-4.7313276,-0.5059343939631313
79,0.5,0.410714,0.589286,3.1043242,2,4.4837168818414135,4.0505974,-3.928483118158587,-4.3616026,-0.43311948184141347
79,0.5,0.410714,0.589286,3.1043242,3,15.31798281841845,16.92689,6.90578281841845,8.51469,1.60890718158155
79,0.5,0.410714,0.589286,3.1043242,4,15.84395862220119,17.188166,7.43175862220119,8.775965999999999,1.3442073777988082
80,0.5,0.419643,0.580357,3.1444333,1,4.083813677468399,3.6376225,-4.3283863225316015,-4.7745775,-0.44619117746839887
80,0.5,0.419643,0.580357,3.1444333,2,4.3726189370610555,3.9857936,-4.039581062938945,-4.4264064,-0.3868253370610555
80,0.5,0.419643,0.580357,3.1444333,3,15.817495727052513,17.459767,7.405295727052513,9.047566999999999,1.642271272947486
80,0.5,0.419643,0.580357,3.1444333,4,16.29156012240309,17.678383,7.8793601224030905,9.266183,1.3868228775969094
81,0.5,0.428571,0.571429,3.1845424,1,3.9916647214470538,3.6111933,-4.420535278552947,-4.8010067,-0.3804714214470537
81,0.5,0.428571,0.571429,3.1845424,2,4.272833696424158,3.9364985,-4.139366303575843,-4.4757015,-0.3363351964241579
81,0.5,0.428571,0.571429,3.1845424,3,16.323139844884302,17.964895,7.910939844884302,9.552694999999998,1.6417551551156961
81,0.5,0.428571,0.571429,3.1845424,4,16.741378485643025,18.137138,8.329178485643025,9.724938,1.3957595143569748
82,0.5,0.4375,0.5625,3.2246515,1,3.910344720498061,3.5987952,-4.501855279501939,-4.813404800000001,-0.31154952049806095
82,0.5,0.4375,0.5625,3.2246515,2,4.184525991706522,3.90091,-4.227674008293478,-4.511290000000001,-0.28361599170652196
82,0.5,0.4375,0.5625,3.2246515,3,16.83321434220614,18.433326,8.42101434220614,10.021126,1.6001116577938603
82,0.5,0.4375,0.5625,3.2246515,4,17.191887845973667,18.558971,8.779687845973667,10.146771,1.3670831540263322
83,0.5,0.446429,0.553571,3.2647607,1,3.839866090982222,3.5970633,-4.572333909017779,-4.8151367,-0.24280279098222213
83,0.5,0.446429,0.553571,3.2647607,2,4.107766901052197,3.8774451,-4.304433098947803,-4.5347549,-0.23032180105219702
83,0.5,0.446429,0.553571,3.2647607,3,17.34507954666463,18.856136,8.932879546664628,10.443935999999999,1.511056453335371
83,0.5,0.446429,0.553571,3.2647607,4,17.64091614887975,18.938957,9.22871614887975,10.526756999999998,1.2980408511202484
84,0.5,0.455357,0.544643,3.3048698,1,3.780236546168108,3.6023855,-4.631963453831892,-4.8098145,-0.17785104616810798
84,0.5,0.455357,0.544643,3.3048698,2,4.042656711697361,3.8646427,-4.36954328830264,-4.5475573,-0.17801401169736053
84,0.5,0.455357,0.544643,3.3048698,3,17.854968432214648,19.224095,9.442768432214647,10.811894999999998,1.3691265677853508
84,0.5,0.455357,0.544643,3.3048698,4,18.085689722600524,19.273446,9.673489722600523,10.861246,1.187756277399476
85,0.5,0.464286,0.535714,3.3449789,1,3.731443663963196,3.6113586,-4.680756336036804,-4.8008414,-0.12008506396319607
85,0.5,0.464286,0.535714,3.3449789,2,3.98929318528066,3.860952,-4.42290681471934,-4.551248,-0.12834118528065996
85,0.5,0.464286,0.535714,3.3449789,3,18.357568904159734,19.526713,9.945368904159734,11.114513,1.1691440958402666
85,0.5,0.464286,0.535714,3.3449789,4,18.52280364919489,19.561405,10.110603649194891,11.149205,1.0386013508051093
86,0.5,0.473214,0.526786,3.385088,1,3.6934982021876652,3.6212858,-4.718701797812335,-4.7909142000000005,-0.07221240218766534
86,0.5,0.473214,0.526786,3.385088,2,3.9477324190547893,3.8644745,-4.464467580945211,-4.5477255,-0.0832579190547893
86,0.5,0.473214,0.526786,3.385088,3,18.844831325115067,19.759261,10.432631325115066,11.347060999999998,0.9144296748849321
86,0.5,0.473214,0.526786,3.385088,4,18.947592711232144,19.797736,10.535392711232143,11.385536,0.8501432887678568
87,0.5,0.482143,0.517857,3.4251971,1,3.6663914651977345,3.6304973,-4.745808534802266,-4.7817027,-0.03589416519773447
87,0.5,0.482143,0.517857,3.4251971,2,3.9180118312402463,3.8728694,-4.494188168759754,-4.5393306,-0.04514243124024642
87,0.5,0.482143,0.517857,3.4251971,3,19.305532292440706,19.927086,10.893332292440705,11.514885999999999,0.6215537075592934
87,0.5,0.482143,0.517857,3.4251971,4,19.35439277499467,19.969268,10.942192774994668,11.557068,0.6148752250053313
88,0.5,0.491071,0.508929,3.4653063,1,3.6501293055179733,3.6383089,-4.762070694482027,-4.7738911,-0.011820405517973143
88,0.5,0.491071,0.508929,3.4653063,2,3.9002137137251642,3.8835928,-4.511986286274836,-4.5286072,-0.016620913725164055
88,0.5,0.491071,0.508929,3.4653063,3,19.724563950451643,20.032107,11.312363950451642,11.619907,0.3075430495483573
88,0.5,0.491071,0.508929,3.4653063,4,19.7361597812645,20.068489,11.3239597812645,11.656289,0.3323292187354987
89,0.5,0.5,0.5,3.5054154,1,3.644708340843676,3.6447083,-4.767491659156324,-4.767491700000001,-4.084367599688221e-08
89,0.5,0.5,0.5,3.5054154,2,3.894370156054905,3.8943702,-4.517829843945096,-4.5178298,4.394509511840283e-08
89,0.5,0.5,0.5,3.5054154,3,20.068448965631127,20.073498,11.656248965631127,11.661298,0.005049034368873606
89,0.5,0.5,0.5,3.5054154,4,20.068448965631237,20.093036,11.656248965631237,11.680836000000001,0.024587034368764193
90,0.485714,0.485714,0.485714,3.5447141,1,3.370812839870646,3.5235648,-5.0413871601293545,-4.8886352,0.1527519601293541
90,0.485714,0.485714,0.485714,3.5447141,2,4.17793321888579,3.9716283,-4.2342667811142105,-4.4405717000000005,-0.20630491888578995
90,0.485714,0.485714,0.485714,3.5447141,3,19.975745403329952,19.982171,11.563545403329952,11.569971,0.006425596670048606
90,0.485714,0.485714,0.485714,3.5447141,4,19.975745403330073,20.209384,11.563545403330073,11.797184,0.2336385966699268
91,0.471429,0.471429,0.471429,3.5840129,1,3.011393515285988,3.3328709,-5.400806484714012,-5.079329100000001,0.321477384714012
91,0.471429,0.471429,0.471429,3.5840129,2,4.566437608185194,4.1192689,-3.845762391814806,-4.2929311000000006,-0.4471687081851945
91,0.471429,0.471429,0.471429,3.5840129,3,19.87664057837948,19.899376,11.46444057837948,11.487176,0.02273542162052067
91,0.471429,0.471429,0.471429,3.5840129,4,19.876640578379554,20.35018,11.464440578379554,11.937980000000001,0.4735394216204476
92,0.457143,0.457143,0.457143,3.6233116,1,2.6553894121391677,3.1239102,-5.756810587860833,-5.2882898,0.4685207878608324
92,0.457143,0.457143,0.457143,3.6233116,2,4.9707921190603885,4.2897783,-3.441407880939612,-4.1224217,-0.6810138190603885
92,0.457143,0.457143,0.457143,3.6233116,3,19.786612197834177,19.832913,11.374412197834177,11.420713000000001,0.046300802165823995
92,0.457143,0.457143,0.457143,3.6233116,4,19.786612197834177,20.505329,11.374412197834177,12.093129,0.7187168021658223
93,0.442857,0.442857,0.442857,3.6626104,1,2.3077329612523227,2.9001307,-6.104467038747678,-5.5120693,0.5923977387476773
93,0.442857,0.442857,0.442857,3.6626104,2,5.386319219157971,4.4847542,-3.025880780842029,-3.9274458,-0.9015650191579709
93,0.442857,0.442857,0.442857,3.6626104,3,19.70609343808213,19.780431,11.293893438082131,11.368231,0.07433756191786856
93,0.442857,0.442857,0.442857,3.6626104,4,19.70609343808213,20.674064,11.293893438082131,12.261864000000001,0.9679705619178698
94,0.428571,0.428571,0.428571,3.7019091,1,1.9694434053181307,2.6602391,-6.442756594681869,-5.7519609,0.6907956946818694
94,0.428571,0.428571,0.428571,3.7019091,2,5.8118713713841545,4.7114854,-2.600328628615846,-3.7007146000000004,-1.1003859713841546
94,0.428571,0.428571,0.428571,3.7019091,3,19.635094839359212,19.739192,11.222894839359212,11.326991999999999,0.10409716064078722
94,0.428571,0.428571,0.428571,3.7019091,4,19.63509483935926,20.855411,11.222894839359261,12.443211,1.2203161606407384
95,0.414286,0.414286,0.414286,3.7412079,1,1.6409984089052818,2.4028643,-6.7712015910947185,-6.0093357,0.7618658910947183
95,0.414286,0.414286,0.414286,3.7412079,2,6.247000273476338,4.9779113,-2.165199726523662,-3.4342887000000006,-1.2690889734763386
95,0.414286,0.414286,0.414286,3.7412079,3,19.573625207459557,19.706391,11.161425207459557,11.294191,0.13276579254044307
95,0.414286,0.414286,0.414286,3.7412079,4,19.57362520745959,21.048108,11.161425207459589,12.635907999999999,1.4744827925404103
96,0.4,0.4,0.4,3.7805066,1,1.3225034681221346,2.1273557,-7.089696531877866,-6.2848443000000005,0.8048522318778653
96,0.4,0.4,0.4,3.7805066,2,6.691533114075602,5.2914251,-1.7206668859243983,-3.1207749000000007,-1.4001080140756024
96,0.4,0.4,0.4,3.7805066,3,19.521665456160093,19.679421,11.109465456160093,11.267221000000001,0.15775554383990809
96,0.4,0.4,0.4,3.7805066,4,19.521665456160157,21.250596,11.109465456160157,12.838396000000001,1.7289305438398443
97,0.385714,0.385714,0.385714,3.8198054,1,1.0141766949731783,1.8339287,-7.398023305026822,-6.578271300000001,0.8197520050268217
97,0.385714,0.385714,0.385714,3.8198054,2,7.1452813795170576,5.6583417,-1.2669186204829428,-2.7538583,-1.4869396795170573
97,0.385714,0.385714,0.385714,3.8198054,3,19.479204219746894,19.656086,11.067004219746893,11.243885999999998,0.17688178025310464
97,0.385714,0.385714,0.385714,3.8198054,4,19.479204219746936,21.461001,11.067004219746936,13.048801,1.9817967802530632
98,0.371429,0.371429,0.371429,3.8591041,1,0.7161390525530469,1.5236404,-7.696060947446954,-6.888559600000001,0.807501347446953
98,0.371429,0.371429,0.371429,3.8591041,2,7.608049800563541,6.0835686,-0.8041501994364593,-2.3286314,-1.5244812005635406
98,0.371429,0.371429,0.371429,3.8591041,3,19.44620894321711,19.634756,11.034008943217108,11.222555999999999,0.18854705678289108
98,0.371429,0.371429,0.371429,3.8591041,4,19.446208943217144,21.677152,11.034008943217144,13.264952,2.2309430567828556
99,0.357143,0.357143,0.357143,3.8984029,1,0.42849962946386416,1.1983144,-7.983700370536136,-7.2138856,0.7698147705361358
99,0.357143,0.357143,0.357143,3.8984029,2,8.079849010691808,6.570379,-0.3323509893081926,-1.8418210000000004,-1.5094700106918078
99,0.357143,0.357143,0.357143,3.8984029,3,19.422684502448952,19.614451,11.010484502448952,11.202250999999999,0.1917664975510469
99,0.357143,0.357143,0.357143,3.8984029,4,19.422684502449037,21.896598,11.010484502449037,13.484398,2.4739134975509636
100,0.342857,0.342857,0.342857,3.9377016,1,0.151352640958309,0.86045374,-8.26084735904169,-7.551746260000001,0.7091010990416909
100,0.342857,0.342857,0.342857,3.9377016,2,8.560498695752228,7.1202591,0.14829869575222787,-1.2919409000000002,-1.440239595752228
100,0.342857,0.342857,0.342857,3.9377016,3,19.408595486981245,19.594861,10.996395486981244,11.182661000000001,0.18626551301875693
100,0.342857,0.342857,0.342857,3.9377016,4,19.408595486981245,22.11665,10.996395486981244,13.70445,2.708054513018755
101,0.328571,0.328571,0.328571,3.9770004,1,-0.11520614016463526,0.51315268,-8.527406140164636,-7.89904732,0.6283588201646353
101,0.328571,0.328571,0.328571,3.9770004,2,9.049893898729321,7.732821,0.6376938987293208,-0.679379,-1.3170728987293208
101,0.328571,0.328571,0.328571,3.9770004,3,19.40391760690385,19.576299,10.99171760690385,11.164098999999998,0.17238139309614908
101,0.328571,0.328571,0.328571,3.9770004,4,19.40391760690387,22.334427,10.99171760690387,13.922227000000001,2.9305093930961306
102,0.314286,0.314286,0.314286,4.0162991,1,-0.3710753622272613,0.16000767,-8.783275362227261,-8.25219233,0.5310830322272613
102,0.314286,0.314286,0.314286,4.0162991,2,9.547879438958681,8.405778,1.1356794389586806,-0.006422000000000594,-1.1421014389586812
102,0.314286,0.314286,0.314286,4.0162991,3,19.408624031579553,19.559626,10.996424031579553,11.147426000000001,0.15100196842044866
102,0.314286,0.314286,0.314286,4.0162991,4,19.40862403157958,22.546914,10.996424031579581,14.134714,3.1382899684204197
103,0.3,0.3,0.3,4.0555979,1,-0.6162082388116545,-0.19497593,-9.028408238811656,-8.60717593,0.4212323088116545
103,0.3,0.3,0.3,4.0555979,2,10.054402477480808,9.1349835,1.642202477480808,0.7227835000000002,-0.9194189774808077
103,0.3,0.3,0.3,4.0555979,3,19.422686796497022,19.546134,11.010486796497021,11.133933999999998,0.12344720350297678
103,0.3,0.3,0.3,4.0555979,4,19.422686796497057,22.751015,11.010486796497057,14.338814999999999,3.3283282035029416
104,0.285714,0.285714,0.285714,4.0948966,1,-0.8505335865443947,-0.54748736,-9.262733586544394,-8.95968736,0.3030462265443947
104,0.285714,0.285714,0.285714,4.0948966,2,10.569272056204289,9.9145284,2.1570720562042887,1.5023283999999997,-0.654743656204289
104,0.285714,0.285714,0.285714,4.0948966,3,19.446070560334814,19.537429,11.033870560334814,11.125229,0.09135843966518564
104,0.285714,0.285714,0.285714,4.0948966,4,19.44607056033483,22.943617,11.033870560334831,14.531417,3.497546439665168
105,0.271429,0.271429,0.271429,4.1341954,1,-1.0739084279201503,-0.89302826,-9.48610842792015,-9.30522826,0.18088016792015027
105,0.271429,0.271429,0.271429,4.1341954,2,11.092355585431063,10.736895,2.680155585431063,2.324695,-0.3554605854310626
105,0.271429,0.271429,0.271429,4.1341954,3,19.478743138396652,19.53531,11.066543138396652,11.123109999999999,0.05656686160334701
105,0.271429,0.271429,0.271429,4.1341954,4,19.478743138396663,23.121647,11.066543138396662,14.709446999999999,3.6429038616033367
106,0.257143,0.257143,0.257143,4.1734941,1,-1.2863149215060934,-1.2270471,-9.698514921506094,-9.6392471,0.05926782150609333
106,0.257143,0.257143,0.257143,4.1734941,2,11.623540938586656,11.593163,3.2113409385866554,3.180963,-0.030377938586655162
106,0.257143,0.257143,0.257143,4.1734941,3,19.520663038231177,19.541665,11.108463038231177,11.129464999999998,0.021001961768821076
106,0.257143,0.257143,0.257143,4.1734941,4,19.5206630382312,23.28213,11.108463038231198,14.869929999999998,3.7614669617688
107,0.242857,0.242857,0.242857,4.2127929,1,-1.4876384045205409,-1.5450892,-9.89983840452054,-9.9572892,-0.057450795479459194
107,0.242857,0.242857,0.242857,4.2127929,2,12.162612744803678,12.473251,3.7504127448036773,4.061050999999999,0.3106382551963218
107,0.242857,0.242857,0.242857,4.2127929,3,19.571790288384417,19.558379,11.159590288384416,11.146178999999998,-0.013411288384418185
107,0.242857,0.242857,0.242857,4.2127929,4,19.57179028838451,23.422254,11.159590288384509,15.010053999999998,3.8504637116154896
108,0.228571,0.228571,0.228571,4.2520916,1,-1.6778681246259781,-1.8429588,-10.09006812462598,-10.2551588,-0.16509067537402178
108,0.228571,0.228571,0.228571,4.2520916,2,12.709353964812065,13.366201,4.297153964812065,4.954001,0.6568470351879352
108,0.228571,0.228571,0.228571,4.2520916,3,19.632036296019386,19.587271,11.219836296019386,11.175071,-0.04476529601938495
108,0.228571,0.228571,0.228571,4.2520916,4,19.632036296019464,23.539429,11.219836296019464,15.127228999999998,3.907392703980534
109,0.214286,0.214286,0.214286,4.2913904,1,-1.8569284251131997,-2.116886,-10.2691284251132,-10.529086,-0.2599575748868004
109,0.214286,0.214286,0.214286,4.2913904,2,13.263467963568502,14.260475,4.851267963568501,5.848274999999999,0.9970070364314978
109,0.214286,0.214286,0.214286,4.2913904,3,19.70133009682168,19.630043,11.289130096821678,11.217843,-0.07128709682167766
109,0.214286,0.214286,0.214286,4.2913904,4,19.701330096821728,23.631353,11.289130096821728,15.219153,3.9300229031782727
110,0.2,0.2,0.2,4.3306891,1,-2.024723213739813,-2.3636902,-10.436923213739814,-10.775890200000001,-0.3389669862601874
110,0.2,0.2,0.2,4.3306891,2,13.824776961524769,15.14426,5.412576961524769,6.732059999999999,1.31948303847523
110,0.2,0.2,0.2,4.3306891,3,19.779582533499358,19.688258,11.367382533499358,11.276058,-0.09132453349935687
110,0.2,0.2,0.2,4.3306891,4,19.779582533499358,23.696074,11.367382533499358,15.283873999999999,3.9164914665006414
111,0.185714,0.185714,0.185714,4.3699879,1,-2.1812096598284567,-2.580929,-10.593409659828456,-10.993129,-0.3997193401715431
111,0.185714,0.185714,0.185714,4.3699879,2,14.392875620067358,16.005761,5.980675620067357,7.593560999999999,1.6128853799326421
111,0.185714,0.185714,0.185714,4.3699879,3,19.86665841059645,19.763349,11.45445841059645,11.351149000000001,-0.10330941059644871
111,0.185714,0.185714,0.185714,4.3699879,4,19.866658410596504,23.732047,11.454458410596503,15.319847000000001,3.865388589403498
112,0.171429,0.171429,0.171429,4.4092866,1,-2.326301466999765,-2.7670222,-10.738501466999764,-11.1792222,-0.44072073300023495
112,0.171429,0.171429,0.171429,4.4092866,2,14.967296839508114,16.833444,6.5550968395081135,8.421244,1.8661471604918862
112,0.171429,0.171429,0.171429,4.4092866,3,19.96239549847588,19.856657,11.550195498475878,11.444456999999998,-0.1057384984758798
112,0.171429,0.171429,0.171429,4.4092866,4,19.962395498475896,23.738194,11.550195498475896,15.325994,3.775798501524104
113,0.157143,0.157143,0.157143,4.4485854,1,-2.4600106778803417,-2.9213405,-10.872210677880343,-11.3335405,-0.46132982211965823
113,0.157143,0.157143,0.157143,4.4485854,2,15.547583424541404,17.616188,7.135383424541404,9.203988,2.068604575458597
113,0.157143,0.157143,0.157143,4.4485854,3,20.066540140441752,19.969548,11.654340140441752,11.557348,-0.09699214044175264
113,0.157143,0.157143,0.157143,4.4485854,4,20.06654014044176,23.713951,11.654340140441759,15.301751000000001,3.647410859558242
114,0.142857,0.142857,0.142857,4.4878841,1,-2.5822567851050255,-3.0442487,-10.994456785105026,-11.4564487,-0.46199191489497426
114,0.142857,0.142857,0.142857,4.4878841,2,16.133016150943075,18.343227,7.720816150943074,9.931026999999998,2.2102108490569243
114,0.142857,0.142857,0.142857,4.4878841,3,20.178782876641908,20.103699,11.766582876641907,11.691498999999999,-0.07508387664190863
114,0.142857,0.142857,0.142857,4.4878841,4,20.178782876641918,23.659311,11.766582876641918,15.247110999999999,3.4805281233580807
115,0.128571,0.128571,0.128571,4.5271829,1,-2.6929523122584986,-3.1370989,-11.105152312258499,-11.5492989,-0.4441465877415012
115,0.128571,0.128571,0.128571,4.5271829,2,16.72270662148437,19.003626,8.31050662148437,10.591426,2.2809193785156303
115,0.128571,0.128571,0.128571,4.5271829,3,20.29868840216859,20.261784,11.88648840216859,11.849583999999998,-0.03690440216859159
115,0.128571,0.128571,0.128571,4.5271829,4,20.298688402168608,23.574864,11.886488402168608,15.162664000000001,3.2761755978313936
116,0.114286,0.114286,0.114286,4.5664816,1,-2.7921385310760027,-3.2021669,-11.204338531076003,-11.6143669,-0.4100283689239972
116,0.114286,0.114286,0.114286,4.5664816,2,17.31541928037007,19.584791,8.903219280370068,11.172590999999999,2.2693717196299303
116,0.114286,0.114286,0.114286,4.5664816,3,20.42556897918997,20.449056,12.013368979189968,12.036855999999998,0.0234870208100304
116,0.114286,0.114286,0.114286,4.5664816,4,20.42556897919003,23.461841,12.013368979190028,15.049641,3.036272020809971
117,0.1,0.1,0.1,4.6057804,1,-2.879705515984819,-3.2425341,-11.29190551598482,-11.6547341,-0.36282858401518103
117,0.1,0.1,0.1,4.6057804,2,17.909593264020383,20.070495,9.497393264020383,11.658295,2.1609017359796177
117,0.1,0.1,0.1,4.6057804,3,20.558504295974984,20.675292,12.146304295974984,12.263091999999999,0.1167877040250147
117,0.1,0.1,0.1,4.6057804,4,20.558504295975016,23.322187,12.146304295975016,14.909987,2.7636827040249834
118,0.085714,0.085714,0.085714,4.6450791,1,-2.9556791199625563,-3.2619166,-11.367879119962556,-11.674116600000001,-0.3062374800374439
118,0.085714,0.085714,0.085714,4.6450791,2,18.502785764153217,20.449064,10.090585764153216,12.036864,1.9462782358467834
118,0.085714,0.085714,0.085714,4.6450791,3,20.696012298840166,20.946408,12.283812298840166,12.534208000000001,0.2503957011598352
118,0.085714,0.085714,0.085714,4.6450791,4,20.696012298840227,23.158737,12.283812298840227,14.746536999999998,2.4627247011597717
119,0.071429,0.071429,0.071429,4.6843779,1,-3.0200667509504746,-3.2644504,-11.432266750950475,-11.6766504,-0.24438364904952525
119,0.071429,0.071429,0.071429,4.6843779,2,19.09123180364353,20.741381,10.67903180364353,12.329181,1.6501491963564696
119,0.071429,0.071429,0.071429,4.6843779,3,20.83577959741204,21.235902,12.423579597412038,12.823701999999999,0.40012240258796083
119,0.071429,0.071429,0.071429,4.6843779,4,20.835779597412053,22.975657,12.423579597412052,14.563457000000001,2.139877402587949
120,0.057143,0.057143,0.057143,4.7236766,1,-3.0727515416664652,-3.2544439,-11.484951541666465,-11.6666439,-0.1816923583335348
120,0.057143,0.057143,0.057143,4.7236766,2,19.669037029037813,20.986559,11.256837029037813,12.574359,1.3175219709621864
120,0.057143,0.057143,0.057143,4.7236766,3,20.97409490229434,21.497757,12.56189490229434,13.085557,0.5236620977056603
120,0.057143,0.057143,0.057143,4.7236766,4,20.97409490229434,22.779699,12.56189490229434,14.367499,1.805604097705661
121,0.042857,0.042857,0.042857,4.7629754,1,-3.113747917161096,-3.2361137,-11.525947917161096,-11.648313700000001,-0.1223657828389042
121,0.042857,0.042857,0.042857,4.7629754,2,20.225229760936028,21.200576,11.813029760936027,12.788376000000001,0.975346239063974
121,0.042857,0.042857,0.042857,4.7629754,3,21.10472696794707,21.703849,12.69252696794707,13.291649000000001,0.5991220320529322
121,0.042857,0.042857,0.042857,4.7629754,4,21.10472696794707,22.583933,12.69252696794707,14.171732999999998,1.4792060320529288
122,0.028571,0.028571,0.028571,4.8022741,1,-3.1430816957098666,-3.2133196,-11.555281695709867,-11.6255196,-0.07023790429013355
122,0.028571,0.028571,0.028571,4.8022741,2,20.73713586375667,21.367374,12.32493586375667,12.955174000000001,0.6302381362433316
122,0.028571,0.028571,0.028571,4.8022741,3,21.217452155204256,21.84172,12.805252155204256,13.429519999999998,0.6242678447957424
122,0.028571,0.028571,0.028571,4.8022741,4,21.217452155204295,22.418621,12.805252155204295,14.006421000000001,1.2011688447957063
123,0.014286,0.014286,0.014286,4.8415729,1,-3.1607025055246334,-3.1893202,-11.572902505524635,-11.6015202,-0.028617694475366662
123,0.014286,0.014286,0.014286,4.8415729,2,21.149061710446823,21.428511,12.736861710446822,13.016311,0.2794492895531775
123,0.014286,0.014286,0.014286,4.8415729,3,21.297003581004056,21.911065,12.884803581004055,13.498865,0.614061418995945
123,0.014286,0.014286,0.014286,4.8415729,4,21.297003581004113,22.34482,12.884803581004112,13.932619999999998,1.047816418995886
124,0.0,0.0,0.0,4.8808716,1,-3.1665642422585587,-3.1665642,-11.57876424225856,-11.5787642,4.2258558874408436e-08
124,0.0,0.0,0.0,4.8808716,2,21.326269887354133,21.32627,12.914069887354133,12.91407,1.1264586774473173e-07
124,0.0,0.0,0.0,4.8808716,3,21.326269887354183,21.934007,12.914069887354183,13.521807,0.6077371126458182
124,0.0,0.0,0.0,4.8808716,4,21.326269887354208,22.400752,12.914069887354207,13.988552,1.0744821126457929
125,0.008929,0.008929,0.017857,4.9209807,1,-3.1604586140446314,-3.2000206,-11.57265861404463,-11.6122206,-0.03956198595536886
125,0.008929,0.008929,0.017857,4.9209807,2,21.174077156663568,21.433533,12.761877156663568,13.021333,0.2594558433364327
125,0.008929,0.008929,0.017857,4.9209807,3,21.226904787091474,21.875758,12.814704787091474,13.463558,0.6488532129085272
125,0.008929,0.008929,0.017857,4.9209807,4,21.332201729799216,22.292474,12.920001729799216,13.880273999999998,0.9602722702007824
126,0.017857,0.017857,0.035714,4.9610898,1,-3.142117925818283,-3.2336921,-11.554317925818284,-11.645892100000001,-0.09157417418171665
126,0.017857,0.017857,0.035714,4.9610898,2,20.8137897263089,21.339806,12.4015897263089,12.927605999999999,0.5260162736910985
126,0.017857,0.017857,0.035714,4.9610898,3,20.980730630979526,21.858044,12.568530630979525,13.445844,0.8773133690204737
126,0.017857,0.017857,0.035714,4.9610898,4,21.34999687761767,22.25913,12.93779687761767,13.846929999999999,0.9091331223823289
127,0.026786,0.026786,0.053571,5.001199,1,-3.1115514554214485,-3.2653784,-11.523751455421449,-11.6775784,-0.1538269445785514
127,0.026786,0.026786,0.053571,5.001199,2,20.362086293251508,21.11914,11.949886293251508,12.706940000000001,0.7570537067484935
127,0.026786,0.026786,0.053571,5.001199,3,20.660234305165048,21.760367,12.248034305165048,13.348166999999998,1.1001326948349508
127,0.026786,0.026786,0.053571,5.001199,4,21.379658412234793,22.347019,12.967458412234793,13.934819,0.9673605877652065
128,0.035714,0.035714,0.071429,5.0413081,1,-3.0688465809884704,-3.2921928,-11.48104658098847,-11.7043928,-0.22334621901152962
128,0.035714,0.035714,0.071429,5.0413081,2,19.871340964965942,20.843176,11.459140964965941,12.430976,0.9718350350340579
128,0.035714,0.035714,0.071429,5.0413081,3,20.303012879109655,21.576787,11.890812879109655,13.164587,1.2737741208903444
128,0.035714,0.035714,0.071429,5.0413081,4,21.42117595215424,22.490434,13.00897595215424,14.078234,1.0692580478457607
129,0.044643,0.044643,0.089286,5.0814172,1,-3.013944159625537,-3.3107371,-11.426144159625537,-11.7229371,-0.2967929403744627
129,0.044643,0.044643,0.089286,5.0814172,2,19.363803003622422,20.533037,10.951603003622422,12.120837,1.169233996377578
129,0.044643,0.044643,0.089286,5.0814172,3,19.925713773051683,21.339997,11.513513773051683,12.927797,1.4142832269483172
129,0.044643,0.044643,0.089286,5.0814172,4,21.474562054946315,22.635773,13.062362054946314,14.223573,1.1612109450536856
130,0.053571,0.053571,0.107143,5.1215263,1,-2.9469161040947305,-3.3173103,-11.359116104094731,-11.729510300000001,-0.37039419590526945
130,0.053571,0.053571,0.107143,5.1215263,2,18.850220770425633,20.195336,10.438020770425632,11.783136,1.3451152295743682
130,0.053571,0.053571,0.107143,5.1215263,3,19.536305275908322,21.061906,11.124105275908322,12.649706,1.525600724091678
130,0.053571,0.053571,0.107143,5.1215263,4,21.53978140810185,22.765033,13.127581408101848,14.352832999999999,1.2252515918981501
131,0.0625,0.0625,0.125,5.1616354,1,-2.867806261882217,-3.3081383,-11.280006261882217,-11.7203383,-0.4403320381177829
131,0.0625,0.0625,0.125,5.1616354,2,18.33649516734593,19.832603,9.92429516734593,11.420402999999999,1.4961078326540687
131,0.0625,0.0625,0.125,5.1616354,3,19.13923170141544,20.748148,10.72703170141544,12.335948,1.6089162985845604
131,0.0625,0.0625,0.125,5.1616354,4,21.616843500243643,22.870958,13.204643500243643,14.458758000000001,1.2541144997563585
132,0.071429,0.071429,0.142857,5.2017445,1,-2.776557741338539,-3.2796066,-11.18875774133854,-11.6918066,-0.5030488586614612
132,0.071429,0.071429,0.142857,5.2017445,2,17.826188472268854,19.446115,9.413988472268853,11.033914999999999,1.6199265277311454
132,0.071429,0.071429,0.142857,5.2017445,3,18.737350884731747,20.402853,10.325150884731746,11.990653,1.6655021152682536
132,0.071429,0.071429,0.142857,5.2017445,4,21.70574088142504,22.949524,13.29354088142504,14.537324,1.2437831185749602
133,0.080357,0.080357,0.160714,5.2418537,1,-2.673255929432803,-3.2284802,-11.085455929432804,-11.6406802,-0.555224270567197
133,0.080357,0.080357,0.160714,5.2418537,2,17.321511151582342,19.036891,8.909311151582342,10.624691,1.7153798484176583
133,0.080357,0.080357,0.160714,5.2418537,3,18.332653012927945,20.029768,9.920453012927945,11.617568,1.6971149870720552
133,0.080357,0.080357,0.160714,5.2418537,4,21.806486621912047,22.99789,13.394286621912046,14.585690000000001,1.191403378087955
134,0.089286,0.089286,0.178571,5.2819628,1,-2.5579270501712728,-3.1520963,-10.970127050171273,-11.5642963,-0.5941692498287274
134,0.089286,0.089286,0.178571,5.2819628,2,16.824050325012177,18.606085,8.411850325012177,10.193885,1.7820346749878233
134,0.089286,0.089286,0.178571,5.2819628,3,17.92658375850876,19.632555,9.514383758508759,11.220355,1.7059712414912411
134,0.089286,0.089286,0.178571,5.2819628,4,21.91902548384982,23.013752,13.506825483849818,14.601552,1.0947265161501818
135,0.098214,0.098214,0.196429,5.3220719,1,-2.430611762676479,-3.0485162,-10.84281176267648,-11.4607162,-0.6179044373235207
135,0.098214,0.098214,0.196429,5.3220719,2,16.334788280066956,18.155137,7.922588280066956,9.742937,1.820348719933044
135,0.098214,0.098214,0.196429,5.3220719,3,17.520373366785787,19.214859,9.108173366785786,10.802659,1.6944856332142137
135,0.098214,0.098214,0.196429,5.3220719,4,22.043375170866558,22.995147,13.631175170866557,14.582946999999999,0.9517718291334418
136,0.107143,0.107143,0.214286,5.362181,1,-2.2914014955851383,-2.9166283,-10.703601495585138,-11.328828300000001,-0.6252268044148619
136,0.107143,0.107143,0.214286,5.362181,2,15.854522021569823,17.6858,7.442322021569822,9.2736,1.8312779784301778
136,0.107143,0.107143,0.214286,5.362181,3,17.115094168605488,18.780292,8.702894168605487,10.368091999999999,1.6651978313945115
136,0.107143,0.107143,0.214286,5.362181,4,22.179501141859276,22.940438,13.767301141859276,14.528238,0.7609368581407239
137,0.116071,0.116071,0.232143,5.4022901,1,-2.1402732653687333,-2.7561968,-10.552473265368734,-11.1683968,-0.6159235346312668
137,0.116071,0.116071,0.232143,5.4022901,2,15.383778290261436,17.200114,6.971578290261435,8.787913999999999,1.8163357097385635
137,0.116071,0.116071,0.232143,5.4022901,3,16.71163407445844,18.33237,8.299434074458441,9.92017,1.6207359255415597
137,0.116071,0.116071,0.232143,5.4022901,4,22.327408578102897,22.84838,13.915208578102897,14.436179999999998,0.5209714218971015
138,0.125,0.125,0.25,5.4423993,1,-1.9773318373251745,-2.5678577,-10.389531837325174,-10.9800577,-0.5905258626748253
138,0.125,0.125,0.25,5.4423993,2,14.922955936489513,16.700357,6.510755936489513,8.288157,1.7774010635104869
138,0.125,0.125,0.25,5.4423993,3,16.310760864679413,17.874412,7.898560864679412,9.462212,1.5636511353205869
138,0.125,0.125,0.25,5.4423993,4,22.487073411455295,22.718225,14.074873411455295,14.306025,0.23115158854470508
139,0.133929,0.133929,0.267857,5.4825084,1,-1.8026263613772522,-2.3530641,-10.214826361377252,-10.7652641,-0.5504377386227479
139,0.133929,0.133929,0.267857,5.4825084,2,14.472358185624318,16.188983,6.060158185624317,7.776783,1.7166248143756828
139,0.133929,0.133929,0.267857,5.4825084,3,15.913192730593948,17.409422,7.500992730593948,8.997221999999999,1.4962292694060508
139,0.133929,0.133929,0.267857,5.4825084,4,22.42776083937331,22.549835,14.01556083937331,14.137635000000001,0.12207416062669196
140,0.142857,0.142857,0.285714,5.5226175,1,-1.616212303427049,-2.1139898,-10.02841230342705,-10.526189800000001,-0.4977774965729511
140,0.142857,0.142857,0.285714,5.5226175,2,14.032214820522146,15.668564,5.620014820522146,7.256364,1.636349179477854
140,0.142857,0.142857,0.285714,5.5226175,3,15.519582870417489,16.939991,7.107382870417489,8.527790999999999,1.4204081295825102
140,0.142857,0.142857,0.285714,5.5226175,4,22.093634031456723,22.343795,13.681434031456723,13.931595,0.25016096854327685
141,0.151786,0.151786,0.303571,5.5627266,1,-1.4181742362481233,-1.8534005,-9.830374236248124,-10.2656005,-0.4352262637518767
141,0.151786,0.151786,0.303571,5.5627266,2,13.602700746557343,15.141732,5.190500746557342,6.729531999999999,1.5390312534426567
141,0.151786,0.151786,0.303571,5.5627266,3,15.130492508080769,16.468204,6.7182925080807685,8.056004,1.3377114919192312
141,0.151786,0.151786,0.303571,5.5627266,4,21.739075922495477,22.10149,13.326875922495477,13.689289999999998,0.36241407750452126
142,0.160714,0.160714,0.321429,5.6028357,1,-1.208562374336317,-1.5745033,-9.620762374336318,-9.9867033,-0.36594092566368297
142,0.160714,0.160714,0.321429,5.6028357,2,13.183926248396885,14.611114,4.7717262483968845,6.198914,1.4271877516031157
142,0.160714,0.160714,0.321429,5.6028357,3,14.74644822561906,15.995611,6.33424822561906,7.583411,1.24916277438094
142,0.160714,0.160714,0.321429,5.6028357,4,21.37760607091774,21.825159,12.965406070917739,13.412958999999999,0.44755292908225996
143,0.169643,0.169643,0.339286,5.6429448,1,-0.9875138741356831,-1.2807867,-9.399713874135683,-9.6929867,-0.2932728258643168
143,0.169643,0.169643,0.339286,5.6429448,2,12.776024388213322,14.079285,4.363824388213322,5.667085,1.303260611786678
143,0.169643,0.169643,0.339286,5.6429448,3,14.367995262736427,15.523236,5.955795262736427,7.111036,1.1552407372635738
143,0.169643,0.169643,0.339286,5.6429448,4,21.01628117273981,21.517901,12.604081172739809,13.105700999999998,0.501619827260189
144,0.178571,0.178571,0.357143,5.683054,1,-0.7550207467616665,-0.97585975,-9.167220746761666,-9.38805975,-0.2208390032383335
144,0.178571,0.178571,0.357143,5.683054,2,12.379078307571167,13.548719,3.966878307571166,5.136519,1.1696406924288336
144,0.178571,0.178571,0.357143,5.683054,3,13.995548956000453,15.05165,5.583348956000453,6.63945,1.056101043999547
144,0.178571,0.178571,0.357143,5.683054,4,20.65901418006718,21.183637,12.246814180067181,12.771437,0.5246228199328193
145,0.1875,0.1875,0.375,5.7231631,1,-0.5111845000154107,-0.66329786,-8.92338450001541,-9.07549786,-0.1521133599845893
145,0.1875,0.1875,0.375,5.7231631,2,11.993129309721414,13.021762,3.580929309721414,4.609562,1.0286326902785863
145,0.1875,0.1875,0.375,5.7231631,3,13.629576452569443,14.581089,5.217376452569443,6.168889,0.951512547430557
145,0.1875,0.1875,0.375,5.7231631,4,20.307985929541452,20.827015,11.895785929541452,12.414814999999999,0.5190290704585472
146,0.196429,0.196429,0.392857,5.7632722,1,-0.25612816368610275,-0.34650085,-8.668328163686104,-8.75870085,-0.09037268631389728
146,0.196429,0.196429,0.392857,5.7632722,2,11.618218268695708,12.500611,3.2060182686957077,4.088410999999999,0.8823927313042912
146,0.196429,0.196429,0.392857,5.7632722,3,13.270405964884278,14.111621,4.858205964884277,5.699420999999999,0.8412150351157219
146,0.196429,0.196429,0.392857,5.7632722,4,19.964554369017783,20.453273,11.552354369017783,12.041072999999999,0.48871863098221624
147,0.205357,0.205357,0.410714,5.8033813,1,0.010076529612062275,-0.028563999,-8.402123470387938,-8.440763999,-0.038640528612062276
147,0.205357,0.205357,0.410714,5.8033813,2,11.25437340805673,11.987318,2.8421734080567305,3.575118,0.7329445919432693
147,0.205357,0.205357,0.410714,5.8033813,3,12.918438608176988,13.643345,4.506238608176988,5.231145,0.7249063918230121
147,0.205357,0.205357,0.410714,5.8033813,4,19.6295874070964,20.068044,11.217387407096398,11.655844,0.43845659290360217
148,0.214286,0.214286,0.428571,5.8434904,1,0.28733463264492437,0.2878376,-8.124865367355076,-8.1243624,0.0005029673550756564
148,0.214286,0.214286,0.428571,5.8434904,2,10.901612677769354,11.483793,2.4894126777693533,3.071593,0.5821803222306468
148,0.214286,0.214286,0.428571,5.8434904,3,12.574019061578523,13.17661,4.161819061578523,4.76441,0.6025909384214767
148,0.214286,0.214286,0.428571,5.8434904,4,19.303659572036487,19.677126,10.891459572036487,11.264926,0.37346642796351404
149,0.223214,0.223214,0.446429,5.8835996,1,0.5755925972365151,0.60055331,-7.8366074027634856,-7.81164669,0.024960712763484882
149,0.223214,0.223214,0.446429,5.8835996,2,10.559926885906876,10.991821,2.1477268859068754,2.5796209999999995,0.43189411409312406
149,0.223214,0.223214,0.446429,5.8835996,3,12.237526001782328,12.712232,3.8253260017823276,4.300032,0.47470599821767223
149,0.223214,0.223214,0.446429,5.8835996,4,18.987144396361245,19.286224,10.574944396361245,10.874024,0.29907960363875574
150,0.232143,0.232143,0.464286,5.9237087,1,0.8746516628499796,0.90805114,-7.537548337150021,-7.504148860000001,0.03339947715002034
150,0.232143,0.232143,0.464286,5.9237087,2,10.229357076301106,10.513075,1.8171570763011058,2.1008750000000003,0.2837179236988945
150,0.232143,0.232143,0.464286,5.9237087,3,11.909154796827833,12.251668,3.4969547968278327,3.839468,0.3425132031721674
150,0.232143,0.232143,0.464286,5.9237087,4,18.680346856413028,18.900695,10.268146856413027,10.488494999999999,0.2203481435869712
151,0.241071,0.241071,0.482143,5.9638178,1,1.1844488675443512,1.2095022,-7.22775113245565,-7.2026978,0.02505333245564878
151,0.241071,0.241071,0.482143,5.9638178,2,9.909881026155233,10.049132,1.4976810261552327,1.6369319999999998,0.13925097384476715
151,0.241071,0.241071,0.482143,5.9638178,3,11.589251261093935,11.797137,3.1770512610939345,3.384936999999999,0.20788573890606443
151,0.241071,0.241071,0.482143,5.9638178,4,18.383438247715947,18.525312,9.971238247715947,10.113112,0.1418737522840523
152,0.25,0.25,0.5,6.0039269,1,1.504852986527344,1.504853,-6.9073470134726564,-6.907347000000001,1.3472656101853886e-08
152,0.25,0.25,0.5,6.0039269,2,9.601491396413438,9.6014914,1.189291396413438,1.1892914,3.5865621583752727e-09
152,0.25,0.25,0.5,6.0039269,3,11.278081510741892,11.351636,2.8658815107418913,2.939435999999999,0.07355448925810748
152,0.25,0.25,0.5,6.0039269,4,18.096534047646706,18.164079,9.684334047646706,9.751879,0.06754495235329472
153,0.258929,0.258929,0.517857,6.044036,1,1.8357835688354387,1.7948796,-6.576416431164562,-6.6173204000000005,-0.040903968835438675
153,0.258929,0.258929,0.517857,6.044036,2,9.304177650743629,9.1715955,0.8919776507436286,0.7593955000000001,-0.13258215074362845
153,0.258929,0.258929,0.517857,6.044036,3,10.975976576931297,10.918849,2.5637765769312963,2.5066489999999995,-0.057127576931296886
153,0.258929,0.258929,0.517857,6.044036,4,17.819758815574804,17.820128,9.407558815574804,9.407928,0.0003691844251960674
154,0.267857,0.267857,0.535714,6.0841451,1,2.177051154611367,2.0812147,-6.2351488453886335,-6.3309853,-0.09583645461136703
154,0.267857,0.267857,0.535714,6.0841451,2,9.017924684188248,8.7608461,0.6057246841882478,0.34864609999999985,-0.2570785841882479
154,0.267857,0.267857,0.535714,6.0841451,3,10.683093027857879,10.502944,2.2708930278578787,2.090743999999999,-0.18014902785787967
154,0.267857,0.267857,0.535714,6.0841451,4,17.55315721672054,17.495684,9.140957216720539,9.083484,-0.05747321672053829
155,0.276786,0.276786,0.553571,6.1242543,1,2.5285018436930113,2.3663326,-5.8836981563069894,-6.045867400000001,-0.16216924369301156
155,0.276786,0.276786,0.553571,6.1242543,2,8.742712297500475,8.3706222,0.3305122975004746,-0.041577800000000664,-0.3720900975004753
155,0.276786,0.276786,0.553571,6.1242543,3,10.399717166436576,10.108293,1.9875171664365752,1.6960929999999994,-0.29142416643657576
155,0.276786,0.276786,0.553571,6.1242543,4,17.29676182043854,17.192115,8.88456182043854,8.779915,-0.10464682043853912
156,0.285714,0.285714,0.571429,6.1643634,1,2.890037807177932,2.6534741,-5.522162192822068,-5.7587259,-0.23656370717793207
156,0.285714,0.285714,0.571429,6.1643634,2,8.478516020946882,8.0022838,0.06631602094688205,-0.4099161999999996,-0.47623222094688167
156,0.285714,0.285714,0.571429,6.1643634,3,10.126111807291634,9.7391551,1.713911807291634,1.3269550999999993,-0.38695670729163467
156,0.285714,0.285714,0.571429,6.1643634,4,17.050596170886745,16.910038,8.638396170886745,8.497838,-0.14055817088674516
157,0.294643,0.294643,0.589286,6.2044725,1,3.2614029392422177,2.9464855,-5.150797060757783,-5.465714500000001,-0.3149174392422176
157,0.294643,0.294643,0.589286,6.2044725,2,8.225341343480746,7.6571524,-0.18685865651925404,-0.7550476000000002,-0.5681889434807461
157,0.294643,0.294643,0.589286,6.2044725,3,9.862555960847224,9.3994118,1.450355960847224,0.987211799999999,-0.4631441608472251
157,0.294643,0.294643,0.589286,6.2044725,4,16.814690953892068,16.649457,8.402490953892068,8.237257000000001,-0.1652339538920664
158,0.303571,0.303571,0.607143,6.2445816,1,3.642357307168874,3.2495416,-4.769842692831126,-5.1626584,-0.3928157071688738
158,0.303571,0.303571,0.607143,6.2445816,2,7.983145722864136,7.3364646,-0.4290542771358643,-1.0757354000000001,-0.6466811228641358
158,0.303571,0.303571,0.607143,6.2445816,3,9.609284575165491,9.0924076,1.1970845751654906,0.6802075999999992,-0.5168769751654914
158,0.303571,0.303571,0.607143,6.2445816,4,16.589023515075926,16.409912,8.176823515075926,7.997711999999998,-0.17911151507592749
159,0.3125,0.3125,0.625,6.2846907,1,4.032700854365271,3.5667093,-4.379499145634729,-4.845490700000001,-0.4659915543652713
159,0.3125,0.3125,0.625,6.2846907,2,7.751920746838334,7.0413046,-0.6602792531616659,-1.3708954000000002,-0.7106161468383343
159,0.3125,0.3125,0.625,6.2846907,3,9.366688713341903,8.8209806,0.9544887133419024,0.40878060000000005,-0.5457081133419024
159,0.3125,0.3125,0.625,6.2846907,4,16.373606139228176,16.190613,7.961406139228176,7.778412999999999,-0.18299313922817717
160,0.321429,0.321429,0.642857,6.3247999,1,4.432020744251041,3.9012903,-3.9801792557489595,-4.510909700000001,-0.530730444251041
160,0.321429,0.321429,0.642857,6.3247999,2,7.531636779795774,6.7725418,-0.880563220204226,-1.6396582000000004,-0.7590949797957744
160,0.321429,0.321429,0.642857,6.3247999,3,9.135048947286235,8.5877435,0.7228489472862343,0.17554349999999985,-0.5473054472862344
160,0.321429,0.321429,0.642857,6.3247999,4,16.168415608017114,15.990549,7.756215608017113,7.578348999999999,-0.17786660801711385
161,0.330357,0.330357,0.660714,6.364909,1,4.8398320803876915,4.2548284,-3.572367919612309,-4.1573716,-0.5850036803876915
161,0.330357,0.330357,0.660714,6.364909,2,7.322271789605605,6.5308213,-1.0899282103943957,-1.8813787,-0.7914504896056043
161,0.330357,0.330357,0.660714,6.364909,3,8.914885356472933,8.3957049,0.5026853564729326,-0.016495100000000207,-0.5191804564729328
161,0.330357,0.330357,0.660714,6.364909,4,15.973436122556512,15.80856,7.561236122556512,7.39636,-0.16487612255651207
162,0.339286,0.339286,0.678571,6.4050181,1,5.25538904633763,4.625539,-3.1568109536623705,-3.7866610000000005,-0.62985004633763
162,0.339286,0.339286,0.678571,6.4050181,2,7.123803266941649,6.3167115,-1.2883967330583515,-2.0954885,-0.8070917669416486
162,0.339286,0.339286,0.678571,6.4050181,3,8.70690981474448,8.249383,0.2947098147444791,-0.16281700000000043,-0.45752681474447954
162,0.339286,0.339286,0.678571,6.4050181,4,15.788647942383783,15.643374,7.376447942383782,7.231173999999999,-0.145273942383783
163,0.348214,0.348214,0.696429,6.4451272,1,5.677462246044161,5.0055171,-2.734737753955839,-3.4066829000000007,-0.6719451460441617
163,0.348214,0.348214,0.696429,6.4451272,2,6.9361986910043365,6.1314042,-1.4760013089956638,-2.2807958,-0.8047944910043361
163,0.348214,0.348214,0.696429,6.4451272,3,8.512292225323867,8.1566643,0.1000922253238663,-0.25553570000000114,-0.35562792532386744
163,0.348214,0.348214,0.696429,6.4451272,4,15.614019641849117,15.493629,7.2018196418491165,7.081429,-0.12039064184911652
164,0.357143,0.357143,0.714286,6.4852363,1,6.1036109083791334,5.3738297,-2.308589091620867,-3.0383703000000004,-0.7297812083791335
164,0.357143,0.357143,0.714286,6.4852363,2,6.759457119258854,5.9807035,-1.6527428807411466,-2.4314965000000006,-0.778753619258854
164,0.357143,0.357143,0.714286,6.4852363,3,8.333375253854172,8.1315681,-0.07882474614582868,-0.2806318999999995,-0.2018071538541708
164,0.357143,0.357143,0.714286,6.4852363,4,15.44954736056121,15.357873,7.03734736056121,6.945672999999999,-0.09167436056121048
165,0.366071,0.366071,0.732143,6.5253454,1,6.528328327557222,5.6502739,-1.883871672442778,-2.7619261,-0.8780544275572222
165,0.366071,0.366071,0.732143,6.5253454,2,6.593546343001797,5.9187059,-1.8186536569982037,-2.4934941000000004,-0.6748404430017967
165,0.366071,0.366071,0.732143,6.5253454,3,8.175577888553184,8.1967246,-0.23662211144681677,-0.21547540000000076,0.021146711446816013
165,0.366071,0.366071,0.732143,6.5253454,4,15.295196937287491,15.234573,6.882996937287491,6.822372999999999,-0.060623937287491714
166,0.375,0.375,0.75,6.5654546,1,6.438445569062246,5.6492035,-1.9737544309377544,-2.7629965000000007,-0.7892420690622464
166,0.375,0.375,0.75,6.5654546,2,6.935524985500353,6.0974967,-1.476675014499647,-2.3147033000000006,-0.8380282855003536
166,0.375,0.375,0.75,6.5654546,3,8.054720636240425,8.3798353,-0.357479363759575,-0.03236470000000047,0.32511466375957454
166,0.375,0.375,0.75,6.5654546,4,15.15094347190636,15.122139,6.738743471906359,6.709939,-0.028804471906358486
