omega_meV,alpha2F,native_cumulative_lambda
0.0904076,0.0,0.0
0.1808152,0.0,0.0
0.2712228,0.0,0.0
0.3616304,0.0,0.0
0.452038,0.0,0.0
0.5424457,0.0,0.0
0.6328533,0.0,0.0
0.7232609,0.0,0.0
0.8136685,0.0,0.0
0.9040761,0.0,0.0
0.9944837,0.0,0.0
1.0848913,0.0,0.0
1.1752989,0.0,0.0
1.2657065,0.0,0.0
1.3561141,0.0,0.0
1.4465217,0.0,0.0
1.5369293,0.0,0.0
1.627337,0.0,0.0
1.7177446,0.0,0.0
1.8081522,0.0,0.0
1.8985598,0.0,0.0
1.9889674,0.0,0.0
2.079375,0.0,0.0
2.1697826,0.0,0.0
2.2601902,0.0,0.0
2.3505978,0.0,0.0
2.4410054,0.0,0.0
2.531413,0.0,0.0
2.6218206,0.0,0.0
2.7122283,0.0,0.0
2.8026359,0.0,0.0
2.8930435,0.0,0.0
2.9834511,0.0,0.0
3.0738587,0.0,0.0
3.1642663,0.0,0.0
3.2546739,0.0,0.0
3.3450815,0.0,0.0
3.4354891,0.0,0.0
3.5258967,0.0,0.0
3.6163043,0.0,0.0
3.7067119,0.0,0.0
3.7971196,0.0,0.0
3.8875272,0.0,0.0
3.9779348,0.0,0.0
4.0683424,0.0,0.0
4.15875,0.0,0.0
4.2491576,1e-07,0.0
4.3395652,3e-07,0.0
4.4299728,1.1e-06,1e-07
4.5203804,3.1e-06,2e-07
4.610788,8.3e-06,5e-07
4.7011956,2.1e-05,1.3e-06
4.7916032,4.96e-05,3.2e-06
4.8820109,0.00011,7.3e-06
4.9724185,0.0002284,1.56e-05
5.0628261,0.0004442,3.14e-05
5.1532337,0.0008092,5.98e-05
5.2436413,0.001381,0.0001074
5.3340489,0.0022082,0.0001823
5.4244565,0.0033084,0.0002926
5.5148641,0.0046461,0.0004449
5.6052717,0.0061199,0.0006423
5.6956793,0.0075709,0.0008827
5.7860869,0.0088188,0.0011583
5.8764945,0.0097201,0.0014573
5.9669022,0.0102304,0.0017674
6.0573098,0.010447,0.0020792
6.1477174,0.0106061,0.0023912
6.238125,0.0110283,0.0027108
6.3285326,0.0120194,0.0030542
6.4189402,0.0137548,0.0034417
6.5093478,0.0161883,0.0038914
6.5997554,0.0190197,0.0044124
6.690163,0.0217453,0.0050002
6.7805706,0.0237835,0.0056344
6.8709782,0.0246387,0.0062828
6.9613858,0.0240462,0.0069073
7.0517935,0.0220466,0.0074726
7.1422011,0.0189617,0.0079527
7.2326087,0.0152876,0.0083349
7.3230163,0.0115495,0.0086201
7.4134239,0.0081747,0.0088194
7.5038315,0.0054203,0.00895
7.5942391,0.0033666,0.0090302
7.6846467,0.0019588,0.0090763
7.7750543,0.0010676,0.0091011
7.8654619,0.0005452,0.0091136
7.9558695,0.0002614,0.0091196
8.0462771,0.000119,0.0091223
8.1366848,5.49e-05,0.0091235
8.2270924,3.36e-05,0.0091242
8.3175,4e-05,0.0091251
8.4079076,7.32e-05,0.0091267
8.4983152,0.0001441,0.0091297
8.5887228,0.0002737,0.0091355
8.6791304,0.0004932,0.0091458
8.769538,0.0008427,0.0091631
8.8599456,0.0013704,0.0091911
8.9503532,0.0021302,0.0092341
9.0407608,0.003181,0.0092978
9.1311684,0.0045834,0.0093885
9.2215761,0.0063937,0.0095139
9.3119837,0.0086466,0.0096818
9.4023913,0.0113265,0.0098996
9.4927989,0.0143297,0.0101726
9.5832065,0.0174362,0.0105015
9.6736141,0.0203126,0.0108812
9.7640217,0.0225645,0.0112991
9.8544293,0.0238384,0.0117365
9.9448369,0.0239442,0.0121718
10.0352445,0.0229555,0.0125854
10.1256521,0.0212443,0.0129648
10.2160597,0.0194315,0.0133087
10.3064674,0.0182642,0.0136291
10.396875,0.018454,0.0139501
10.4872826,0.0205169,0.0143038
10.5776902,0.0246483,0.0147252
10.6680978,0.0306534,0.0152447
10.7585054,0.0379449,0.0158824
10.848913,0.0456132,0.0166427
10.9393206,0.0525666,0.0175115
11.0297282,0.0577237,0.0184578
11.1201358,0.0602239,0.0194371
11.2105434,0.0596066,0.0203985
11.300951,0.0559112,0.021293
11.3913587,0.0496637,0.0220814
11.4817663,0.0417519,0.0227389
11.5721739,0.0332239,0.023258
11.6625815,0.0250732,0.0236467
11.7529891,0.0180703,0.0239247
11.8433967,0.0126811,0.0241183
11.9338043,0.0090721,0.0242558
12.0242119,0.0071737,0.0243637
12.1146195,0.0067615,0.0244646
12.2050271,0.0075238,0.024576
12.2954347,0.0091073,0.02471
12.3858423,0.0111513,0.0248728
12.47625,0.0133263,0.0250659
12.5666576,0.0153779,0.0252872
12.6570652,0.0171654,0.0255324
12.7474728,0.0186688,0.0257972
12.8378804,0.019951,0.0260782
12.928288,0.021083,0.0263731
13.0186956,0.0220665,0.0266795
13.1091032,0.0227964,0.026994
13.1995108,0.0230889,0.0273103
13.2899184,0.0227672,0.02762
13.380326,0.021764,0.0279141
13.4707336,0.0201885,0.0281851
13.5611413,0.0183252,0.0284294
13.6515489,0.0165645,0.0286488
13.7419565,0.0153002,0.0288502
13.8323641,0.0148398,0.0290441
13.9227717,0.0153598,0.0292436
14.0131793,0.0169076,0.0294618
14.1035869,0.0194278,0.0297109
14.1939945,0.0227789,0.030001
14.2844021,0.0267254,0.0303393
14.3748097,0.0309157,0.0307282
14.4652173,0.0348818,0.0311642
14.5556249,0.0380923,0.0316374
14.6460326,0.040064,0.032132
14.7364402,0.0404979,0.032629
14.8268478,0.0393788,0.0331092
14.9172554,0.0369868,0.0335575
15.007663,0.0338047,0.0339648
15.0980706,0.0303614,0.0343284
15.1884782,0.0270791,0.0346508
15.2788858,0.0241906,0.0349371
15.3692934,0.0217545,0.035193
15.459701,0.019745,0.0354239
15.5501086,0.0181611,0.0356351
15.6405162,0.0170928,0.0358327
15.7309239,0.0167113,0.0360248
15.8213315,0.0171895,0.0362212
15.9117391,0.0185963,0.0364326
16.0021467,0.0208244,0.0366679
16.0925543,0.023598,0.036933
16.1829619,0.0265734,0.0372299
16.2733695,0.0294977,0.0375577
16.3637771,0.0323566,0.0379152
16.4541847,0.0354321,0.0383046
16.5445923,0.039222,0.0387332
16.6349999,0.0442316,0.039214
16.7254075,0.0507074,0.0397622
16.8158152,0.0584197,0.0403904
16.9062228,0.0665925,0.0411026
16.9966304,0.0740236,0.0418901
17.087038,0.0793695,0.04273
17.1774456,0.0815023,0.0435879
17.2678532,0.0798228,0.0444237
17.3582608,0.0744281,0.045199
17.4486684,0.066088,0.0458839
17.539076,0.0560518,0.0464617
17.6294836,0.0457566,0.046931
17.7198912,0.0365339,0.0473038
17.8102988,0.0293896,0.0476022
17.9007065,0.024896,0.0478536
17.9911141,0.0231921,0.0480867
18.0815217,0.0240574,0.0483273
18.1719293,0.0270249,0.0485962
18.2623369,0.0315026,0.0489081
18.3527445,0.0368867,0.0492715
18.4431521,0.042655,0.0496897
18.5335597,0.0484286,0.0501622
18.6239673,0.0539952,0.0506864
18.7143749,0.0592955,0.0512593
18.8047825,0.0643843,0.0518784
18.8951901,0.0693832,0.0525424
18.9855978,0.0744434,0.0532513
19.0760054,0.0797233,0.054007
19.166413,0.0853832,0.0548125
19.2568206,0.0915867,0.0556725
19.3472282,0.0984935,0.056593
19.4376358,0.106224,0.0575811
19.5280434,0.1147836,0.0586439
19.618451,0.1239626,0.0597864
19.7088586,0.1332598,0.061009
19.7992662,0.1418956,0.0623049
19.8896738,0.1489575,0.063659
19.9800814,0.1536556,0.0650496
20.0704891,0.1555934,0.0664513
20.1608967,0.1549348,0.0678409
20.2513043,0.1523801,0.0692014
20.3417119,0.1489505,0.0705254
20.4321195,0.1456567,0.0718144
20.5225271,0.1431716,0.0730758
20.6129347,0.1416091,0.074318
20.7033423,0.1404754,0.0755449
20.7937499,0.1388028,0.0767518
20.8841575,0.135436,0.0779244
20.9745651,0.1293952,0.0790399
21.0649727,0.120215,0.0800718
21.1553804,0.1081545,0.0809962
21.245788,0.0942077,0.081798
21.3361956,0.0799106,0.0824752
21.4266032,0.0670121,0.0830407
21.5170108,0.0571157,0.0835207
21.6074184,0.0513938,0.0839507
21.697826,0.050427,0.084371
21.7882336,0.0541649,0.0848205
21.8786412,0.0619743,0.0853326
21.9690488,0.0727476,0.0859314
22.0594564,0.0850663,0.0866286
22.149864,0.0974315,0.087424
22.2402717,0.1085437,0.0883065
22.3306793,0.1175724,0.0892585
22.4210869,0.1243175,0.090261
22.5114945,0.1291866,0.0912987
22.6019021,0.1329774,0.0923625
22.6923097,0.1365438,0.0934505
22.7827173,0.1404748,0.0945654
22.8731249,0.1449042,0.0957109
22.9635325,0.1495006,0.096888
23.0539401,0.1536134,0.0980929
23.1443477,0.156505,0.0993155
23.2347553,0.1575953,0.100542
23.325163,0.1566727,0.1017565
23.4155706,0.1540378,0.102946
23.5059782,0.1505507,0.104104
23.5963858,0.1475407,0.1052346
23.6867934,0.1465517,0.1063533
23.777201,0.1489488,0.107486
23.8676086,0.1554836,0.1086639
23.9580162,0.165976,0.1099166
24.0484238,0.1792598,0.1112644
24.1388314,0.1934535,0.1127135
24.229239,0.2064862,0.1142544
24.3196466,0.216689,0.1158655
24.4100543,0.2232273,0.117519
24.5004619,0.2262097,0.1191885
24.5908695,0.2264503,0.1208536
24.6812771,0.2250026,0.1225019
24.7716847,0.2226729,0.1241273
24.8620923,0.2197166,0.1257252
24.9524999,0.2158219,0.1272892
25.0429075,0.210361,0.128808
25.1333151,0.2027708,0.1302668
25.2237227,0.1928872,0.1316495
25.3141303,0.1810925,0.132943
25.4045379,0.1682342,0.1341404
25.4949456,0.1553761,0.1352424
25.5853532,0.1435079,0.1362566
25.6757608,0.1333328,0.1371955
25.7661684,0.1251922,0.1380741
25.856576,0.1191098,0.138907
25.9469836,0.1148894,0.1397076
26.0373912,0.1122056,0.1404868
26.1277988,0.1106678,0.1412527
26.2182064,0.1098744,0.1420104
26.308614,0.1094805,0.1427629
26.3990216,0.10927,0.1435113
26.4894292,0.109196,0.1442567
26.5798369,0.1093492,0.1450005
26.6702445,0.1098598,0.1457454
26.7606521,0.1107842,0.1464939
26.8510597,0.1120509,0.1472485
26.9414673,0.1135112,0.1480103
27.0318749,0.1150815,0.14878
27.1222825,0.1169068,0.1495594
27.2126901,0.1194584,0.1503532
27.3030977,0.123501,0.1511711
27.3935053,0.1299203,0.1520286
27.4839129,0.1394543,0.1529461
27.5743205,0.1524095,0.1539455
27.6647282,0.1684512,0.1550465
27.7551358,0.1865304,0.1562617
27.8455434,0.2049701,0.1575926
27.935951,0.2216894,0.1590275
28.0263586,0.234516,0.1605405
28.1167662,0.2415325,0.1620938
28.2071738,0.2414001,0.1636412
28.2975814,0.2336126,0.165134
28.387989,0.2186345,0.1665265
28.4783966,0.1978844,0.1677829
28.5688042,0.1735523,0.1688814
28.6592118,0.1482723,0.1698168
28.7496195,0.1247067,0.1706012
28.8400271,0.105119,0.1712602
28.9304347,0.0910119,0.171829
29.0208423,0.0828983,0.1723455
29.1112499,0.0802539,0.172844
29.2016575,0.081686,0.1733498
29.2920651,0.0853102,0.1738764
29.3824727,0.0892782,0.1744258
29.4728803,0.0923298,0.1749923
29.5632879,0.094204,0.1755684
29.6536955,0.0957558,0.1761523
29.7441031,0.0987061,0.1767523
29.8345108,0.1050747,0.1773892
29.9249184,0.1164619,0.1780929
30.015326,0.1334046,0.1788965
30.1057336,0.1550153,0.1798275
30.1961412,0.1790248,0.1808995
30.2865488,0.202229,0.1821069
30.3769564,0.2212192,0.1834236
30.467364,0.2331976,0.1848076
30.5577716,0.2366465,0.1862079
30.6481792,0.231666,0.1875746
30.7385868,0.2198829,0.1888681
30.8289944,0.2039673,0.1900644
30.9194021,0.1869077,0.1911574
31.0098097,0.1712709,0.1921561
31.1002173,0.1586597,0.1930785
31.1906249,0.1495054,0.1939452
31.2810325,0.1432079,0.194773
31.3714401,0.138525,0.1955714
31.4618477,0.1340505,0.1963418
31.5522553,0.1286256,0.1970789
31.6426629,0.1215857,0.1977737
31.7330705,0.1128234,0.1984166
31.8234781,0.1027188,0.1990002
31.9138857,0.0920175,0.1995215
32.0042934,0.0817201,0.1999832
32.094701,0.0730031,0.2003945
32.1851086,0.0671404,0.2007717
32.2755162,0.0653792,0.201138
32.3659238,0.068747,0.201522
32.4563314,0.0778225,0.2019556
32.546739,0.0925534,0.2024698
32.6371466,0.1122117,0.2030914
32.7275542,0.1355294,0.2038402
32.8179618,0.1609702,0.2047271
32.9083694,0.1870225,0.2057547
32.998777,0.2123866,0.2069185
33.0891847,0.2360028,0.2082081
33.1795923,0.2569727,0.2096085
33.2699999,0.2744987,0.2111003
33.3604075,0.2879366,0.212661
33.4508151,0.2969454,0.2142661
33.5412227,0.3016074,0.215892
33.6316303,0.3023805,0.2175177
33.7220379,0.2998645,0.2191256
33.8124455,0.2945233,0.2207005
33.9028531,0.2865847,0.222229
33.9932607,0.2762375,0.2236983
34.0836683,0.2640344,0.2250991
34.174076,0.2512152,0.2264282
34.2644836,0.2396585,0.2276929
34.3548912,0.2313673,0.2289107
34.4452988,0.2276865,0.2301059
34.5357064,0.2286575,0.231303
34.626114,0.2328914,0.2325192
34.7165216,0.2380932,0.2337592
34.8069292,0.2420252,0.2350165
34.8973368,0.2434519,0.2362779
34.9877444,0.2426029,0.2375317
35.078152,0.2409411,0.2387736
35.1685596,0.2403929,0.2400096
35.2589673,0.242486,0.2412531
35.3493749,0.2478724,0.242521
35.4397825,0.2564716,0.2438295
35.5301901,0.268081,0.2451938
35.6205977,0.2830029,0.2466304
35.7110053,0.3022095,0.2481605
35.8014129,0.3268415,0.2498113
35.8918205,0.3572581,0.251611
35.9822281,0.3921758,0.2535818
36.0726357,0.4284559,0.2557294
36.1630433,0.4617857,0.2580384
36.2534509,0.4880263,0.2604724
36.3438586,0.5046232,0.262983
36.4342662,0.5114205,0.265521
36.5246738,0.5105168,0.2680483
36.6150814,0.5052768,0.2705435
36.705489,0.4990051,0.2730017
36.7958966,0.4938803,0.2754286
36.8863042,0.4905259,0.2778332
36.9767118,0.4882246,0.2802206
37.0671194,0.4855036,0.2825889
37.157527,0.4807647,0.2849284
37.2479346,0.4727754,0.2872234
37.3383422,0.4610068,0.2894559
37.4287499,0.4458711,0.2916098
37.5191575,0.4288451,0.2936766
37.6095651,0.4123776,0.2956591
37.6999727,0.3994796,0.2975751
37.7903803,0.3930235,0.2994556
37.8807879,0.3949476,0.3013408
37.9711955,0.405654,0.3032725
38.0616031,0.4238343,0.3052859
38.1520107,0.4467715,0.3074034
38.2424183,0.4709696,0.3096302
38.3328259,0.4928458,0.3119549
38.4232335,0.5092561,0.3143514
38.5136412,0.517771,0.3167823
38.6040488,0.5167746,0.3192027
38.6944564,0.5055336,0.321565
38.784864,0.4843266,0.323823
38.8752716,0.4545902,0.3259374
38.9656792,0.4189309,0.3278813
39.0560868,0.3808568,0.3296446
39.1464944,0.3442067,0.3312344
39.236902,0.312414,0.3326741
39.3273096,0.2878391,0.3339975
39.4177172,0.2713771,0.3352424
39.5081248,0.262428,0.3364434
39.5985325,0.2591858,0.3376269
39.6889401,0.2591239,0.3388074
39.7793477,0.2595493,0.3399872
39.8697553,0.2581232,0.3411578
39.9601629,0.2532661,0.3423038
40.0505705,0.2443726,0.3434071
40.1409781,0.2317729,0.3444511
40.2313857,0.2164402,0.3454239
40.3217933,0.1995332,0.3463187
40.4122009,0.1819517,0.3471328
40.5026085,0.1640888,0.3478653
40.5930161,0.1458789,0.3485151
40.6834238,0.1270897,0.3490799
40.7738314,0.1076823,0.3495575
40.864239,0.0880443,0.349947
40.9546466,0.0689809,0.3502516
41.0450542,0.0514914,0.3504784
41.1354618,0.0364606,0.3506387
41.2258694,0.0244135,0.3507458
41.316277,0.0154249,0.3508133
41.4066846,0.0091836,0.3508534
41.4970922,0.0051484,0.3508758
41.5874998,0.0027171,0.3508876
41.6779074,0.0013501,0.3508935
41.7683151,0.000632,0.3508962
41.8587227,0.000279,0.3508974
41.9491303,0.0001163,0.3508979
42.0395379,4.59e-05,0.3508981
42.1299455,1.71e-05,0.3508982
42.2203531,6.1e-06,0.3508982
42.3107607,2.1e-06,0.3508982
42.4011683,7e-07,0.3508982
42.4915759,2e-07,0.3508982
42.5819835,1e-07,0.3508982
42.6723911,0.0,0.3508982
42.7627987,0.0,0.3508982
42.8532064,0.0,0.3508982
42.943614,0.0,0.3508982
43.0340216,0.0,0.3508982
43.1244292,0.0,0.3508982
43.2148368,0.0,0.3508982
43.3052444,0.0,0.3508982
43.395652,0.0,0.3508982
43.4860596,0.0,0.3508982
43.5764672,0.0,0.3508982
43.6668748,0.0,0.3508982
43.7572824,0.0,0.3508982
43.84769,0.0,0.3508982
43.9380977,0.0,0.3508982
44.0285053,0.0,0.3508982
44.1189129,0.0,0.3508982
44.2093205,0.0,0.3508982
44.2997281,0.0,0.3508982
44.3901357,0.0,0.3508982
44.4805433,0.0,0.3508982
44.5709509,0.0,0.3508982
44.6613585,0.0,0.3508982
44.7517661,0.0,0.3508982
44.8421737,0.0,0.3508982
44.9325813,0.0,0.3508982
45.022989,0.0,0.3508982
45.1133966,0.0,0.3508982
45.2038042,0.0,0.3508982
