z_A,delta_n_e_A3,delta_N_e_A,cumulative_e
0.0000000000,-5.914758788701e-08,-5.914758788701e-06,0.000000000000e+00
0.0694444444,-6.380449933041e-08,-6.380449933041e-06,-4.269169695049e-07
0.1388888889,-7.351577466566e-08,-7.351577466566e-06,-9.037234764357e-07
0.2083333333,-8.113248909544e-08,-8.113248909544e-06,-1.440696614495e-06
0.2777777778,-8.560840735259e-08,-8.560840735259e-06,-2.019658060495e-06
0.3472222222,-9.220694757329e-08,-9.220694757329e-06,-2.637072487321e-06
0.4166666667,-1.048474909859e-07,-1.048474909859e-05,-3.321289287874e-06
0.4861111111,-1.221834158812e-07,-1.221834158812e-05,-4.109591047829e-06
0.5555555556,-1.421580735781e-07,-1.421580735781e-05,-5.027443441785e-06
0.6250000000,-1.669417015468e-07,-1.669417015468e-05,-6.100706549857e-06
0.6944444444,-2.006441638787e-07,-2.006441638787e-05,-7.377046360362e-06
0.7638888889,-2.439651025299e-07,-2.439651025299e-05,-8.920828535392e-06
0.8333333333,-2.943794932385e-07,-2.943794932385e-05,-1.079008060403e-05
0.9027777778,-3.516055298550e-07,-3.516055298550e-05,-1.303308415644e-05
0.9722222222,-4.204028688882e-07,-4.204028688882e-05,-1.571366887430e-05
1.0416666667,-5.074640146106e-07,-5.074640146106e-05,-1.893542888645e-05
1.1111111111,-6.178373959958e-07,-6.178373959958e-05,-2.284272545105e-05
1.1805555556,-7.556560651605e-07,-7.556560651605e-05,-2.761179996896e-05
1.2500000000,-9.264280258896e-07,-9.264280258896e-05,-3.345236972955e-05
1.3194444444,-1.136398696006e-06,-1.136398696006e-04,-4.061496251391e-05
1.3888888889,-1.390627964773e-06,-1.390627964773e-04,-4.938936064161e-05
1.4583333333,-1.694703260048e-06,-1.694703260048e-04,-6.010231628335e-05
1.5277777778,-2.059844327962e-06,-2.059844327962e-04,-7.313893985283e-05
1.5972222222,-2.505666636071e-06,-2.505666636071e-04,-8.899140847795e-05
1.6666666667,-3.057502252462e-06,-3.057502252462e-04,-1.083079671187e-04
1.7361111111,-3.741812682200e-06,-3.741812682200e-04,-1.319166995307e-04
1.8055555556,-4.584474087137e-06,-4.584474087137e-04,-1.608274174798e-04
1.8750000000,-5.612259329829e-06,-5.612259329829e-04,-1.962327418443e-04
1.9444444444,-6.855396061437e-06,-6.855396061437e-04,-2.395232119528e-04
2.0138888889,-8.351401655850e-06,-8.351401655850e-04,-2.923245929156e-04
2.0833333333,-1.015168982092e-05,-1.015168982092e-03,-3.565714383211e-04
2.1527777778,-1.232877866335e-05,-1.232877866335e-03,-4.346286205581e-04
2.2222222222,-1.497823354590e-05,-1.497823354590e-03,-5.294446351735e-04
2.2916666667,-1.821231995063e-05,-1.821231995063e-03,-6.446896125920e-04
2.3611111111,-2.214998301177e-05,-2.214998301177e-03,-7.848364978781e-04
2.4305555556,-2.691215254272e-05,-2.691215254272e-03,-9.551911352201e-04
2.5000000000,-3.262839633812e-05,-3.262839633812e-03,-1.161929152167e-03
2.5694444444,-3.945437560424e-05,-3.945437560424e-03,-1.412216554745e-03
2.6388888889,-4.759458023457e-05,-4.759458023457e-03,-1.714469873630e-03
2.7083333333,-5.732196117046e-05,-5.732196117046e-03,-2.078763420175e-03
2.7777777778,-6.898413461966e-05,-6.898413461966e-03,-2.517326252780e-03
2.8472222222,-8.298803684647e-05,-8.298803684647e-03,-3.045007403704e-03
2.9166666667,-9.976648384651e-05,-9.976648384651e-03,-3.679571711665e-03
2.9861111111,-1.197476441795e-04,-1.197476441795e-02,-4.441773545089e-03
3.0555555556,-1.433565757818e-04,-1.433565757818e-02,-5.355329864399e-03
3.1250000000,-1.710633057238e-04,-1.710633057238e-02,-6.447065564071e-03
3.1944444444,-2.034603544540e-04,-2.034603544540e-02,-7.747494939688e-03
3.2638888889,-2.413260096049e-04,-2.413260096049e-02,-9.291892037115e-03
3.3333333333,-2.856236580370e-04,-2.856236580370e-02,-1.112157838309e-02
3.4027777778,-3.374011340008e-04,-3.374011340008e-02,-1.328485891100e-02
3.4722222222,-3.975849510136e-04,-3.975849510136e-02,-1.583689392841e-02
3.5416666667,-4.667168020399e-04,-4.667168020399e-02,-1.883794168207e-02
3.6111111111,-5.447380236441e-04,-5.447380236441e-02,-2.234993760459e-02
3.6805555556,-6.309333969965e-04,-6.309333969965e-02,-2.643213003737e-02
3.7500000000,-7.240425815463e-04,-7.240425815463e-02,-3.113690774064e-02
3.8194444444,-8.223653225334e-04,-8.223653225334e-02,-3.650637962981e-02
3.8888888889,-9.235475429439e-04,-9.235475429439e-02,-4.256857707938e-02
3.9583333333,-1.023752100288e-03,-1.023752100288e-01,-4.933003417393e-02
4.0277777778,-1.116115917000e-03,-1.116115917000e-01,-5.676013145618e-02
4.0972222222,-1.188764016480e-03,-1.188764016480e-01,-6.476318678076e-02
4.1666666667,-1.223083911108e-03,-1.223083911108e-01,-7.313765875156e-02
4.2361111111,-1.191912052683e-03,-1.191912052683e-01,-8.152306140361e-02
4.3055555556,-1.061036294282e-03,-1.061036294282e-01,-8.934579871946e-02
4.3750000000,-7.996185176124e-04,-7.996185176124e-02,-9.580640570521e-02
4.4444444444,-3.947497650311e-04,-3.947497650311e-02,-9.995351779772e-02
4.5138888889,1.378747657678e-04,1.378747657678e-02,-1.008454448785e-01
4.5833333333,7.545656913146e-04,7.545656913146e-02,-9.774669329140e-02
4.6527777778,1.396002866148e-03,1.396002866148e-01,-9.027944135577e-02
4.7222222222,2.003462774983e-03,2.003462774983e-01,-7.847574121295e-02
4.7916666667,2.528928349765e-03,2.528928349765e-01,-6.273827202980e-02
4.8611111111,2.935466678611e-03,2.935466678611e-01,-4.376467818127e-02
4.9305555556,3.193420743009e-03,3.193420743009e-01,-2.248381907843e-02
5.0000000000,3.281919522096e-03,3.281919522096e-01,1.286515918103e-09
5.0694444444,3.193420736352e-03,3.193420736352e-01,2.248382162835e-02
5.1388888889,2.935466665478e-03,2.935466665478e-01,4.376468066248e-02
5.2083333333,2.528928330488e-03,2.528928330488e-01,6.273827439847e-02
5.2777777778,2.003462750114e-03,2.003462750114e-01,7.847574342834e-02
5.3472222222,1.396002836485e-03,1.396002836485e-01,9.027944338181e-02
5.4166666667,7.545656580402e-04,7.545656580402e-02,9.774669509892e-02
5.4861111111,1.378747303152e-04,1.378747303152e-02,1.008454464474e-01
5.5555555556,-3.947498010917e-04,-3.947498010917e-02,9.995351911829e-02
5.6250000000,-7.996185526480e-04,-7.996185526480e-02,9.580640677891e-02
5.6944444444,-1.061036326884e-03,-1.061036326884e-01,8.934579955832e-02
5.7638888889,-1.191912081860e-03,-1.191912081860e-01,8.152306202796e-02
5.8333333333,-1.223083936318e-03,-1.223083936318e-01,7.313765918706e-02
5.9027777778,-1.188764037610e-03,-1.188764037610e-01,6.476318705537e-02
5.9722222222,-1.116115934265e-03,-1.116115934265e-01,5.676013159747e-02
6.0416666667,-1.023752114050e-03,-1.023752114050e-01,4.933003420749e-02
6.1111111111,-9.235475536008e-04,-9.235475536008e-02,4.256857702815e-02
6.1805555556,-8.223653304625e-04,-8.223653304625e-02,3.650637951404e-02
6.2500000000,-7.240425870948e-04,-7.240425870948e-02,3.113690757807e-02
6.3194444444,-6.309334005121e-04,-6.309334005121e-02,2.643212984333e-02
6.3888888889,-5.447380255125e-04,-5.447380255125e-02,2.234993739185e-02
6.4583333333,-4.667168026873e-04,-4.667168026873e-02,1.883794146060e-02
6.5277777778,-3.975849508725e-04,-3.975849508725e-02,1.583689370519e-02
6.5972222222,-3.374011334432e-04,-3.374011334432e-02,1.328485869020e-02
6.6666666667,-2.856236573087e-04,-2.856236573087e-02,1.112157816676e-02
6.7361111111,-2.413260088005e-04,-2.413260088005e-02,9.291891826103e-03
6.8055555556,-2.034603535353e-04,-2.034603535353e-02,7.747494734659e-03
6.8750000000,-1.710633045819e-04,-1.710633045819e-02,6.447065366197e-03
6.9444444444,-1.433565743161e-04,-1.433565743161e-02,5.355329675578e-03
7.0138888889,-1.197476423576e-04,-1.197476423576e-02,4.441773367683e-03
7.0833333333,-9.976648172552e-05,-9.976648172552e-03,3.679571547950e-03
7.1527777778,-8.298803454795e-05,-8.298803454795e-03,3.045007255334e-03
7.2222222222,-6.898413227582e-05,-6.898413227582e-03,2.517326120529e-03
7.2916666667,-5.732195887017e-05,-5.732195887017e-03,2.078763304050e-03
7.3611111111,-4.759457799266e-05,-4.759457799266e-03,1.714469773276e-03
7.4305555556,-3.945437336928e-05,-3.945437336928e-03,1.412216469936e-03
7.5000000000,-3.262839403030e-05,-3.262839403030e-03,1.161929083132e-03
7.5694444444,-2.691215010249e-05,-2.691215010249e-03,9.551910826711e-04
7.6388888889,-2.214998043434e-05,-2.214998043434e-03,7.848364627515e-04
7.7083333333,-1.821231729114e-05,-1.821231729114e-03,6.446895956492e-04
7.7777777778,-1.497823089355e-05,-1.497823089355e-03,5.294446366746e-04
7.8472222222,-1.232877609861e-05,-1.232877609861e-03,4.346286401740e-04
7.9166666667,-1.015168737770e-05,-1.015168737770e-03,3.565714753257e-04
7.9861111111,-8.351399307144e-06,-8.351399307144e-04,2.923246465589e-04
8.0555555556,-6.855393735000e-06,-6.855393735000e-04,2.395232818293e-04
8.1250000000,-5.612256944893e-06,-5.612256944893e-04,1.962328280796e-04
8.1944444444,-4.584471593748e-06,-4.584471593748e-04,1.608275206538e-04
8.2638888889,-3.741810084130e-06,-3.741810084130e-04,1.319168203834e-04
8.3333333333,-3.057499603310e-06,-3.057499603310e-04,1.083081061909e-04
8.4027777778,-2.505664011455e-06,-2.505664011455e-04,8.899156586184e-05
8.4722222222,-2.059841788119e-06,-2.059841788119e-04,7.313911516888e-05
8.5416666667,-1.694700821532e-06,-1.694700821532e-04,6.010250888537e-05
8.6111111111,-1.390625595166e-06,-1.390625595166e-04,4.938956993850e-05
8.6805555556,-1.136396333733e-06,-1.136396333733e-04,4.061518824094e-05
8.7500000000,-9.264256147203e-07,-9.264256147203e-05,3.345261203103e-05
8.8194444444,-7.556535860068e-07,-7.556535860068e-05,2.761205925073e-05
8.8888888889,-6.178348804180e-07,-6.178348804180e-05,2.284300207564e-05
8.9583333333,-5.074615337652e-07,-5.074615337652e-05,1.893572285973e-05
9.0277777778,-4.204005036956e-07,-4.204005036956e-05,1.571397967410e-05
9.0972222222,-3.516033371967e-07,-3.516033371967e-05,1.303341078211e-05
9.1666666667,-2.943774847857e-07,-2.943774847857e-05,1.079042181690e-05
9.2361111111,-2.439632464452e-07,-2.439632464452e-05,8.921183166789e-06
9.3055555556,-2.006424081785e-07,-2.006424081785e-05,7.377413532679e-06
9.3750000000,-1.669400071123e-07,-1.669400071123e-05,6.101085701808e-06
9.4444444444,-1.421564401793e-07,-1.421564401793e-05,5.027834148712e-06
9.5138888889,-1.221818883456e-07,-1.221818883456e-05,4.109992730223e-06
9.5833333333,-1.048461426512e-07,-1.048461426512e-05,3.321700955928e-06
9.6527777778,-9.220584931943e-08,-9.220584931943e-06,2.637492650474e-06
9.7222222222,-8.560759742395e-08,-8.560759742395e-06,2.020084849282e-06
9.7916666667,-8.113195846758e-08,-8.113195846758e-06,1.441128057992e-06
9.8611111111,-7.351547509450e-08,-7.351547509450e-06,9.041578025683e-07
9.9305555556,-6.380437008911e-08,-6.380437008911e-06,4.273527845697e-07
10.0000000000,-5.914758788701e-08,-5.914758788701e-06,4.362638192728e-10
