ik,primitive_bands,supercell_bands,expected_weight,measured_weight,primitive_mean_eV,supercell_weighted_mean_eV,delta_eV,weight_error
1,1,1,1,0.9999999999872544,-5.82123222368853,-5.821232352449497,-1.287609672218082e-07,-1.2745582367301722e-11
1,2;3;4,6;7;8,3,2.999999999896197,6.230001316991763,6.230001132135171,-1.8485659225575546e-07,-1.0380318826719304e-10
1,5;6;7,10;11;12,3,2.9999999999468074,8.800090632058241,8.800090533341598,-9.87166437482756e-08,-5.319256146663065e-11
1,8,15,1,0.9999999998933548,9.703462965209322,9.7034627760247,-1.8918462174610795e-07,-1.0664524818793097e-10
2,1,1,1,0.9999999999874454,-5.790330875859524,-5.790331004863443,-1.2900391865855454e-07,-1.2554624007066195e-11
2,2,6,1,0.9999999997189746,6.036925400886349,6.036925215442809,-1.854435405235222e-07,-2.810254251528477e-10
2,3;4,7;8,2,1.9999999997105289,6.102004066968467,6.102003887898608,-1.790698593850948e-07,-2.8947111374577617e-10
2,5,10,1,0.9999999998653772,8.72159649143882,8.721596393007413,-9.843140702514575e-08,-1.3462275738618246e-10
2,6;7,11;12,2,1.999999999443745,8.965205660350595,8.965205557137264,-1.0321333121510179e-07,-5.562550420279422e-10
2,8,15,1,0.9999999982877749,9.889637820592558,9.889637630776502,-1.898160562063822e-07,-1.7122251394496857e-09
3,1,1,1,0.9999999999869505,-5.6977977434801135,-5.697797872975509,-1.2949539573980928e-07,-1.3049450409141627e-11
3,2,6,1,0.9999999999011274,5.552785771982105,5.552785587437779,-1.8454432559877887e-07,-9.887257679253025e-11
3,3;4,7;8,2,1.9999999998713078,5.791137056260271,5.791136887262718,-1.689975528407217e-07,-1.286921680332398e-10
3,5,10,1,0.9999999954287208,8.510724967248867,8.510724877467474,-8.978139298676524e-08,-4.571279244025561e-09
3,6;7,11;12,2,1.999999977487536,9.38683130255179,9.38683119020819,-1.1234360108858255e-07,-2.251246389306516e-08
3,8,15,1,0.9999999998129595,10.32014022698413,10.320140039909687,-1.870744430476634e-07,-1.870404942039272e-10
4,1,1,1,0.9999999999825859,-5.543978996938192,-5.543979127192994,-1.302548024995076e-07,-1.7414070185850505e-11
4,2,5,1,0.9999971997101672,4.920507985645324,4.920507877021082,-1.0862424204560739e-07,-2.8002898327939008e-06
4,3;4,7;8,2,1.9999999986984096,5.407545244048739,5.407545083322032,-1.607267074987817e-07,-1.3015903910229554e-09
4,5,9,1,0.9999999999706422,8.220544365122809,8.22054428055607,-8.45667393889471e-08,-2.935784948476794e-11
4,6;7,12;13,2,1.999999999210341,9.953382579997502,9.953382455981417,-1.2401608451284574e-07,-7.896590048517282e-10
4,8,15,1,0.9999999998256935,10.685938214401373,10.685938051209854,-1.6319151896482254e-07,-1.743064581560816e-10
5,1,1,1,0.9999999999939968,-5.32939071455714,-5.32939084602654,-1.3146939981112382e-07,-6.0031979387531464e-12
5,2,5,1,0.999999996113069,4.220426675877731,4.220426496709763,-1.7916796846151328e-07,-3.8869309992861645e-09
5,3;4,7;8,2,1.999999999988764,5.01462637053564,5.014626216414892,-1.541207481636775e-07,-1.1235901098416434e-11
5,5,9,1,0.9999999999296851,7.901437091342597,7.9014370126440685,-7.869852858277682e-08,-7.031486504160966e-11
5,6,13,1,0.9999999529933006,10.541310574515865,10.541310462327784,-1.1218808104729305e-07,-4.7006699421814346e-08
5,7;8,14;15,2,1.9999999841604472,10.599387695099205,10.599387562193975,-1.3290522993258946e-07,-1.5839552780505528e-08
6,1,1,1,0.9999999999880674,-5.054991824144086,-5.0549919570310715,-1.328869858596704e-07,-1.193256604636872e-11
6,2,5,1,0.999999999560529,3.4881414490709006,3.4881412685822824,-1.8048861827324458e-07,-4.3947101513452935e-10
6,3;4,6;7,2,1.999999999901918,4.642393421770677,4.6423932730087065,-1.4876197074187303e-07,-9.808198697669468e-11
6,5,9,1,0.999999999966787,7.589180755547528,7.589180682802299,-7.274522939582084e-08,-3.321298791547633e-11
6,6,11,1,0.9999999996980672,9.972204127667245,9.972204057196043,-7.047120220704528e-08,-3.0193281208568123e-10
6,7;8,14;15,2,1.9999999989639696,11.292582939388385,11.292582804090797,-1.3529758824404325e-07,-1.0360303726031361e-09
7,1,1,1,0.9999999999426035,-4.721880414499071,-4.721880548939719,-1.344406479475424e-07,-5.739653197167627e-11
7,2,5,1,0.999999999902513,2.7405751802037104,2.740575001501778,-1.7870193236291243e-07,-9.748701845779806e-11
7,3;4,6;7,2,1.9999999998209415,4.305834380240775,4.305834235290499,-1.4495027578220743e-07,-1.7905854576838465e-10
7,5,9,1,0.9999999998985051,7.307248348513386,7.3072482803008,-6.821258580202993e-08,-1.0149492357669487e-10
7,6,11,1,0.999999999906518,9.317000004200937,9.31699994923022,-5.4970715979152374e-08,-9.348199991876527e-11
7,7;8,14;15,2,1.9999999998004445,12.016327150872097,12.016327012091434,-1.3878066340566875e-07,-1.995554832490143e-10
8,1,1,1,0.9999999999997938,-4.331627463821371,-4.331627600925521,-1.3710415025514067e-07,-2.0616841567289157e-13
8,2,4,1,0.999999999855572,1.9870470094581014,1.9870468339645997,-1.7549350173062805e-07,-1.4442802509506691e-10
8,3;4,6;7,2,1.999999999924158,4.013103349087868,4.013103207132467,-1.419554012116464e-07,-7.584199934740354e-11
8,5,9,1,0.9999999999148195,7.070835040677657,7.070834977133897,-6.354375958750325e-08,-8.518052929673559e-11
8,6,11,1,0.9999999999320895,8.697550570216382,8.697550522760059,-4.745632331548677e-08,-6.791045503717896e-11
8,7;8,14;15,2,1.9999999999071765,12.76139451411745,12.761394372752353,-1.4136509740581005e-07,-9.282352664286009e-11
9,1,1,1,0.9999999999997907,-3.8860949443730317,-3.8860950839584905,-1.39585458747149e-07,-2.09277040141842e-13
9,2,4,1,0.9999999999999593,1.2353947453996552,1.2353945735330003,-1.7186665490775965e-07,-4.0745185003743245e-14
9,3;4,6;7,2,1.999999999999917,3.7690993410729097,3.7690992012261297,-1.398467799340608e-07,-8.304468224196171e-14
9,5,9,1,0.9999999999999086,6.890399309347363,6.890399248220116,-6.112724726392571e-08,-9.137135492665038e-14
9,6,10,1,0.9999999999994547,8.152073845550232,8.152073802770419,-4.2779813469451256e-08,-5.453415496958769e-13
9,7;8,15;16,2,1.9999999999320903,13.523263337448046,13.523263195018716,-1.4242933055186313e-07,-6.790967788106173e-11
10,1,2,1,0.9999999999995681,-3.387748157797478,-3.3877483003966797,-1.4259920178005814e-07,-4.318767565791859e-13
10,2,4,1,0.9999999999996136,0.49259200048709056,0.49259183289478553,-1.675923050337147e-07,-3.863576125695545e-13
10,3;4,5;6,2,1.999999999954741,3.576857266610342,3.5768571287255257,-1.3788481645349293e-07,-4.525890773265928e-11
10,5,9,1,0.9999999999292162,6.773378342801951,6.773378285969899,-5.683205195339269e-08,-7.078382324721133e-11
10,6,10,1,0.9999999999573427,7.69375968106254,7.693759638429493,-4.263304642648791e-08,-4.265732211905515e-11
10,7;8,15;16,2,1.9999989298450456,14.2989868218603,14.298986702378741,-1.1948155886898348e-07,-1.0701549544300804e-06
11,1,2,1,0.9999999999998576,-2.839651215644604,-2.8396513616738006,-1.460291967347871e-07,-1.4244161405940758e-13
11,2,4,1,0.9999999999901839,-0.233842806625508,-0.2338429692457589,-1.6262025090418852e-07,-9.816147894525784e-12
11,3;4,5;6,2,1.9999999997921956,3.4383511092268866,3.438350972257273,-1.369696134290166e-07,-2.078044403219792e-10
11,5,9,1,0.9999999997068316,6.725853132188529,6.725853078899911,-5.328861796272122e-08,-2.9316837846238286e-10
11,6,10,1,0.9999999999089804,7.326277614108961,7.326277570900783,-4.320817836855895e-08,-9.101963627244913e-11
11,7;8,15;16,2,1.9999999993218895,15.08454294306192,15.084542800330587,-1.4273133253084325e-07,-6.781104566755403e-10
12,1,2,1,0.9999999998441255,-2.2453154025822557,-2.2453155511414784,-1.485592227012944e-07,-1.5587453550125474e-10
12,2,3,1,0.9999999999878746,-0.9367128918824685,-0.9367130510755656,-1.5919309703793516e-07,-1.212541178574611e-11
12,3;4,5;6,2,1.9999999996247393,3.354801999094863,3.3548018629357044,-1.36159158614646e-07,-3.752607113938211e-10
12,5,9,1,0.9999999996721287,6.752930334341847,6.752930284522982,-4.981886458921281e-08,-3.2787128567690615e-10
12,6,10,1,0.999999999827861,7.049104325003096,7.049104280512719,-4.44903776042338e-08,-1.721389697451059e-10
12,7;8,15;16,2,1.9999999815653908,15.859689538666036,15.859689399877151,-1.387888843851215e-07,-1.8434609172501837e-08
13,1;2,2;3,2,1.9999999996389541,-1.6092434057757976,-1.6092435600816146,-1.5430581701281199e-07,-3.6104585987573046e-10
13,3;4,5;6,2,1.9999999999808433,3.326878585466945,3.326878449388771,-1.3607817406224854e-07,-1.915667624530215e-11
13,5;6,9;10,2,1.9999999984641632,6.859227394842183,6.859227348468151,-4.637403172580434e-08,-1.535836791077827e-09
13,7;8,15;16,2,1.9999999966555713,16.384354685710086,16.38435454667337,-1.3903671458592726e-07,-3.344428733953464e-09
14,1;2,2;3,2,1.999999999996581,-1.598384950048375,-1.5983851045185231,-1.544701480060695e-07,-3.419042826635632e-12
14,3;4,5;6,2,1.9999999999669373,3.2335634901850647,3.2335633584817853,-1.3170327939349136e-07,-3.306266371794209e-11
14,5;6,9;10,2,1.9999999981968202,7.029055518903146,7.0290554682453585,-5.065778729829162e-08,-1.8031798276751942e-09
14,7;8,15;16,2,1.99999917607375,16.06762282012746,16.06762270442555,-1.1570191205123592e-07,-8.239262498932476e-07
15,1;2,2;3,2,1.9999999999997686,-1.5680216726166878,-1.568021828362282,-1.5574559419917477e-07,-2.313704783318826e-13
15,3;4,5;6,2,1.9999999998017337,3.004968469859981,3.0049683476072837,-1.2225269729881916e-07,-1.9826629227281956e-10
15,5;6,9;10,2,1.999999998020171,7.488560921431093,7.4885608614049035,-6.002618935241344e-08,-1.9798289674355374e-09
15,7;8,15;16,2,1.9999990977647482,15.16648729775168,15.166487188143163,-1.0960851604124855e-07,-9.022352518428534e-07
16,1;2,2;3,2,1.999999998875654,-1.5247449220025882,-1.5247450788290322,-1.5682644405323742e-07,-1.1243459496768082e-09
16,3;4,5;6,2,1.999999999736238,2.735201941473141,2.7352018285334365,-1.1293970469949954e-07,-2.6376190120913634e-10
16,5;6,9;10,2,1.9999999998109685,8.14715217221364,8.147152101507748,-7.070589269631e-08,-1.890314571539875e-10
16,7;8,14;15,2,1.9999933460396173,14.092369452492493,14.092369383537774,-6.895471926782193e-08,-6.653960382685398e-06
17,1;2,2;3,2,1.999999999732883,-1.4791393231679923,-1.479139483067024,-1.5989903157098695e-07,-2.6711699518955356e-10
17,3;4,5;6,2,1.9999999997463167,2.4970046794923055,2.4970045739266307,-1.0556567486830204e-07,-2.5368329659158917e-10
17,5;6,10;11,2,1.999999999812324,8.935662137821268,8.935662058915334,-7.890593423098835e-08,-1.876760968855251e-10
17,7;8,14;15,2,1.9999999949065725,13.005110964742528,13.005110852781382,-1.1196114613198915e-07,-5.093427457580901e-09
18,1;2,2;3,2,1.9999999999635014,-1.4440738011258112,-1.444073962397254,-1.6127144286670614e-07,-3.649858193455202e-11
18,3;4,5;6,2,1.999999999870695,2.336346384130937,2.3363462832036657,-1.0092727142918534e-07,-1.2930501114283288e-10
18,5;6,10;11,2,1.9999999989345487,9.797530709424894,9.797530625384763,-8.404013129847954e-08,-1.0654512827557028e-09
18,7;8,14;15,2,1.9999999980356225,11.965889301588762,11.96588919383114,-1.0775762149251022e-07,-1.9643775495126192e-09
19,1;2,2;3,2,1.9999999999143672,-1.4309030911272274,-1.4309032529819108,-1.6185468343365983e-07,-8.563283415696787e-11
19,3;4,5;6,2,1.999999999952227,2.279783018843607,2.2797829195469124,-9.929669442243494e-08,-4.7772896749620486e-11
19,5;6,10;11,2,1.9999999979222252,10.4450379894012,10.44503790723377,-8.216743019318073e-08,-2.077774841069413e-09
19,7;8,13;14,2,1.9999998910551917,11.259532248082765,11.259532139869817,-1.0821294793572633e-07,-1.0894480828582687e-07
20,1,2,1,0.9999999999257116,-1.7976241500828374,-1.7976243119285016,-1.6184566420385238e-07,-7.42883532467431e-11
20,2,3,1,0.9999999998598291,-1.0833079652033866,-1.0833081265880047,-1.61384618113658e-07,-1.4017087490714175e-10
20,3,5;6,1,0.9999999999691975,2.058862538566989,2.058863129913343,5.913463536622032e-07,-3.080247168441019e-11
20,4,7,1,0.999999999874051,2.6027426531141598,2.6027425470270016,-1.0608715816928793e-07,-1.2594902898399596e-10
20,5,10,1,0.999999999903968,10.11147868341833,10.111478599357529,-8.40608009866628e-08,-9.603196016172433e-11
20,6,11,1,0.9999999997157082,10.468122939627522,10.468122845619433,-9.40080884248573e-08,-2.8429181231359735e-10
20,7,12,1,0.9999999989729057,11.260607495010623,11.26060739485241,-1.0015821239051093e-07,-1.0270942985002307e-09
20,8,14,1,0.999999996501412,11.680410052722754,11.68040994440535,-1.0831740482331043e-07,-3.498587974881673e-09
21,1,2,1,0.9999999998810386,-2.1521658338971767,-2.152165992893133,-1.58995956400787e-07,-1.1896139628930769e-10
21,2,3,1,0.9999999999387501,-0.8035914993840327,-0.8035916570048449,-1.576208121800704e-07,-6.124989404554526e-11
21,3,6,1,0.9999999999239925,1.993377769143748,1.9933776719559875,-9.71877605060456e-08,-7.600753360037515e-11
21,4,7,1,0.9999999999535474,2.9879597978508867,2.9879596839492595,-1.1390162724111974e-07,-4.645261952873625e-11
21,5,10,1,0.999999999760322,9.788762069875101,9.788761992113905,-7.776119659297365e-08,-2.3967805518054774e-10
21,6,11,1,0.9999999999313152,10.141747680201037,10.141747577498418,-1.0270261974199002e-07,-6.868483559685501e-11
21,7,12,1,0.9999999985191721,11.71972048111278,11.719720384096748,-9.701603254086422e-08,-1.4808279047429096e-09
21,8,14,1,0.9999995770950789,12.203081218240342,12.203081082096274,-1.361440684632953e-07,-4.2290492108243427e-07
22,1,2,1,0.9999999999168204,-2.4765728608235595,-2.4765730189970934,-1.5817353382630017e-07,-8.317957433945367e-11
22,2,3,1,0.999999999979956,-0.6404640808599701,-0.6404642287099871,-1.4785001700712286e-07,-2.0043966486582576e-11
22,3,6,1,0.9999999998859126,2.1336173809532446,2.133617275605234,-1.0534801075934297e-07,-1.1408740618890079e-10
22,4,7,1,0.9999999999261101,3.404702079529584,3.4047019567085215,-1.228210626535997e-07,-7.388989420320513e-11
22,5,10,1,0.9999999999010818,9.533530685069577,9.533530609314036,-7.575554050731625e-08,-9.891820695884235e-11
22,6,11,1,0.9999999999499637,9.788430068567259,9.788429963263564,-1.0530369465300282e-07,-5.003630842992379e-11
22,7,13,1,0.999999999629739,12.309861418743496,12.309861320948439,-9.779505738549688e-08,-3.7026104404702664e-10
22,8,15,1,0.9999999969116077,12.769830050096084,12.76982994308136,-1.0701472419327729e-07,-3.0883923196611818e-09
23,1,1,1,0.9999999999501826,-2.7605636086399588,-2.760563765276657,-1.566366982785894e-07,-4.981737244946771e-11
23,2,4,1,0.999999999763753,-0.5992985499718174,-0.5992986869916099,-1.3701979251212748e-07,-2.3624702194524616e-10
23,3,6,1,0.999999999994325,2.48322718936276,2.483227072003652,-1.1735910820931394e-07,-5.67501601267395e-12
23,4,7,1,0.9999999816297415,3.824567121498037,3.8245669898104246,-1.3168761237025706e-07,-1.8370258536570816e-08
23,5,10,1,0.9999999994416824,9.3632103588685,9.363210275897302,-8.29711979122294e-08,-5.583176143630908e-10
23,6,11,1,0.9999999995222731,9.458204157086875,9.45820406093508,-9.615179585864553e-08,-4.777268580724581e-10
23,7,13,1,0.9999999994995297,12.691645479975998,12.691645357306918,-1.2266908022695588e-07,-5.004703318434167e-10
23,8,14,1,0.9999999942723903,12.977324176809297,12.977324077377933,-9.943136447532197e-08,-5.727609719841098e-09
24,1,1,1,0.9999999999627168,-2.9982278573391534,-2.9982280129290215,-1.555898681004919e-07,-3.728317654605462e-11
24,2,4,1,0.9999999999297505,-0.6369372981997666,-0.6369374254076092,-1.272078425929024e-07,-7.024947290545924e-11
24,3,6,1,0.9999999999764585,2.992516789401744,2.9925166607201845,-1.286815596301949e-07,-2.3541502081059207e-11
24,4,8,1,0.9999999998367495,4.21788906330239,4.217888920329275,-1.4297311512478927e-07,-1.632505242099569e-10
24,5,10,1,0.9999999999340192,9.14701861503031,9.147018502274083,-1.1275622746609315e-07,-6.598077639807798e-11
24,6,11,1,0.9999999999351735,9.28772603675529,9.287725966611822,-7.014346792288961e-08,-6.48264775193752e-11
24,7,13,1,0.9999999999306469,11.648064099997045,11.648063984053483,-1.1594356230659741e-07,-6.935307883537689e-11
24,8,14,1,0.9999999946538994,13.699095097210451,13.699094994477639,-1.027328124791893e-07,-5.346100562242384e-09
25,1,1,1,0.9999999999999448,-3.185883636618712,-3.185883791622289,-1.5500357708475576e-07,-5.517808432387028e-14
25,2,4,1,0.999999999999991,-0.7043456330681063,-0.7043457536073459,-1.2053923958976753e-07,-8.992806499463768e-15
25,3,7,1,0.9999999999998712,3.5970540670751254,3.5970539280504665,-1.3902465889614746e-07,-1.2878587085651816e-13
25,4,8,1,0.9999999999999439,4.554457939920302,4.554457786988248,-1.529320536874934e-07,-5.6066262743570405e-14
25,5,11,1,0.9999999999997287,8.824477746924055,8.824477626976174,-1.1994788096103548e-07,-2.7133850721838826e-13
25,6,12,1,0.9999999999999755,9.3071931574613,9.307193087592593,-6.986870815239854e-08,-2.453592884421596e-14
25,7,13,1,0.9999999999998964,10.73321013026687,10.733210026594294,-1.0367257630150561e-07,-1.035838081975271e-13
25,8,14,1,0.9999999999978187,14.279647762604725,14.279647694134766,-6.846995859177696e-08,-2.181255176481045e-12
26,1,1,1,0.9999999999017692,-3.3212878791825085,-3.321288032669171,-1.5348666249082044e-07,-9.823075686199445e-11
26,2,4,1,0.9999999999889247,-0.7690889705482287,-0.7690890873111255,-1.1676289679574126e-07,-1.1075251826753174e-11
26,3,7,1,0.9999999994987252,4.228048135982518,4.228047987189431,-1.487930871846288e-07,-5.012747994470601e-10
26,4,8,1,0.9999999994786836,4.808519103008869,4.808518941505303,-1.6150356607624872e-07,-5.21316434465291e-10
26,5,11,1,0.9999999999272684,8.436229012101748,8.436228884309372,-1.2779237579252367e-07,-7.27315985216137e-11
26,6,12,1,0.9999999999601875,9.40003954655953,9.40003947363252,-7.292701020844561e-08,-3.981248664075565e-11
26,7,13,1,0.9999999998886681,10.049680096381953,10.049680007486371,-8.889558245073204e-08,-1.1133194366408361e-10
26,8,14,1,0.9999999996308614,14.225621872263726,14.22562185607076,-1.6192966967309985e-08,-3.691386085691306e-10
27,1,1,1,0.9999999999990937,-3.403036824996845,-3.403036978976781,-1.5397993635701823e-07,-9.062750550015153e-13
27,2,4,1,0.9999999999952687,-0.8135020184527655,-0.8135021322753176,-1.1382255216130233e-07,-4.731326441742567e-12
27,3,7,1,0.9999999999130049,4.774959295163383,4.77495913599701,-1.591663725264425e-07,-8.699507780818294e-11
27,4,8,1,0.99999999995346,4.964379088826108,4.964378923298374,-1.6552773463018866e-07,-4.653999408077425e-11
27,5,11,1,0.9999999994699292,8.00552291696665,8.005522789457842,-1.27508807068466e-07,-5.300707650590653e-10
27,6,12,1,0.9999999999803859,9.510575849852358,9.510575771823868,-7.802849033566872e-08,-1.9614088131447716e-11
27,7,13,1,0.9999999999790425,9.67264640355852,9.67264632306263,-8.049589084180298e-08,-2.0957457991244155e-11
27,8,14,1,0.9999999999074459,13.951918354993666,13.951918366747922,1.1754256235008143e-08,-9.255407551478356e-11
28,1,1,1,0.9999999999791732,-3.430445165979304,-3.4304453194212305,-1.5344192672017698e-07,-2.0826784741245774e-11
28,2,4,1,0.9999999999833156,-0.8291418089461727,-0.8291419223949987,-1.1344882600017314e-07,-1.6684431614066852e-11
28,3;4,7;8,2,1.9999999999451674,5.0165583473331505,5.016558181296877,-1.6603627361888584e-07,-5.483258291860693e-11
28,5,11,1,0.9999999992563393,7.7891193955539535,7.789119270776808,-1.2477714506076154e-07,-7.436606885846686e-10
28,6;7,12;13,2,1.9999999999188516,9.561013549339883,9.561013470062049,-7.927783407524203e-08,-8.114842131590194e-11
28,8,14,1,0.9999999999263985,13.823152352979792,13.823152373030547,2.0050755722422764e-08,-7.360145826140752e-11
29,1,1,1,0.9999999999389853,-3.5303793918710538,-3.5303795430831517,-1.5121209795410095e-07,-6.101474880892965e-11
29,2,4,1,0.9999999999781599,-0.6856251015482756,-0.6856252173652374,-1.1581696179874257e-07,-2.1840085295821154e-11
29,3;4,7;8,2,1.9999999999376428,5.0291339538567765,5.029133787920093,-1.659366839490417e-07,-6.235723049030639e-11
29,5,11,1,0.9999999991033641,7.803346903848646,7.8033467802761445,-1.235725015646949e-07,-8.966358766571147e-10
29,6;7,12;13,2,1.9999999999775349,9.576016130417088,9.576016049914992,-8.0502095656243e-08,-2.2465140858685118e-11
29,8,14,1,0.9999999998061908,13.846725843952928,13.846725863130162,1.917723402300453e-08,-1.938091909181594e-10
30,1,1,1,0.9999999999922174,-3.7793155529623905,-3.77931569974312,-1.4678072934870556e-07,-7.782552380319885e-12
30,2,4,1,0.9999999999885647,-0.3066411034191341,-0.3066412246936085,-1.2127447440724026e-07,-1.1435297153639112e-11
30,3;4,7;8,2,1.999999999876641,5.066789653182305,5.0667894871378545,-1.660444501894176e-07,-1.233591007121504e-10
30,5,11,1,0.999999997016033,7.845676333525168,7.8456762087862195,-1.2473894805964392e-07,-2.983966962410989e-09
30,6;7,12;13,2,1.9999999999685674,9.61807163773193,9.61807155564384,-8.208808921494892e-08,-3.143263427318743e-11
30,8,14,1,0.9999999998752718,13.912321363770706,13.912321378796952,1.5026245137050864e-08,-1.2472822774611814e-10
31,1,1,1,0.9999999999064946,-4.093119098745457,-4.093119240575048,-1.4182959073849588e-07,-9.350542562458486e-11
31,2,4,1,0.9999999999510951,0.22292960580006993,0.22292947876818925,-1.270318806811943e-07,-4.8904880145528296e-11
31,3;4,7;8,2,1.9999999998067106,5.129407315675271,5.129407149257232,-1.6641803934902555e-07,-1.932893844980299e-10
31,5,10,1,0.9999999963453515,7.915979690472275,7.91597956654209,-1.2393018522516286e-07,-3.6546484727395523e-09
31,6;7,12;13,2,1.9999999999064797,9.677889219428927,9.677889133405202,-8.602372503219158e-08,-9.352030261311484e-11
31,8,14,1,0.9999999947963236,13.997130709444825,13.997130714413952,4.969127331833079e-09,-5.203676378684463e-09
32,1,1,1,0.9999999999977087,-4.4182173803893185,-4.4182175189093025,-1.3851998392766518e-07,-2.291278278221398e-12
32,2,4,1,0.9999999998960948,0.8477125900262914,0.8477124576764199,-1.323498715066762e-07,-1.0390521776315609e-10
32,3;4,7;8,2,1.9999999996886828,5.21656161211595,5.216561445714921,-1.6640102895593145e-07,-3.113171942459303e-10
32,5,10,1,0.9999999997610436,8.012986285476414,8.012986163119253,-1.223571608477414e-07,-2.389564102145414e-10
32,6;7,12;13,2,1.9999999999250047,9.73800916936596,9.73800907847045,-9.089550978558236e-08,-7.49953432688244e-11
32,8,16,1,0.9999999995935551,14.015579675855413,14.015579640149637,-3.5705776113559295e-08,-4.0644487775409743e-10
33,1,1,1,0.9999999999890543,-4.727552550138177,-4.727552685963732,-1.3582555524749296e-07,-1.0945688799779418e-11
33,2,4,1,0.9999999998651468,1.538150451302795,1.5381503139534587,-1.3734933634879098e-07,-1.3485323968609464e-10
33,3;4,7;8,2,1.9999999998741393,5.327329658289122,5.327329490804382,-1.6748473985472856e-07,-1.258606552312358e-10
33,5,10,1,0.9999999985000319,8.134951272389621,8.13495114995176,-1.2243786073895535e-07,-1.4999681496874473e-09
33,6;7,12;13,2,1.9999968202484166,9.77169084195883,9.77169070429643,-1.3766239881363163e-07,-3.1797515833709156e-06
33,8,16,1,0.9999999995349889,13.739115575284726,13.73911546853001,-1.0675471706633743e-07,-4.6501114070451877e-10
34,1,1,1,0.9999999999921909,-5.0076392915555,-5.007639425245259,-1.33689758818889e-07,-7.809086710608426e-12
34,2,4,1,0.999999999799985,2.2763800471118034,2.2763799047044304,-1.424073730049713e-07,-2.0001500455890664e-10
34,3;4,7;8,2,1.9999999999622466,5.459777506164951,5.459777337570193,-1.6859475771013877e-07,-3.775335599698337e-11
34,5,10,1,0.9999999949190912,8.278313860717441,8.27831373692828,-1.2378916025568287e-07,-5.080908804799833e-09
34,6;7,11;12,2,1.9999999998243925,9.746242775763278,9.746242672717237,-1.0304604103339443e-07,-1.756075285186398e-10
34,8,16,1,0.9999999989761985,13.14975804420219,13.149757899793414,-1.4440877649235517e-07,-1.023801488031495e-09
35,1,1,1,0.9999999999728054,-5.251210987037722,-5.251211118988975,-1.319512525910227e-07,-2.7194579921285822e-11
35,2,5,1,0.9999999995818698,3.0487372556952557,3.048737108184919,-1.4751033683424453e-07,-4.1813019713288213e-10
35,3;4,7;8,2,1.9999999997838813,5.610371462363272,5.610371292033022,-1.703302494604486e-07,-2.1611867850879207e-10
35,5,10,1,0.9999999962115983,8.437365339505122,8.437365217658527,-1.2184659503589046e-07,-3.788401703452848e-09
35,6;7,11;12,2,1.999999999732729,9.638455932765478,9.63845582493941,-1.07826068074246e-07,-2.6727109414537153e-10
35,8,16,1,0.9999999958737085,12.451210877101126,12.451210709240192,-1.6786093404164149e-07,-4.1262915306816694e-09
36,1,1,1,0.9999999999895841,-5.4540567497054395,-5.4540568804994765,-1.3079403693438962e-07,-1.0415890372428294e-11
36,2,5,1,0.9999999999992079,3.8401923297698537,3.8401921749164534,-1.5485340032483919e-07,-7.921441280700492e-13
36,3;4,7;8,2,1.9999999999792901,5.7728426990039425,5.77284252631205,-1.7269189278579233e-07,-2.0709878256752745e-11
36,5,10,1,0.9999999949142154,8.601514490954404,8.601514370141924,-1.208124800200494e-07,-5.085784571257079e-09
36,6;7,11;12,2,1.9999999988776107,9.454158745968803,9.454158636942491,-1.0902631153442144e-07,-1.1223892926182089e-09
36,8,15,1,0.9999999983400504,11.72242119775759,11.722421023974036,-1.737835546578026e-07,-1.6599496222013954e-09
37,1,1,1,0.9999999999989871,-5.6137590449950725,-5.613759175047514,-1.3005244170471997e-07,-1.0128564653655303e-12
37,2,5,1,0.9999999348986266,4.628887069336596,4.628886908661197,-1.6067539920783247e-07,-6.51013734032091e-08
37,3;4,7;8,2,1.9999999998282334,5.936439692600528,5.936439516830879,-1.7576964950194451e-07,-1.7176660094264662e-10
37,5,10,1,0.9999999931691915,8.752059153383021,8.752059033263427,-1.2011959427127294e-07,-6.830808474411754e-09
37,6;7,11;12,2,1.9999999975919978,9.229609360645224,9.22960925318718,-1.0745804424061589e-07,-2.4080022420491787e-09
37,8,15,1,0.9999999953353181,10.999186950667724,10.999186768996283,-1.8167144055780682e-07,-4.664681862998066e-09
38,1,1,1,0.9999999999780836,-5.728736334585086,-5.728736463863775,-1.2927868908718665e-07,-2.1916357617612903e-11
38,2,6,1,0.9999999992802362,5.372654233085687,5.3726540625618755,-1.7052381107163228e-07,-7.197638041134269e-10
38,3;4,7;8,2,1.9999999995894324,6.083881884239268,6.083881704008149,-1.8023111891807275e-07,-4.105675799337405e-10
38,5,10,1,0.999999999498117,8.854017464313701,8.854017344645209,-1.1966849200462093e-07,-5.018829796199498e-10
38,6;7,11;12,2,1.9999999984205483,9.014340821643122,9.014340722604059,-9.903906317276778e-08,-1.5794516805556214e-09
38,8,15,1,0.9999999998851226,10.336732938514709,10.33673275507188,-1.8344282892712727e-07,-1.1487744089322405e-10
39,1,1,1,0.999999999982638,-5.798077653110602,-5.798077781993798,-1.2888319567139206e-07,-1.7362000725995586e-11
39,2,6,1,0.999999999233971,5.974962032086137,5.974961852405716,-1.7968042076432766e-07,-7.660290179956064e-10
39,3;4,7;8,2,1.9999999995685558,6.190442817412926,6.19044263346631,-1.8394661616127905e-07,-4.3144421368879193e-10
39,5,10,1,0.9999999998813897,8.852691044436881,8.852691085417229,4.098034800392725e-08,-1.186103437689212e-10
39,6;7,11;12,2,1.9999999986976058,8.857793806502176,8.857793634761517,-1.7174065902736402e-07,-1.302394192492784e-09
39,8,15,1,0.999999974308481,9.861210452736836,9.861210256890494,-1.9584634181057936e-07,-2.5691519023318676e-08
40,1,1,1,0.9999999999997682,-5.821232223691898,-5.8212323526407905,-1.2894889245274044e-07,-2.318145675417327e-13
40,2;3;4,6;7;8,3,2.999999999900677,6.230001316960377,6.230001132080227,-1.8488014941198117e-07,-9.93232163182256e-11
40,5;6;7,10;11;12,3,2.9999999999125637,8.800090632077792,8.800090533466532,-9.861125960242134e-08,-8.743628043816898e-11
40,8,15,1,0.9999999932760492,9.70346296522998,9.70346277486699,-1.9036298937180618e-07,-6.723950840559212e-09
