kx_tpiba,ky_tpiba,kz_tpiba,vbm_band4_eV,cbm_band5_eV
0.0,0.0,0.0,6.397028955014355,8.966555396996071
-0.08333333333333333,0.08333333333333333,-0.08333333333333333,6.250233934651856,9.03933250948459
-0.1666666666666667,0.1666666666666667,-0.1666666666666667,5.938184472735969,8.804861373788246
-0.25,0.25,-0.25,5.6245142370621455,8.487781536599897
-0.3333333333333333,0.3333333333333333,-0.3333333333333333,5.381043278816942,8.22348453981495
-0.4166666666666667,0.4166666666666667,-0.4166666666666667,5.231177144300189,8.055727835437771
0.5,-0.5,0.5,5.180925456987881,7.998735835945766
0.0,0.1666666666666667,0.0,5.956666592625059,8.688295871691023
-0.08333333333333333,0.25,-0.08333333333333333,5.7883205448277435,8.714078388491233
-0.1666666666666667,0.3333333333333333,-0.1666666666666667,5.461265313178381,8.863783948208589
-0.25,0.4166666666666666,-0.25,5.10341346437929,8.73839801726479
-0.3333333333333334,0.5,-0.3333333333333334,4.966419938111102,8.578722942883411
0.5833333333333334,-0.4166666666666667,0.5833333333333334,4.9991249726649665,8.502107961132152
0.4999999999999999,-0.3333333333333333,0.4999999999999999,5.145524524433867,8.53237703627843
0.4166666666666667,-0.2500000000000001,0.4166666666666667,5.3895517161020585,8.667797596211773
0.3333333333333333,-0.1666666666666667,0.3333333333333333,5.7048429944135854,8.894263077856724
0.2499999999999999,-0.0833333333333333,0.2499999999999999,6.039614452279514,9.17358963902658
0.1666666666666667,-4.163336342344337e-17,0.1666666666666667,6.2785443585878085,9.21946874532304
0.0,0.3333333333333333,0.0,5.179401182133914,8.094907130091686
-0.08333333333333334,0.4166666666666666,-0.08333333333333334,4.8397355573157235,8.115804598031945
-0.1666666666666667,0.5,-0.1666666666666667,4.618356316781549,8.360026545362707
-0.25,0.5833333333333334,-0.25,4.534062279298887,8.406219797196295
0.6666666666666666,-0.3333333333333334,0.6666666666666666,4.58980454048921,8.44115665012728
0.5833333333333333,-0.25,0.5833333333333333,4.77782161954802,8.594035853701481
0.5,-0.1666666666666667,0.5,5.078735231799637,8.871730071602949
0.4166666666666666,-0.08333333333333334,0.4166666666666666,5.454012212618672,9.218919004820194
0.3333333333333333,2.775557561562891e-17,0.3333333333333333,5.825054493388197,9.491392277271892
0.0,0.5,0.0,4.47116878554241,7.510409958012237
-0.08333333333333331,0.5833333333333333,-0.08333333333333331,4.221110775435708,7.595016484043105
-0.1666666666666667,0.6666666666666667,-0.1666666666666667,4.112838483797438,7.8117605955311005
0.75,-0.25,0.75,4.152822135755459,7.899563750455018
0.6666666666666666,-0.1666666666666666,0.6666666666666666,4.336504753695078,8.083755891434976
0.5833333333333334,-0.08333333333333337,0.5833333333333334,4.647174313743109,8.417482695344699
0.5,0.0,0.5,5.047120059504317,8.85825175922511
0.0,0.6666666666666666,0.0,3.935474351967473,7.098695893667253
-0.08333333333333337,0.75,-0.08333333333333337,3.7908714502960876,7.261437881697398
0.8333333333333333,-0.1666666666666667,0.8333333333333333,3.797543975755677,7.433296356845462
0.75,-0.08333333333333331,0.75,3.9542151153424507,7.613296782026553
0.6666666666666667,-5.551115123125783e-17,0.6666666666666667,4.248070736924525,7.947940862541552
0.0,0.8333333333333334,0.0,3.605612476101689,6.937158518806176
0.9166666666666667,-0.08333333333333331,0.9166666666666667,3.5715813425106706,7.1378969629956055
0.8333333333333333,5.551115123125783e-17,0.8333333333333333,3.6907637240806275,7.29964115966962
0.0,-1.0,0.0,3.4944768519816307,7.0723633864213005
-0.1666666666666667,0.3333333333333333,0.0,5.682485499942039,8.739735390502327
-0.25,0.4166666666666666,-0.08333333333333331,5.401765536341939,9.030805656741393
-0.3333333333333334,0.5,-0.1666666666666667,5.067131990278446,9.08793530673147
0.5833333333333334,-0.4166666666666667,0.75,4.814561838061695,9.04442661133502
0.4999999999999999,-0.3333333333333333,0.6666666666666666,4.720367165349571,9.029684391938838
-0.1666666666666666,0.5,0.0,4.742660320439625,8.182604159054328
-0.25,0.5833333333333334,-0.08333333333333337,4.446689748554786,8.518643929649633
0.6666666666666667,-0.3333333333333333,0.8333333333333333,4.23022371598535,8.63955312802017
0.5833333333333333,-0.2499999999999999,0.75,4.211625340257262,8.770866170190835
0.5,-0.1666666666666667,0.6666666666666667,4.38848224311042,9.02829246877241
0.4166666666666667,-0.08333333333333331,0.5833333333333333,4.712740357968381,9.400510465451923
0.3333333333333333,5.551115123125783e-17,0.4999999999999999,5.103464367829772,9.626783994180846
-0.1666666666666667,0.6666666666666667,-5.551115123125783e-17,3.9396894449733733,7.776575009172637
0.75,-0.25,0.9166666666666666,3.717382086979452,8.111408225412145
0.6666666666666666,-0.1666666666666666,0.8333333333333333,3.7259548127554365,8.266136309450443
0.5833333333333334,-0.08333333333333337,0.75,3.92890146494105,8.5283671569173
0.5,0.0,0.6666666666666666,4.28132098852698,8.929918001646836
0.8333333333333334,-0.1666666666666666,1.0,3.414078587254117,7.599692744614707
0.75,-0.08333333333333326,0.9166666666666666,3.369808636867548,7.892332605151394
0.6666666666666667,0.0,0.8333333333333334,3.5708631772370945,8.134120431833129
-0.1666666666666667,-1.0,-5.551115123125783e-17,3.178603982250694,7.698502648623977
0.6666666666666666,-0.3333333333333334,1.0,4.057507186761612,9.259773768539873
0.5833333333333333,-0.25,0.9166666666666666,3.7120996285757917,9.631173508065158
0.5,-0.1666666666666667,0.8333333333333334,3.5794357424517314,9.746991391603276
0.6666666666666666,-0.1666666666666666,1.0,3.1828462116546143,9.083098924081662
0.5833333333333334,-0.08333333333333337,0.9166666666666667,3.0257187029212025,9.42444486226328
0.5,0.0,0.8333333333333334,3.255783064701037,9.728686981515315
-0.3333333333333333,-1.0,0.0,2.6786290889846365,9.14597970914618
-0.5,-1.0,0.0,2.4647543865419723,10.669321666533339
