grid,k_index,k1_index,k2_index,k3_index,k1_fraction,k2_fraction,k3_fraction,phase_rad,phase_per_area_A2
4,1,0,0,0,0.0,0.0,0.0,-8.754720428495156e-06,-3.65477059414018e-05
4,2,0,0,1,0.0,0.0,0.25,2.7237055301199507e-06,1.1370458896870178e-05
4,3,0,0,2,0.0,0.0,0.5,-3.530207828624348e-06,-1.4737306426445712e-05
4,4,0,0,3,0.0,0.0,0.75,-1.4189270673985774e-06,-5.923493461057642e-06
4,5,0,1,0,0.0,0.25,0.0,-1.4725816600285934e-06,-6.14748145586156e-06
4,6,0,1,1,0.0,0.25,0.25,-3.222487794279942e-06,-1.3452689582383843e-05
4,7,0,1,2,0.0,0.25,0.5,2.8205418655984005e-06,1.1774714628668305e-05
4,8,0,1,3,0.0,0.25,0.75,-3.1385444138938736e-06,-1.3102257149145697e-05
4,9,0,2,0,0.0,0.5,0.0,7.604786097029815e-07,3.1747157238381495e-06
4,10,0,2,1,0.0,0.5,0.25,-4.944213082522957e-06,-2.0640253144296136e-05
4,11,0,2,2,0.0,0.5,0.5,-1.9822185949188382e-06,-8.275026359822317e-06
4,12,0,2,3,0.0,0.5,0.75,1.185684301352741e-06,4.949791548355025e-06
4,13,0,3,0,0.0,0.75,0.0,2.092017669432094e-06,8.733396712219545e-06
4,14,0,3,1,0.0,0.75,0.25,4.2829753429527385e-06,1.787983119129911e-05
4,15,0,3,2,0.0,0.75,0.5,-4.5442248829132194e-07,-1.8970450982277787e-06
4,16,0,3,3,0.0,0.75,0.75,1.433877746815296e-06,5.985906994351968e-06
4,17,1,0,0,0.25,0.0,0.0,2.6419397941568636e-07,1.1029117320235175e-06
4,18,1,0,1,0.25,0.0,0.25,2.372079960957234e-06,9.902552753184676e-06
4,19,1,0,2,0.25,0.0,0.5,5.345714910202009e-06,2.2316374141282864e-05
4,20,1,0,3,0.25,0.0,0.75,3.468994245366138e-06,1.4481762453475563e-05
4,21,1,1,0,0.25,0.25,0.0,-1.6714582102291828e-06,-6.977717182374754e-06
4,22,1,1,1,0.25,0.25,0.25,7.353585793245736e-06,3.0698489275757655e-05
4,23,1,1,2,0.25,0.25,0.5,2.016312431631063e-06,8.417355464303696e-06
4,24,1,1,3,0.25,0.25,0.75,4.325552301967127e-06,1.8057574180426688e-05
4,25,1,2,0,0.25,0.5,0.0,-2.7286403964099987e-07,-1.139106013062766e-06
4,26,1,2,1,0.25,0.5,0.25,-3.1936273241549463e-06,-1.3332207839525921e-05
4,27,1,2,2,0.25,0.5,0.5,-4.817224683040432e-07,-2.0110123744943705e-06
4,28,1,2,3,0.25,0.5,0.75,4.539496816518044e-06,1.8950713061267787e-05
4,29,1,3,0,0.25,0.75,0.0,2.65887374950594e-07,1.1099810293880396e-06
4,30,1,3,1,0.25,0.75,0.25,2.966806140013346e-06,1.2385313646045355e-05
4,31,1,3,2,0.25,0.75,0.5,5.3841087949719264e-06,2.2476654349198103e-05
4,32,1,3,3,0.25,0.75,0.75,8.500791993095965e-06,3.548764904262027e-05
4,33,2,0,0,0.5,0.0,0.0,3.254854469281199e-08,1.3587808428257735e-07
4,34,2,0,1,0.5,0.0,0.25,-9.587281013524824e-07,-4.002333713814762e-06
4,35,2,0,2,0.5,0.0,0.5,4.18436093114871e-06,1.7468152651289188e-05
4,36,2,0,3,0.5,0.0,0.75,1.7301556975999084e-06,7.2227573895916475e-06
4,37,2,1,0,0.5,0.25,0.0,-2.658774908292948e-07,-1.1099397668529668e-06
4,38,2,1,1,0.5,0.25,0.25,-7.519734196993075e-07,-3.13920971473496e-06
4,39,2,1,2,0.5,0.25,0.5,-7.546950763897586e-06,-3.150571620487232e-05
4,40,2,1,3,0.5,0.25,0.75,-4.603839509997485e-06,-1.9219319907136944e-05
4,41,2,2,0,0.5,0.5,0.0,6.351040968133753e-07,2.6513237015501875e-06
4,42,2,2,1,0.5,0.5,0.25,-9.87407539970122e-06,-4.1220597173716965e-05
4,43,2,2,2,0.5,0.5,0.5,-9.729170227999187e-06,-4.061567190534211e-05
4,44,2,2,3,0.5,0.5,0.75,-7.13802022340126e-06,-2.9798583091189656e-05
4,45,2,3,0,0.5,0.75,0.0,2.1474362343898434e-08,8.964748636283036e-08
4,46,2,3,1,0.5,0.75,0.25,9.078292426135807e-07,3.7898498844182723e-06
4,47,2,3,2,0.5,0.75,0.5,4.162744111314374e-06,1.7377910457818095e-05
4,48,2,3,3,0.5,0.75,0.75,-8.864300081739619e-06,-3.70051602915035e-05
4,49,3,0,0,0.75,0.0,0.0,-7.643065422225557e-07,-3.1906959202626486e-06
4,50,3,0,1,0.75,0.0,0.25,2.2327955146469134e-06,9.321091925561702e-06
4,51,3,0,2,0.75,0.0,0.5,-3.27891864501147e-07,-1.36882674235501e-06
4,52,3,0,3,0.75,0.0,0.75,1.1863713142437624e-06,4.952659571991426e-06
4,53,3,1,0,0.75,0.25,0.0,-2.069932235727969e-06,-8.64119822990371e-06
4,54,3,1,1,0.75,0.25,0.25,-1.1960324640301966e-06,-4.992991283818702e-06
4,55,3,1,2,0.75,0.25,0.5,9.542424433407806e-07,3.983607757765752e-06
4,56,3,1,3,0.75,0.25,0.75,-6.650784413802139e-06,-2.776455456466018e-05
4,57,3,2,0,0.75,0.5,0.0,1.5693213745177959e-06,6.551333830918415e-06
4,58,3,2,1,0.75,0.5,0.25,-2.0138769228086626e-06,-8.407188119613961e-06
4,59,3,2,2,0.75,0.5,0.5,-3.630605276036186e-06,-1.5156428477828673e-05
4,60,3,2,3,0.75,0.5,0.75,3.6005589842480555e-06,1.5030996369987977e-05
4,61,3,3,0,0.75,0.75,0.0,9.630714595403427e-06,4.0204656209549864e-05
4,62,3,3,1,0.75,0.75,0.25,3.3152369836092162e-06,1.3839882997136024e-05
4,63,3,3,2,0.75,0.75,0.5,2.815164024398242e-06,1.1752264139199422e-05
4,64,3,3,3,0.75,0.75,0.75,1.8429323087886688e-06,7.693557851634855e-06
