q_index,qx,qy,qz,star_weight,sigma_Ry,mode,frequency_THz,frequency_cm1,lambda_mode,gamma_GHz,DOS_EF_states_spin_Ry_cell,EF_eV
1,0.0,0.0,0.0,1,0.005,1,0.087851,2.930394,0.0,0.0,2.518161,8.37364
1,0.0,0.0,0.0,1,0.005,2,0.087851,2.930394,0.0,0.0,2.518161,8.37364
1,0.0,0.0,0.0,1,0.005,3,0.087851,2.930394,0.0,0.0,2.518161,8.37364
1,0.0,0.0,0.0,1,0.01,1,0.087851,2.930394,0.0,0.01,2.624685,8.377216
1,0.0,0.0,0.0,1,0.01,2,0.087851,2.930394,0.0,0.01,2.624685,8.377216
1,0.0,0.0,0.0,1,0.01,3,0.087851,2.930394,0.0,0.01,2.624685,8.377216
1,0.0,0.0,0.0,1,0.015,1,0.087851,2.930394,0.0,0.04,2.647439,8.379158
1,0.0,0.0,0.0,1,0.015,2,0.087851,2.930394,0.0,0.04,2.647439,8.379158
1,0.0,0.0,0.0,1,0.015,3,0.087851,2.930394,0.0,0.05,2.647439,8.379158
1,0.0,0.0,0.0,1,0.02,1,0.087851,2.930394,0.0,0.09,2.646097,8.379914
1,0.0,0.0,0.0,1,0.02,2,0.087851,2.930394,0.0,0.09,2.646097,8.379914
1,0.0,0.0,0.0,1,0.02,3,0.087851,2.930394,0.0,0.11,2.646097,8.379914
1,0.0,0.0,0.0,1,0.025,1,0.087851,2.930394,0.0,0.15,2.643523,8.379582
1,0.0,0.0,0.0,1,0.025,2,0.087851,2.930394,0.0,0.15,2.643523,8.379582
1,0.0,0.0,0.0,1,0.025,3,0.087851,2.930394,0.0,0.17,2.643523,8.379582
1,0.0,0.0,0.0,1,0.03,1,0.087851,2.930394,0.0,0.22,2.643829,8.37839
1,0.0,0.0,0.0,1,0.03,2,0.087851,2.930394,0.0,0.22,2.643829,8.37839
1,0.0,0.0,0.0,1,0.03,3,0.087851,2.930394,0.0,0.23,2.643829,8.37839
1,0.0,0.0,0.0,1,0.035,1,0.087851,2.930394,0.0,0.29,2.645823,8.376691
1,0.0,0.0,0.0,1,0.035,2,0.087851,2.930394,0.0,0.29,2.645823,8.376691
1,0.0,0.0,0.0,1,0.035,3,0.087851,2.930394,0.0,0.3,2.645823,8.376691
1,0.0,0.0,0.0,1,0.04,1,0.087851,2.930394,0.0,0.38,2.648339,8.374776
1,0.0,0.0,0.0,1,0.04,2,0.087851,2.930394,0.0,0.37,2.648339,8.374776
1,0.0,0.0,0.0,1,0.04,3,0.087851,2.930394,0.0,0.38,2.648339,8.374776
1,0.0,0.0,0.0,1,0.045,1,0.087851,2.930394,0.0,0.48,2.650827,8.372817
1,0.0,0.0,0.0,1,0.045,2,0.087851,2.930394,0.0,0.47,2.650827,8.372817
1,0.0,0.0,0.0,1,0.045,3,0.087851,2.930394,0.0,0.48,2.650827,8.372817
1,0.0,0.0,0.0,1,0.05,1,0.087851,2.930394,0.0,0.59,2.653067,8.370889
1,0.0,0.0,0.0,1,0.05,2,0.087851,2.930394,0.0,0.59,2.653067,8.370889
1,0.0,0.0,0.0,1,0.05,3,0.087851,2.930394,0.0,0.6,2.653067,8.370889
2,-0.1767767,0.1767767,-0.1767767,8,0.005,1,3.594799,119.909582,0.0484,1.5,2.518161,8.37364
2,-0.1767767,0.1767767,-0.1767767,8,0.005,2,3.594799,119.909582,0.0468,1.45,2.518161,8.37364
2,-0.1767767,0.1767767,-0.1767767,8,0.005,3,7.165696,239.021883,0.2363,29.17,2.518161,8.37364
2,-0.1767767,0.1767767,-0.1767767,8,0.01,1,3.594799,119.909582,0.0659,2.13,2.624685,8.377216
2,-0.1767767,0.1767767,-0.1767767,8,0.01,2,3.594799,119.909582,0.0639,2.07,2.624685,8.377216
2,-0.1767767,0.1767767,-0.1767767,8,0.01,3,7.165696,239.021883,0.2128,27.38,2.624685,8.377216
2,-0.1767767,0.1767767,-0.1767767,8,0.015,1,3.594799,119.909582,0.0619,2.02,2.647439,8.379158
2,-0.1767767,0.1767767,-0.1767767,8,0.015,2,3.594799,119.909582,0.0596,1.95,2.647439,8.379158
2,-0.1767767,0.1767767,-0.1767767,8,0.015,3,7.165696,239.021883,0.1934,25.1,2.647439,8.379158
2,-0.1767767,0.1767767,-0.1767767,8,0.02,1,3.594799,119.909582,0.0599,1.96,2.646097,8.379914
2,-0.1767767,0.1767767,-0.1767767,8,0.02,2,3.594799,119.909582,0.0576,1.88,2.646097,8.379914
2,-0.1767767,0.1767767,-0.1767767,8,0.02,3,7.165696,239.021883,0.1845,23.94,2.646097,8.379914
2,-0.1767767,0.1767767,-0.1767767,8,0.025,1,3.594799,119.909582,0.0585,1.91,2.643523,8.379582
2,-0.1767767,0.1767767,-0.1767767,8,0.025,2,3.594799,119.909582,0.0567,1.85,2.643523,8.379582
2,-0.1767767,0.1767767,-0.1767767,8,0.025,3,7.165696,239.021883,0.1813,23.5,2.643523,8.379582
2,-0.1767767,0.1767767,-0.1767767,8,0.03,1,3.594799,119.909582,0.0579,1.89,2.643829,8.37839
2,-0.1767767,0.1767767,-0.1767767,8,0.03,2,3.594799,119.909582,0.0566,1.85,2.643829,8.37839
2,-0.1767767,0.1767767,-0.1767767,8,0.03,3,7.165696,239.021883,0.1831,23.74,2.643829,8.37839
2,-0.1767767,0.1767767,-0.1767767,8,0.035,1,3.594799,119.909582,0.0579,1.89,2.645823,8.376691
2,-0.1767767,0.1767767,-0.1767767,8,0.035,2,3.594799,119.909582,0.0571,1.86,2.645823,8.376691
2,-0.1767767,0.1767767,-0.1767767,8,0.035,3,7.165696,239.021883,0.1884,24.44,2.645823,8.376691
2,-0.1767767,0.1767767,-0.1767767,8,0.04,1,3.594799,119.909582,0.0583,1.9,2.648339,8.374776
2,-0.1767767,0.1767767,-0.1767767,8,0.04,2,3.594799,119.909582,0.0578,1.89,2.648339,8.374776
2,-0.1767767,0.1767767,-0.1767767,8,0.04,3,7.165696,239.021883,0.1952,25.35,2.648339,8.374776
2,-0.1767767,0.1767767,-0.1767767,8,0.045,1,3.594799,119.909582,0.0589,1.93,2.650827,8.372817
2,-0.1767767,0.1767767,-0.1767767,8,0.045,2,3.594799,119.909582,0.0586,1.92,2.650827,8.372817
2,-0.1767767,0.1767767,-0.1767767,8,0.045,3,7.165696,239.021883,0.2023,26.3,2.650827,8.372817
2,-0.1767767,0.1767767,-0.1767767,8,0.05,1,3.594799,119.909582,0.0596,1.95,2.653067,8.370889
2,-0.1767767,0.1767767,-0.1767767,8,0.05,2,3.594799,119.909582,0.0594,1.94,2.653067,8.370889
2,-0.1767767,0.1767767,-0.1767767,8,0.05,3,7.165696,239.021883,0.2091,27.2,2.653067,8.370889
3,0.3535534,-0.3535534,0.3535534,4,0.005,1,4.570078,152.441395,0.0708,3.56,2.518161,8.37364
3,0.3535534,-0.3535534,0.3535534,4,0.005,2,4.570078,152.441395,0.0745,3.74,2.518161,8.37364
3,0.3535534,-0.3535534,0.3535534,4,0.005,3,9.936574,331.448433,0.0431,10.23,2.518161,8.37364
3,0.3535534,-0.3535534,0.3535534,4,0.01,1,4.570078,152.441395,0.0596,3.12,2.624685,8.377216
3,0.3535534,-0.3535534,0.3535534,4,0.01,2,4.570078,152.441395,0.0625,3.27,2.624685,8.377216
3,0.3535534,-0.3535534,0.3535534,4,0.01,3,9.936574,331.448433,0.0605,14.97,2.624685,8.377216
3,0.3535534,-0.3535534,0.3535534,4,0.015,1,4.570078,152.441395,0.0729,3.85,2.647439,8.379158
3,0.3535534,-0.3535534,0.3535534,4,0.015,2,4.570078,152.441395,0.0757,3.99,2.647439,8.379158
3,0.3535534,-0.3535534,0.3535534,4,0.015,3,9.936574,331.448433,0.1196,29.85,2.647439,8.379158
3,0.3535534,-0.3535534,0.3535534,4,0.02,1,4.570078,152.441395,0.0806,4.25,2.646097,8.379914
3,0.3535534,-0.3535534,0.3535534,4,0.02,2,4.570078,152.441395,0.0834,4.4,2.646097,8.379914
3,0.3535534,-0.3535534,0.3535534,4,0.02,3,9.936574,331.448433,0.1543,38.49,2.646097,8.379914
3,0.3535534,-0.3535534,0.3535534,4,0.025,1,4.570078,152.441395,0.0849,4.48,2.643523,8.379582
3,0.3535534,-0.3535534,0.3535534,4,0.025,2,4.570078,152.441395,0.0878,4.63,2.643523,8.379582
3,0.3535534,-0.3535534,0.3535534,4,0.025,3,9.936574,331.448433,0.1692,42.18,2.643523,8.379582
3,0.3535534,-0.3535534,0.3535534,4,0.03,1,4.570078,152.441395,0.0879,4.63,2.643829,8.37839
3,0.3535534,-0.3535534,0.3535534,4,0.03,2,4.570078,152.441395,0.0905,4.77,2.643829,8.37839
3,0.3535534,-0.3535534,0.3535534,4,0.03,3,9.936574,331.448433,0.1745,43.49,2.643829,8.37839
3,0.3535534,-0.3535534,0.3535534,4,0.035,1,4.570078,152.441395,0.09,4.75,2.645823,8.376691
3,0.3535534,-0.3535534,0.3535534,4,0.035,2,4.570078,152.441395,0.0924,4.88,2.645823,8.376691
3,0.3535534,-0.3535534,0.3535534,4,0.035,3,9.936574,331.448433,0.176,43.9,2.645823,8.376691
3,0.3535534,-0.3535534,0.3535534,4,0.04,1,4.570078,152.441395,0.0914,4.83,2.648339,8.374776
3,0.3535534,-0.3535534,0.3535534,4,0.04,2,4.570078,152.441395,0.0935,4.94,2.648339,8.374776
3,0.3535534,-0.3535534,0.3535534,4,0.04,3,9.936574,331.448433,0.1762,44.0,2.648339,8.374776
3,0.3535534,-0.3535534,0.3535534,4,0.045,1,4.570078,152.441395,0.0921,4.87,2.650827,8.372817
3,0.3535534,-0.3535534,0.3535534,4,0.045,2,4.570078,152.441395,0.0939,4.97,2.650827,8.372817
3,0.3535534,-0.3535534,0.3535534,4,0.045,3,9.936574,331.448433,0.176,43.99,2.650827,8.372817
3,0.3535534,-0.3535534,0.3535534,4,0.05,1,4.570078,152.441395,0.0921,4.87,2.653067,8.370889
3,0.3535534,-0.3535534,0.3535534,4,0.05,2,4.570078,152.441395,0.0937,4.96,2.653067,8.370889
3,0.3535534,-0.3535534,0.3535534,4,0.05,3,9.936574,331.448433,0.1756,43.93,2.653067,8.370889
4,0.0,0.3535534,0.0,6,0.005,1,4.514767,150.596422,0.0275,1.35,2.518161,8.37364
4,0.0,0.3535534,0.0,6,0.005,2,4.514767,150.596422,0.0275,1.35,2.518161,8.37364
4,0.0,0.3535534,0.0,6,0.005,3,7.531338,251.218399,0.2266,30.91,2.518161,8.37364
4,0.0,0.3535534,0.0,6,0.01,1,4.514767,150.596422,0.0899,4.59,2.624685,8.377216
4,0.0,0.3535534,0.0,6,0.01,2,4.514767,150.596422,0.0899,4.59,2.624685,8.377216
4,0.0,0.3535534,0.0,6,0.01,3,7.531338,251.218399,0.2636,37.48,2.624685,8.377216
4,0.0,0.3535534,0.0,6,0.015,1,4.514767,150.596422,0.0965,4.97,2.647439,8.379158
4,0.0,0.3535534,0.0,6,0.015,2,4.514767,150.596422,0.0965,4.97,2.647439,8.379158
4,0.0,0.3535534,0.0,6,0.015,3,7.531338,251.218399,0.2542,36.45,2.647439,8.379158
4,0.0,0.3535534,0.0,6,0.02,1,4.514767,150.596422,0.0978,5.03,2.646097,8.379914
4,0.0,0.3535534,0.0,6,0.02,2,4.514767,150.596422,0.0978,5.03,2.646097,8.379914
4,0.0,0.3535534,0.0,6,0.02,3,7.531338,251.218399,0.2395,34.33,2.646097,8.379914
4,0.0,0.3535534,0.0,6,0.025,1,4.514767,150.596422,0.1012,5.21,2.643523,8.379582
4,0.0,0.3535534,0.0,6,0.025,2,4.514767,150.596422,0.1012,5.21,2.643523,8.379582
4,0.0,0.3535534,0.0,6,0.025,3,7.531338,251.218399,0.2327,33.31,2.643523,8.379582
4,0.0,0.3535534,0.0,6,0.03,1,4.514767,150.596422,0.1066,5.49,2.643829,8.37839
4,0.0,0.3535534,0.0,6,0.03,2,4.514767,150.596422,0.1066,5.49,2.643829,8.37839
4,0.0,0.3535534,0.0,6,0.03,3,7.531338,251.218399,0.2299,32.92,2.643829,8.37839
4,0.0,0.3535534,0.0,6,0.035,1,4.514767,150.596422,0.1123,5.79,2.645823,8.376691
4,0.0,0.3535534,0.0,6,0.035,2,4.514767,150.596422,0.1123,5.79,2.645823,8.376691
4,0.0,0.3535534,0.0,6,0.035,3,7.531338,251.218399,0.2289,32.81,2.645823,8.376691
4,0.0,0.3535534,0.0,6,0.04,1,4.514767,150.596422,0.1175,6.06,2.648339,8.374776
4,0.0,0.3535534,0.0,6,0.04,2,4.514767,150.596422,0.1175,6.06,2.648339,8.374776
4,0.0,0.3535534,0.0,6,0.04,3,7.531338,251.218399,0.2292,32.87,2.648339,8.374776
4,0.0,0.3535534,0.0,6,0.045,1,4.514767,150.596422,0.122,6.29,2.650827,8.372817
4,0.0,0.3535534,0.0,6,0.045,2,4.514767,150.596422,0.122,6.29,2.650827,8.372817
4,0.0,0.3535534,0.0,6,0.045,3,7.531338,251.218399,0.2302,33.06,2.650827,8.372817
4,0.0,0.3535534,0.0,6,0.05,1,4.514767,150.596422,0.1258,6.49,2.653067,8.370889
4,0.0,0.3535534,0.0,6,0.05,2,4.514767,150.596422,0.1258,6.49,2.653067,8.370889
4,0.0,0.3535534,0.0,6,0.05,3,7.531338,251.218399,0.2318,33.31,2.653067,8.370889
5,0.5303301,-0.1767767,0.5303301,24,0.005,1,5.585012,186.295932,0.0905,6.79,2.518161,8.37364
5,0.5303301,-0.1767767,0.5303301,24,0.005,2,6.93805,231.428442,0.0974,11.27,2.518161,8.37364
5,0.5303301,-0.1767767,0.5303301,24,0.005,3,9.168476,305.827429,0.2367,47.84,2.518161,8.37364
5,0.5303301,-0.1767767,0.5303301,24,0.01,1,5.585012,186.295932,0.087,6.8,2.624685,8.377216
5,0.5303301,-0.1767767,0.5303301,24,0.01,2,6.93805,231.428442,0.0844,10.19,2.624685,8.377216
5,0.5303301,-0.1767767,0.5303301,24,0.01,3,9.168476,305.827429,0.1684,35.48,2.624685,8.377216
5,0.5303301,-0.1767767,0.5303301,24,0.015,1,5.585012,186.295932,0.0946,7.46,2.647439,8.379158
5,0.5303301,-0.1767767,0.5303301,24,0.015,2,6.93805,231.428442,0.0867,10.55,2.647439,8.379158
5,0.5303301,-0.1767767,0.5303301,24,0.015,3,9.168476,305.827429,0.1745,37.08,2.647439,8.379158
5,0.5303301,-0.1767767,0.5303301,24,0.02,1,5.585012,186.295932,0.0988,7.79,2.646097,8.379914
5,0.5303301,-0.1767767,0.5303301,24,0.02,2,6.93805,231.428442,0.0901,10.96,2.646097,8.379914
5,0.5303301,-0.1767767,0.5303301,24,0.02,3,9.168476,305.827429,0.1902,40.39,2.646097,8.379914
5,0.5303301,-0.1767767,0.5303301,24,0.025,1,5.585012,186.295932,0.0988,7.78,2.643523,8.379582
5,0.5303301,-0.1767767,0.5303301,24,0.025,2,6.93805,231.428442,0.0916,11.13,2.643523,8.379582
5,0.5303301,-0.1767767,0.5303301,24,0.025,3,9.168476,305.827429,0.1987,42.16,2.643523,8.379582
5,0.5303301,-0.1767767,0.5303301,24,0.03,1,5.585012,186.295932,0.0975,7.68,2.643829,8.37839
5,0.5303301,-0.1767767,0.5303301,24,0.03,2,6.93805,231.428442,0.0921,11.19,2.643829,8.37839
5,0.5303301,-0.1767767,0.5303301,24,0.03,3,9.168476,305.827429,0.2018,42.82,2.643829,8.37839
5,0.5303301,-0.1767767,0.5303301,24,0.035,1,5.585012,186.295932,0.0961,7.58,2.645823,8.376691
5,0.5303301,-0.1767767,0.5303301,24,0.035,2,6.93805,231.428442,0.0923,11.23,2.645823,8.376691
5,0.5303301,-0.1767767,0.5303301,24,0.035,3,9.168476,305.827429,0.2026,43.02,2.645823,8.376691
5,0.5303301,-0.1767767,0.5303301,24,0.04,1,5.585012,186.295932,0.095,7.49,2.648339,8.374776
5,0.5303301,-0.1767767,0.5303301,24,0.04,2,6.93805,231.428442,0.0925,11.26,2.648339,8.374776
5,0.5303301,-0.1767767,0.5303301,24,0.04,3,9.168476,305.827429,0.2026,43.07,2.648339,8.374776
5,0.5303301,-0.1767767,0.5303301,24,0.045,1,5.585012,186.295932,0.094,7.42,2.650827,8.372817
5,0.5303301,-0.1767767,0.5303301,24,0.045,2,6.93805,231.428442,0.0927,11.29,2.650827,8.372817
5,0.5303301,-0.1767767,0.5303301,24,0.045,3,9.168476,305.827429,0.2025,43.08,2.650827,8.372817
5,0.5303301,-0.1767767,0.5303301,24,0.05,1,5.585012,186.295932,0.0931,7.36,2.653067,8.370889
5,0.5303301,-0.1767767,0.5303301,24,0.05,2,6.93805,231.428442,0.0929,11.33,2.653067,8.370889
5,0.5303301,-0.1767767,0.5303301,24,0.05,3,9.168476,305.827429,0.2023,43.08,2.653067,8.370889
6,0.3535534,0.0,0.3535534,12,0.005,1,4.969669,165.770321,0.0172,1.02,2.518161,8.37364
6,0.3535534,0.0,0.3535534,12,0.005,2,6.818494,227.44047,0.1739,19.45,2.518161,8.37364
6,0.3535534,0.0,0.3535534,12,0.005,3,8.56337,285.643293,0.3875,68.33,2.518161,8.37364
6,0.3535534,0.0,0.3535534,12,0.01,1,4.969669,165.770321,0.0164,1.01,2.624685,8.377216
6,0.3535534,0.0,0.3535534,12,0.01,2,6.818494,227.44047,0.1063,12.39,2.624685,8.377216
6,0.3535534,0.0,0.3535534,12,0.01,3,8.56337,285.643293,0.3,55.14,2.624685,8.377216
6,0.3535534,0.0,0.3535534,12,0.015,1,4.969669,165.770321,0.0199,1.24,2.647439,8.379158
6,0.3535534,0.0,0.3535534,12,0.015,2,6.818494,227.44047,0.1131,13.29,2.647439,8.379158
6,0.3535534,0.0,0.3535534,12,0.015,3,8.56337,285.643293,0.2607,48.33,2.647439,8.379158
6,0.3535534,0.0,0.3535534,12,0.02,1,4.969669,165.770321,0.0239,1.49,2.646097,8.379914
6,0.3535534,0.0,0.3535534,12,0.02,2,6.818494,227.44047,0.1166,13.7,2.646097,8.379914
6,0.3535534,0.0,0.3535534,12,0.02,3,8.56337,285.643293,0.2378,44.07,2.646097,8.379914
6,0.3535534,0.0,0.3535534,12,0.025,1,4.969669,165.770321,0.027,1.69,2.643523,8.379582
6,0.3535534,0.0,0.3535534,12,0.025,2,6.818494,227.44047,0.1185,13.9,2.643523,8.379582
6,0.3535534,0.0,0.3535534,12,0.025,3,8.56337,285.643293,0.2215,41.01,2.643523,8.379582
6,0.3535534,0.0,0.3535534,12,0.03,1,4.969669,165.770321,0.0292,1.82,2.643829,8.37839
6,0.3535534,0.0,0.3535534,12,0.03,2,6.818494,227.44047,0.12,14.09,2.643829,8.37839
6,0.3535534,0.0,0.3535534,12,0.03,3,8.56337,285.643293,0.2103,38.94,2.643829,8.37839
6,0.3535534,0.0,0.3535534,12,0.035,1,4.969669,165.770321,0.0307,1.91,2.645823,8.376691
6,0.3535534,0.0,0.3535534,12,0.035,2,6.818494,227.44047,0.1215,14.27,2.645823,8.376691
6,0.3535534,0.0,0.3535534,12,0.035,3,8.56337,285.643293,0.2032,37.64,2.645823,8.376691
6,0.3535534,0.0,0.3535534,12,0.04,1,4.969669,165.770321,0.0318,1.99,2.648339,8.374776
6,0.3535534,0.0,0.3535534,12,0.04,2,6.818494,227.44047,0.1227,14.43,2.648339,8.374776
6,0.3535534,0.0,0.3535534,12,0.04,3,8.56337,285.643293,0.1986,36.83,2.648339,8.374776
6,0.3535534,0.0,0.3535534,12,0.045,1,4.969669,165.770321,0.0327,2.04,2.650827,8.372817
6,0.3535534,0.0,0.3535534,12,0.045,2,6.818494,227.44047,0.1237,14.56,2.650827,8.372817
6,0.3535534,0.0,0.3535534,12,0.045,3,8.56337,285.643293,0.1956,36.31,2.650827,8.372817
6,0.3535534,0.0,0.3535534,12,0.05,1,4.969669,165.770321,0.0334,2.09,2.653067,8.370889
6,0.3535534,0.0,0.3535534,12,0.05,2,6.818494,227.44047,0.1246,14.68,2.653067,8.370889
6,0.3535534,0.0,0.3535534,12,0.05,3,8.56337,285.643293,0.1936,35.97,2.653067,8.370889
7,0.0,-0.7071068,0.0,3,0.005,1,6.357109,212.050339,0.2664,25.89,2.518161,8.37364
7,0.0,-0.7071068,0.0,3,0.005,2,6.357109,212.050339,0.2974,28.9,2.518161,8.37364
7,0.0,-0.7071068,0.0,3,0.005,3,9.841475,328.276276,0.085,19.79,2.518161,8.37364
7,0.0,-0.7071068,0.0,3,0.01,1,6.357109,212.050339,0.1528,15.48,2.624685,8.377216
7,0.0,-0.7071068,0.0,3,0.01,2,6.357109,212.050339,0.1643,16.64,2.624685,8.377216
7,0.0,-0.7071068,0.0,3,0.01,3,9.841475,328.276276,0.1388,33.7,2.624685,8.377216
7,0.0,-0.7071068,0.0,3,0.015,1,6.357109,212.050339,0.1328,13.56,2.647439,8.379158
7,0.0,-0.7071068,0.0,3,0.015,2,6.357109,212.050339,0.1403,14.34,2.647439,8.379158
7,0.0,-0.7071068,0.0,3,0.015,3,9.841475,328.276276,0.1334,32.67,2.647439,8.379158
7,0.0,-0.7071068,0.0,3,0.02,1,6.357109,212.050339,0.123,12.56,2.646097,8.379914
7,0.0,-0.7071068,0.0,3,0.02,2,6.357109,212.050339,0.129,13.17,2.646097,8.379914
7,0.0,-0.7071068,0.0,3,0.02,3,9.841475,328.276276,0.1385,33.9,2.646097,8.379914
7,0.0,-0.7071068,0.0,3,0.025,1,6.357109,212.050339,0.1158,11.82,2.643523,8.379582
7,0.0,-0.7071068,0.0,3,0.025,2,6.357109,212.050339,0.121,12.35,2.643523,8.379582
7,0.0,-0.7071068,0.0,3,0.025,3,9.841475,328.276276,0.1412,34.53,2.643523,8.379582
7,0.0,-0.7071068,0.0,3,0.03,1,6.357109,212.050339,0.1115,11.37,2.643829,8.37839
7,0.0,-0.7071068,0.0,3,0.03,2,6.357109,212.050339,0.1159,11.82,2.643829,8.37839
7,0.0,-0.7071068,0.0,3,0.03,3,9.841475,328.276276,0.1417,34.64,2.643829,8.37839
7,0.0,-0.7071068,0.0,3,0.035,1,6.357109,212.050339,0.1092,11.15,2.645823,8.376691
7,0.0,-0.7071068,0.0,3,0.035,2,6.357109,212.050339,0.1129,11.53,2.645823,8.376691
7,0.0,-0.7071068,0.0,3,0.035,3,9.841475,328.276276,0.1417,34.67,2.645823,8.376691
7,0.0,-0.7071068,0.0,3,0.04,1,6.357109,212.050339,0.1079,11.03,2.648339,8.374776
7,0.0,-0.7071068,0.0,3,0.04,2,6.357109,212.050339,0.1111,11.36,2.648339,8.374776
7,0.0,-0.7071068,0.0,3,0.04,3,9.841475,328.276276,0.1419,34.77,2.648339,8.374776
7,0.0,-0.7071068,0.0,3,0.045,1,6.357109,212.050339,0.107,10.94,2.650827,8.372817
7,0.0,-0.7071068,0.0,3,0.045,2,6.357109,212.050339,0.1097,11.22,2.650827,8.372817
7,0.0,-0.7071068,0.0,3,0.045,3,9.841475,328.276276,0.1425,34.94,2.650827,8.372817
7,0.0,-0.7071068,0.0,3,0.05,1,6.357109,212.050339,0.1062,10.87,2.653067,8.370889
7,0.0,-0.7071068,0.0,3,0.05,2,6.357109,212.050339,0.1085,11.11,2.653067,8.370889
7,0.0,-0.7071068,0.0,3,0.05,3,9.841475,328.276276,0.1433,35.17,2.653067,8.370889
8,-0.3535534,-0.7071068,0.0,6,0.005,1,6.886222,229.699642,0.0795,9.06,2.518161,8.37364
8,-0.3535534,-0.7071068,0.0,6,0.005,2,8.438269,281.470352,0.241,41.27,2.518161,8.37364
8,-0.3535534,-0.7071068,0.0,6,0.005,3,8.438269,281.470352,0.241,41.27,2.518161,8.37364
8,-0.3535534,-0.7071068,0.0,6,0.01,1,6.886222,229.699642,0.0793,9.43,2.624685,8.377216
8,-0.3535534,-0.7071068,0.0,6,0.01,2,8.438269,281.470352,0.2121,37.85,2.624685,8.377216
8,-0.3535534,-0.7071068,0.0,6,0.01,3,8.438269,281.470352,0.2121,37.85,2.624685,8.377216
8,-0.3535534,-0.7071068,0.0,6,0.015,1,6.886222,229.699642,0.0799,9.57,2.647439,8.379158
8,-0.3535534,-0.7071068,0.0,6,0.015,2,8.438269,281.470352,0.2051,36.92,2.647439,8.379158
8,-0.3535534,-0.7071068,0.0,6,0.015,3,8.438269,281.470352,0.2051,36.92,2.647439,8.379158
8,-0.3535534,-0.7071068,0.0,6,0.02,1,6.886222,229.699642,0.0811,9.71,2.646097,8.379914
8,-0.3535534,-0.7071068,0.0,6,0.02,2,8.438269,281.470352,0.1976,35.56,2.646097,8.379914
8,-0.3535534,-0.7071068,0.0,6,0.02,3,8.438269,281.470352,0.1976,35.56,2.646097,8.379914
8,-0.3535534,-0.7071068,0.0,6,0.025,1,6.886222,229.699642,0.0807,9.66,2.643523,8.379582
8,-0.3535534,-0.7071068,0.0,6,0.025,2,8.438269,281.470352,0.1887,33.93,2.643523,8.379582
8,-0.3535534,-0.7071068,0.0,6,0.025,3,8.438269,281.470352,0.1887,33.92,2.643523,8.379582
8,-0.3535534,-0.7071068,0.0,6,0.03,1,6.886222,229.699642,0.0797,9.54,2.643829,8.37839
8,-0.3535534,-0.7071068,0.0,6,0.03,2,8.438269,281.470352,0.1815,32.62,2.643829,8.37839
8,-0.3535534,-0.7071068,0.0,6,0.03,3,8.438269,281.470352,0.1814,32.62,2.643829,8.37839
8,-0.3535534,-0.7071068,0.0,6,0.035,1,6.886222,229.699642,0.0786,9.42,2.645823,8.376691
8,-0.3535534,-0.7071068,0.0,6,0.035,2,8.438269,281.470352,0.1763,31.71,2.645823,8.376691
8,-0.3535534,-0.7071068,0.0,6,0.035,3,8.438269,281.470352,0.1763,31.71,2.645823,8.376691
8,-0.3535534,-0.7071068,0.0,6,0.04,1,6.886222,229.699642,0.0778,9.34,2.648339,8.374776
8,-0.3535534,-0.7071068,0.0,6,0.04,2,8.438269,281.470352,0.1727,31.1,2.648339,8.374776
8,-0.3535534,-0.7071068,0.0,6,0.04,3,8.438269,281.470352,0.1727,31.1,2.648339,8.374776
8,-0.3535534,-0.7071068,0.0,6,0.045,1,6.886222,229.699642,0.0773,9.28,2.650827,8.372817
8,-0.3535534,-0.7071068,0.0,6,0.045,2,8.438269,281.470352,0.1703,30.69,2.650827,8.372817
8,-0.3535534,-0.7071068,0.0,6,0.045,3,8.438269,281.470352,0.1703,30.69,2.650827,8.372817
8,-0.3535534,-0.7071068,0.0,6,0.05,1,6.886222,229.699642,0.077,9.24,2.653067,8.370889
8,-0.3535534,-0.7071068,0.0,6,0.05,2,8.438269,281.470352,0.1685,30.39,2.653067,8.370889
8,-0.3535534,-0.7071068,0.0,6,0.05,3,8.438269,281.470352,0.1684,30.39,2.653067,8.370889
