grid,k_index,axis,neighbor_index,G1,G2,G3,min_singular,max_singular,abs_determinant
4,1,2,5,0,0,0,0.7435865367367794,0.9980219974951515,0.5768448803099036
4,1,1,17,0,0,0,0.7435902949043789,0.9980220187115206,0.5768483838069663
4,2,2,6,0,0,0,0.6668978281917214,0.9984305638345276,0.578327741405975
4,2,1,18,0,0,0,0.6669004252092067,0.9984306447831016,0.5783304647607618
4,3,2,7,0,0,0,0.7915554646418987,0.9976792368635411,0.6942250751251279
4,3,1,19,0,0,0,0.7915616241477866,0.9976793135417603,0.6942297319163266
4,4,2,8,0,0,0,0.8201446626646627,0.9980442678597674,0.6774202346040932
4,4,1,20,0,0,0,0.8201448597199689,0.9980442556873811,0.6774213198797849
4,5,2,9,0,0,0,0.9756039700807643,0.9976280138033652,0.939918873998743
4,5,1,21,0,0,0,0.6668967225520925,0.9984305800255666,0.5783267205036059
4,6,2,10,0,0,0,0.8052192229218261,0.9983140435337604,0.7870095119726892
4,6,1,22,0,0,0,0.6669003137203551,0.9984305828112998,0.5783301180036825
4,7,2,11,0,0,0,0.817642397574028,0.9981644350223714,0.7986909472825835
4,7,1,23,0,0,0,0.7590134927190896,0.9983223845160878,0.6868651318357666
4,8,2,12,0,0,0,0.9793301165826951,0.9975448738823212,0.9545067307326996
4,8,1,24,0,0,0,0.759013890944243,0.9983223921088776,0.6868660618449776
4,9,2,13,0,0,0,0.9756040368720135,0.9976279331385548,0.9399188956709262
4,9,1,25,0,0,0,0.7915600838331023,0.9976792926609334,0.6942295021727088
4,10,2,14,0,0,0,0.9793299162702217,0.997544891744765,0.9545068739993811
4,10,1,26,0,0,0,0.7590121273739013,0.9983223669074294,0.6868643777162152
4,11,2,15,0,0,0,0.8176432048926144,0.9981644250038689,0.7986917325875866
4,11,1,27,0,0,0,0.8176412906175154,0.9981644350879156,0.7986898636923366
4,12,2,16,0,0,0,0.8052187449294976,0.9983140407892854,0.7870087803387508
4,12,1,28,0,0,0,0.8116360863609011,0.9981082579271435,0.7975200747564868
4,13,1,29,0,0,0,0.8201435746536648,0.9980442860355422,0.6774193832636968
4,13,2,1,0,1,0,0.7435886768567005,0.9980221031805974,0.5768477283801389
4,14,1,30,0,0,0,0.7590132093392522,0.9983223820026069,0.6868650999582337
4,14,2,2,0,1,0,0.8201451498282477,0.9980442864000642,0.677420555243227
4,15,1,31,0,0,0,0.811637297007115,0.9981082305852399,0.7975213079329336
4,15,2,3,0,1,0,0.7915609528596554,0.9976793149910871,0.6942301788342652
4,16,1,32,0,0,0,0.8052186414056123,0.9983140442421505,0.7870089814270034
4,16,2,4,0,1,0,0.6669007873406256,0.998430604605699,0.5783302824888389
4,17,2,21,0,0,0,0.6669013337461388,0.9984305917314574,0.5783320167324395
4,17,1,33,0,0,0,0.9756039830844132,0.9976280034918074,0.9399184886350419
4,18,2,22,0,0,0,0.6668984019787071,0.9984306510700022,0.578328403980134
4,18,1,34,0,0,0,0.8052168373004377,0.9983139981713856,0.7870066719115628
4,19,2,23,0,0,0,0.7590137921664268,0.9983223732562563,0.6868666278242119
4,19,1,35,0,0,0,0.8176437845387815,0.9981644056687513,0.798692202357419
4,20,2,24,0,0,0,0.7590123156212868,0.9983223803989871,0.6868646414088656
4,20,1,36,0,0,0,0.9793299238793992,0.9975448247985045,0.9545065388288365
4,21,2,25,0,0,0,0.8052157645553876,0.9983140401904542,0.7870060569008486
4,21,1,37,0,0,0,0.8052200689871772,0.9983140359022165,0.7870098086250902
4,22,2,26,0,0,0,0.8201454390533459,0.9980442647087842,0.6774210453116016
4,22,1,38,0,0,0,0.8201449841164011,0.9980442815247748,0.6774209293842648
4,23,2,27,0,0,0,0.7590128353504568,0.9983223736985842,0.6868648616236155
4,23,1,39,0,0,0,0.7590127911261872,0.9983223765394913,0.6868645268075304
4,24,2,28,0,0,0,0.8116383142339263,0.9981082572054103,0.7975222843127425
4,24,1,40,0,0,0,0.81163751203798,0.9981082602123512,0.7975215789617803
4,25,2,29,0,0,0,0.9793300578322502,0.9975448819597774,0.9545067993885423
4,25,1,41,0,0,0,0.8176412876032438,0.9981643925048531,0.7986896454719056
4,26,2,30,0,0,0,0.9793302116774031,0.9975448157691126,0.9545071430157697
4,26,1,42,0,0,0,0.7590139930015518,0.9983223645492253,0.6868661117918549
4,27,2,31,0,0,0,0.811637399219654,0.9981082476940487,0.7975214148585881
4,27,1,43,0,0,0,0.7915587178734363,0.997679310065754,0.6942273345437684
4,28,2,32,0,0,0,0.8116393168132936,0.9981082512407922,0.797523216250763
4,28,1,44,0,0,0,0.8116400153599058,0.9981082524525096,0.797523962530509
4,29,1,45,0,0,0,0.9793304221317055,0.997544880531574,0.9545072773013908
4,29,2,17,0,1,0,0.8201424279694707,0.9980442622282952,0.6774181967480677
4,30,1,46,0,0,0,0.811636687815395,0.9981082596647392,0.7975207187185355
4,30,2,18,0,1,0,0.8052188161415876,0.9983140031463608,0.7870087615250778
4,31,1,47,0,0,0,0.8116363363300898,0.9981082437925176,0.7975203068118076
4,31,2,19,0,1,0,0.8116371268531957,0.998108240134042,0.7975211641331887
4,32,1,48,0,0,0,0.9793303653665336,0.9975448110211006,0.9545069493874675
4,32,2,20,0,1,0,0.7590125094622516,0.9983223739965702,0.6868642685688682
4,33,2,37,0,0,0,0.7915613621259123,0.997679398684709,0.6942304115734791
4,33,1,49,0,0,0,0.9756041947224716,0.9976279726619448,0.9399190543898802
4,34,2,38,0,0,0,0.7590155999355465,0.9983223783907872,0.6868677865093361
4,34,1,50,0,0,0,0.9793307451430642,0.9975448725405012,0.954507641226511
4,35,2,39,0,0,0,0.8176439745541673,0.9981644121911994,0.798692417521389
4,35,1,51,0,0,0,0.817641518728658,0.9981644086980647,0.7986902790314306
4,36,2,40,0,0,0,0.8116358580476167,0.9981082575496921,0.7975199513893066
4,36,1,52,0,0,0,0.8052193267814625,0.9983140247497329,0.7870093485362253
4,37,2,41,0,0,0,0.8176427384831761,0.998164352472113,0.7986912427240019
4,37,1,53,0,0,0,0.9793311811860551,0.997544829463107,0.9545079984769499
4,38,2,42,0,0,0,0.7590132351841947,0.9983223650566013,0.686865013085887
4,38,1,54,0,0,0,0.9793300495044833,0.9975448260423897,0.9545062783956654
4,39,2,43,0,0,0,0.7915584960179531,0.9976793181283922,0.6942276167186819
4,39,1,55,0,0,0,0.8116392663055548,0.9981082568564625,0.7975233488234689
4,40,2,44,0,0,0,0.8116365418999348,0.9981082460026551,0.7975205728242739
4,40,1,56,0,0,0,0.8116389422474609,0.998108274567273,0.7975228223060652
4,41,2,45,0,0,0,0.8176419152302526,0.998164446024526,0.7986905693149217
4,41,1,57,0,0,0,0.8176426240549816,0.9981644577423704,0.7986913814885298
4,42,2,46,0,0,0,0.8116381098420777,0.9981082565674716,0.7975221379547861
4,42,1,58,0,0,0,0.8116380924558735,0.9981082557288758,0.7975220996629416
4,43,2,47,0,0,0,0.7915581131277482,0.9976792710418241,0.6942277687357409
4,43,1,59,0,0,0,0.7915579521551738,0.9976792697664832,0.6942276481206455
4,44,2,48,0,0,0,0.7590165641595201,0.9983223754686372,0.6868685503972445
4,44,1,60,0,0,0,0.7590134924954183,0.9983223892792072,0.6868647861822704
4,45,1,61,0,0,0,0.8052171289983484,0.9983140371767694,0.7870072707074354
4,45,2,33,0,1,0,0.7915563349801908,0.9976792241443374,0.6942264671612333
4,46,1,62,0,0,0,0.8116355949377331,0.9981082536605222,0.7975196188346501
4,46,2,34,0,1,0,0.8116361253745217,0.9981082402685083,0.797520146915029
4,47,1,63,0,0,0,0.7590157531082602,0.9983223845895873,0.6868682174562538
4,47,2,35,0,1,0,0.8176404833885123,0.9981644142249628,0.798689032392106
4,48,1,64,0,0,0,0.8201458779240012,0.9980442732600416,0.6774211170455832
4,48,2,36,0,1,0,0.7590129704624575,0.9983223717245076,0.6868653551544166
4,49,2,53,0,0,0,0.8201448135719899,0.9980442921506377,0.6774204177695162
4,49,1,1,1,0,0,0.743585502587771,0.9980220855927304,0.5768445103517102
4,50,2,54,0,0,0,0.7590128009714994,0.998322375937424,0.6868650508667481
4,50,1,2,1,0,0,0.8201442302068286,0.9980442880190623,0.6774197051578024
4,51,2,55,0,0,0,0.8116368594230031,0.9981082451909647,0.7975208831110379
4,51,1,3,1,0,0,0.7915551529752203,0.9976792775199739,0.6942252277362868
4,52,2,56,0,0,0,0.8052189021741367,0.9983140192304852,0.7870090264527488
4,52,1,4,1,0,0,0.6668990978874064,0.9984306376683814,0.5783287293963538
4,53,2,57,0,0,0,0.9793301562984641,0.9975448357975917,0.9545068548881199
4,53,1,5,1,0,0,0.8201466934838508,0.9980442729999189,0.6774215005116582
4,54,2,58,0,0,0,0.8116367786197657,0.9981082553461782,0.7975207834338233
4,54,1,6,1,0,0,0.8052180757316066,0.9983140491818949,0.7870084275878589
4,55,2,59,0,0,0,0.8116367570410414,0.9981082510273065,0.7975208515967348
4,55,1,7,1,0,0,0.8116375238826419,0.9981082503686812,0.7975215231272247
4,56,2,60,0,0,0,0.9793301139363866,0.9975449071339735,0.954506715352195
4,56,1,8,1,0,0,0.7590124512000341,0.9983223794137343,0.686863825735565
4,57,2,61,0,0,0,0.8052195277763156,0.998314039367851,0.7870097444264894
4,57,1,9,1,0,0,0.7915562343587451,0.9976792889547321,0.6942257853667898
4,58,2,62,0,0,0,0.8116412088808619,0.9981082565911416,0.7975251113660149
4,58,1,10,1,0,0,0.8116386196060146,0.9981082558280319,0.7975224625307364
4,59,2,63,0,0,0,0.7590122959886706,0.9983223866547666,0.686864262927917
4,59,1,11,1,0,0,0.817643648488555,0.9981644260300614,0.7986920660877824
4,60,2,64,0,0,0,0.8201429019655515,0.9980442492970025,0.6774190010003845
4,60,1,12,1,0,0,0.759013964770142,0.9983223754808367,0.6868661183591012
4,61,1,13,1,0,0,0.6669007018898913,0.9984305668141209,0.578330822671779
4,61,2,49,0,1,0,0.6668989318607181,0.9984305587342704,0.5783287110521623
4,62,1,14,1,0,0,0.7590165619961587,0.9983223863867488,0.6868686732798105
4,62,2,50,0,1,0,0.7590130287474173,0.9983223866368542,0.686864186166805
4,63,1,15,1,0,0,0.7590125982134337,0.9983223802117542,0.6868643436724812
4,63,2,51,0,1,0,0.7590155119423913,0.9983223819557792,0.6868676936863839
4,64,1,16,1,0,0,0.6668970480217817,0.9984305806938383,0.5783275998801127
4,64,2,52,0,1,0,0.6668991230293675,0.998430618706571,0.5783296277696108
