distance_Ainv,E1_eV,E2_eV,E3_eV,E4_eV,E1_minus_VBM_eV,E2_minus_VBM_eV,E3_minus_VBM_eV,E4_minus_VBM_eV
0.000000000000000000e+00,-5.699221900000000396e+00,6.386039199999999916e+00,6.386039199999999916e+00,6.386039199999999916e+00,-1.208526114338431690e+01,-4.338431658368335775e-08,-4.338431658368335775e-08,-4.338431658368335775e-08
1.455085700000000037e-02,-5.698586099999999988e+00,6.382482699999999731e+00,6.383644300000000271e+00,6.383645500000000084e+00,-1.208462534338431738e+01,-3.556543384316768197e-03,-2.394943384316228219e-03,-2.393743384316415757e-03
2.910171400000000075e-02,-5.696677000000000213e+00,6.371827200000000246e+00,6.376476600000000161e+00,6.376479100000000066e+00,-1.208271624338431671e+01,-1.421204338431625303e-02,-9.562643384316338313e-03,-9.560143384316432957e-03
4.365257200000000060e-02,-5.693489600000000372e+00,6.354116999999999571e+00,6.364582300000000359e+00,6.364586300000000030e+00,-1.207952884338431687e+01,-3.192224338431692843e-02,-2.145694338431614057e-02,-2.145294338431646963e-02
5.820342900000000097e-02,-5.689015500000000003e+00,6.329425099999999915e+00,6.348037599999999614e+00,6.348043200000000219e+00,-1.207505474338431739e+01,-5.661414338431658422e-02,-3.800164338431688549e-02,-3.799604338431628037e-02
7.275428600000000134e-02,-5.683243400000000278e+00,6.297853100000000204e+00,6.326947900000000402e+00,6.326955100000000165e+00,-1.206928264338431589e+01,-8.818614338431629562e-02,-5.909134338431609734e-02,-5.908414338431633439e-02
8.730514300000000172e-02,-5.676159300000000130e+00,6.259529399999999910e+00,6.301446099999999717e+00,6.301454900000000414e+00,-1.206219854338431574e+01,-1.265098433843165893e-01,-8.459314338431678237e-02,-8.458434338431608523e-02
1.018560000000000021e-01,-5.667746600000000079e+00,6.214608799999999711e+00,6.271690800000000010e+00,6.271701099999999585e+00,-1.205378584338431658e+01,-1.714304433843167885e-01,-1.143484433843164894e-01,-1.143381433843169148e-01
1.164068600000000009e-01,-5.657987199999999994e+00,6.163270599999999710e+00,6.237864100000000356e+00,6.237875899999999696e+00,-1.204402644338431649e+01,-2.227686433843167890e-01,-1.481751433843161436e-01,-1.481633433843168035e-01
1.309577100000000049e-01,-5.646861200000000025e+00,6.105716900000000003e+00,6.200169500000000333e+00,6.200182700000000047e+00,-1.203290044338431741e+01,-2.803223433843164969e-01,-1.858697433843161662e-01,-1.858565433843164527e-01
1.455085700000000037e-01,-5.634347899999999854e+00,6.042170999999999736e+00,6.158829100000000167e+00,6.158843499999999693e+00,-1.202038714338431546e+01,-3.438682433843167630e-01,-2.272101433843163321e-01,-2.271957433843168062e-01
1.600594300000000025e-01,-5.620426400000000378e+00,5.972875499999999782e+00,6.114080999999999655e+00,6.114096299999999928e+00,-1.200646564338431688e+01,-4.131637433843167173e-01,-2.719582433843168445e-01,-2.719429433843165711e-01
1.746102900000000013e-01,-5.605075799999999830e+00,5.898090200000000394e+00,6.066175999999999569e+00,6.066192199999999701e+00,-1.199111504338431544e+01,-4.879490433843161057e-01,-3.198632433843169309e-01,-3.198470433843167982e-01
1.891611400000000054e-01,-5.588275799999999904e+00,5.818090100000000042e+00,6.015375500000000208e+00,6.015392199999999967e+00,-1.197431504338431552e+01,-5.679491433843164572e-01,-3.706637433843162910e-01,-3.706470433843165324e-01
2.037120000000000042e-01,-5.570007600000000281e+00,5.733163199999999904e+00,5.961948099999999862e+00,5.961965099999999573e+00,-1.195604684338431767e+01,-6.528760433843165956e-01,-4.240911433843166378e-01,-4.240741433843169261e-01
2.182628600000000030e-01,-5.550253699999999846e+00,5.643608500000000028e+00,5.906166999999999945e+00,5.906183900000000264e+00,-1.193629294338431635e+01,-7.424307433843164716e-01,-4.798722433843165547e-01,-4.798553433843162352e-01
2.328137200000000018e-01,-5.528998900000000383e+00,5.549733999999999945e+00,5.848307300000000097e+00,5.848323899999999576e+00,-1.191503814338431688e+01,-8.363052433843165545e-01,-5.377319433843164020e-01,-5.377153433843169239e-01
2.473645700000000058e-01,-5.506230600000000308e+00,5.451854499999999604e+00,5.788643500000000053e+00,5.788659499999999625e+00,-1.189226984338431592e+01,-9.341847433843168957e-01,-5.973957433843164466e-01,-5.973797433843168747e-01
2.619154300000000046e-01,-5.481938800000000001e+00,5.350289899999999932e+00,5.727447399999999966e+00,5.727462599999999959e+00,-1.186797804338431561e+01,-1.035749343384316568e+00,-6.585918433843165332e-01,-6.585766433843165402e-01
2.764662900000000034e-01,-5.456116599999999650e+00,5.245362799999999659e+00,5.664985800000000182e+00,5.664999800000000363e+00,-1.184215584338431526e+01,-1.140676443384316840e+00,-7.210534433843163171e-01,-7.210394433843161366e-01
2.910171400000000075e-01,-5.428760600000000380e+00,5.137396999999999991e+00,5.601518699999999740e+00,5.601531300000000435e+00,-1.181479984338431777e+01,-1.248642243384316508e+00,-7.845205433843167597e-01,-7.845079433843160643e-01
3.055680000000000063e-01,-5.399870499999999574e+00,5.026715799999999845e+00,5.537297500000000205e+00,5.537308600000000247e+00,-1.178590974338431607e+01,-1.359323443384316654e+00,-8.487417433843162939e-01,-8.487306433843162523e-01
3.201188600000000051e-01,-5.369449699999999659e+00,4.913639899999999727e+00,5.472564199999999879e+00,5.472573500000000202e+00,-1.175548894338431616e+01,-1.472399343384316772e+00,-9.134750433843166206e-01,-9.134657433843162977e-01
3.346697200000000039e-01,-5.337505000000000166e+00,4.798485900000000193e+00,5.407549399999999729e+00,5.407556800000000052e+00,-1.172354424338431755e+01,-1.587553343384316307e+00,-9.784898433843167709e-01,-9.784824433843164471e-01
3.492205700000000079e-01,-5.304046600000000389e+00,4.681564500000000351e+00,5.342472199999999560e+00,5.342477599999999605e+00,-1.169008584338431689e+01,-1.704474743384316149e+00,-1.043567043384316939e+00,-1.043561643384316895e+00
3.637714300000000067e-01,-5.269088100000000274e+00,4.563179100000000155e+00,5.277538800000000307e+00,5.277542200000000072e+00,-1.165512734338431677e+01,-1.822860143384316345e+00,-1.108500443384316192e+00,-1.108497043384316427e+00
3.783222900000000055e-01,-5.232646299999999862e+00,4.443624200000000357e+00,5.212942400000000198e+00,5.212943700000000291e+00,-1.161868554338431636e+01,-1.942415043384316142e+00,-1.173096843384316301e+00,-1.173095543384316208e+00
3.928731400000000096e-01,-5.194740999999999609e+00,4.323183499999999846e+00,5.148861799999999711e+00,5.148862399999999617e+00,-1.158078024338431611e+01,-2.062855743384316654e+00,-1.237177443384316788e+00,-1.237176843384316882e+00
4.074240000000000084e-01,-5.155395000000000394e+00,4.202128700000000272e+00,5.085462200000000266e+00,5.085464799999999563e+00,-1.154143424338431601e+01,-2.183910543384316227e+00,-1.300577043384316234e+00,-1.300574443384316936e+00
4.219748600000000072e-01,-5.114633300000000382e+00,4.080718100000000348e+00,5.022896799999999828e+00,5.022901100000000341e+00,-1.150067254338431688e+01,-2.305321143384316152e+00,-1.363142443384316671e+00,-1.363138143384316159e+00
4.365257200000000060e-01,-5.072483300000000028e+00,3.959194699999999845e+00,4.961303199999999691e+00,4.961309299999999922e+00,-1.145852254338431564e+01,-2.426844543384316655e+00,-1.424736043384316808e+00,-1.424729943384316577e+00
4.510765700000000100e-01,-5.028974500000000347e+00,3.837785100000000060e+00,4.900805400000000311e+00,4.900812900000000027e+00,-1.141501374338431773e+01,-2.548254143384316439e+00,-1.485233843384316188e+00,-1.485226343384316472e+00
4.656274300000000088e-01,-4.984137900000000343e+00,3.716698099999999894e+00,4.841512999999999955e+00,4.841521799999999764e+00,-1.137017714338431773e+01,-2.669341143384316606e+00,-1.544526243384316544e+00,-1.544517443384316735e+00
4.801782900000000076e-01,-4.938005800000000001e+00,3.596123400000000192e+00,4.783522200000000169e+00,4.783531899999999837e+00,-1.132404504338431650e+01,-2.789915843384316307e+00,-1.602517043384316331e+00,-1.602507343384316663e+00
4.947291400000000117e-01,-4.890611299999999773e+00,3.476230699999999896e+00,4.726915199999999651e+00,4.726925800000000066e+00,-1.127665054338431716e+01,-2.909808543384316604e+00,-1.659124043384316849e+00,-1.659113443384316433e+00
5.092799999999999550e-01,-4.841988200000000298e+00,3.357168199999999825e+00,4.671760899999999772e+00,4.671772100000000094e+00,-1.122802744338431680e+01,-3.028871043384316675e+00,-1.714278343384316727e+00,-1.714267143384316405e+00
5.238308600000000093e-01,-4.792170500000000111e+00,3.239062000000000108e+00,4.618115200000000087e+00,4.618126799999999754e+00,-1.117820974338431661e+01,-3.146977243384316392e+00,-1.767924043384316413e+00,-1.767912443384316745e+00
5.383817199999999525e-01,-4.741191699999999898e+00,3.122015900000000066e+00,4.566020899999999827e+00,4.566032599999999775e+00,-1.112723094338431551e+01,-3.264023343384316433e+00,-1.820018343384316672e+00,-1.820006643384316725e+00
5.529325699999999566e-01,-4.689084600000000158e+00,3.006110200000000177e+00,4.515508099999999914e+00,4.515519799999999861e+00,-1.107512384338431666e+01,-3.379929043384316323e+00,-1.870531143384316586e+00,-1.870519443384316638e+00
5.674834300000000109e-01,-4.635881200000000035e+00,2.891401999999999806e+00,4.466595100000000151e+00,4.466606600000000427e+00,-1.102192044338431742e+01,-3.494637243384316694e+00,-1.919444143384316348e+00,-1.919432643384316073e+00
5.820342899999999542e-01,-4.581611599999999562e+00,2.777925399999999989e+00,4.419288200000000444e+00,4.419299299999999597e+00,-1.096765084338431606e+01,-3.608113843384316510e+00,-1.966751043384316056e+00,-1.966739943384316902e+00
5.965851500000000085e-01,-4.526303900000000269e+00,2.665691600000000161e+00,4.373582700000000045e+00,4.373593399999999853e+00,-1.091234314338431588e+01,-3.720347643384316338e+00,-2.012456543384316454e+00,-2.012445843384316646e+00
6.111360000000000126e-01,-4.469984099999999572e+00,2.554689699999999952e+00,4.329463500000000131e+00,4.329473700000000314e+00,-1.085602334338431518e+01,-3.831349543384316547e+00,-2.056575743384316368e+00,-2.056565543384316186e+00
6.256868599999999558e-01,-4.412675000000000125e+00,2.444888000000000172e+00,4.286905700000000152e+00,4.286915300000000428e+00,-1.079871424338431751e+01,-3.941151243384316327e+00,-2.099133543384316347e+00,-2.099123943384316071e+00
6.402377200000000101e-01,-4.354396300000000330e+00,2.336234800000000167e+00,4.245875500000000358e+00,4.245884499999999839e+00,-1.074043554338431683e+01,-4.049804443384315888e+00,-2.140163743384316142e+00,-2.140154743384316660e+00
6.547885700000000142e-01,-4.295163900000000368e+00,2.228660500000000155e+00,4.206331300000000439e+00,4.206339700000000015e+00,-1.068120314338431598e+01,-4.157378743384316344e+00,-2.179707943384316060e+00,-2.179699543384316485e+00
6.693394299999999575e-01,-4.234989800000000137e+00,2.122079199999999943e+00,4.168224600000000279e+00,4.168232200000000276e+00,-1.062102904338431664e+01,-4.263960043384316556e+00,-2.217814643384316220e+00,-2.217807043384316223e+00
6.838902900000000118e-01,-4.173881699999999917e+00,2.016390900000000208e+00,4.131501199999999763e+00,4.131508099999999573e+00,-1.055992094338431642e+01,-4.369648343384316291e+00,-2.254538043384316737e+00,-2.254531143384316927e+00
6.984411499999999551e-01,-4.111842600000000125e+00,1.911484100000000019e+00,4.096102600000000038e+00,4.096108599999999988e+00,-1.049788184338431662e+01,-4.474555143384316480e+00,-2.289936643384316461e+00,-2.289930643384316511e+00
7.129919999999999591e-01,-4.048870899999999828e+00,1.807237800000000005e+00,4.061967100000000386e+00,4.061972199999999589e+00,-1.043491014338431633e+01,-4.578801443384316272e+00,-2.324072143384316114e+00,-2.324067043384316911e+00
7.275428600000000134e-01,-3.984960000000000058e+00,1.703524800000000061e+00,4.029031400000000041e+00,4.029035499999999992e+00,-1.037099924338431656e+01,-4.682514443384316216e+00,-2.357007843384316459e+00,-2.357003743384316508e+00
7.420937199999999567e-01,-3.920098199999999977e+00,1.600214100000000084e+00,3.997231799999999780e+00,3.997234800000000199e+00,-1.030613744338431559e+01,-4.785825143384316860e+00,-2.388807443384316720e+00,-2.388804443384316301e+00
7.566445699999999608e-01,-3.854268900000000109e+00,1.497173300000000040e+00,3.966505800000000193e+00,3.966507599999999911e+00,-1.024030814338431661e+01,-4.888865943384316459e+00,-2.419533443384316307e+00,-2.419531643384316588e+00
7.711954300000000151e-01,-3.787450999999999901e+00,1.394272399999999967e+00,3.936793600000000115e+00,3.936794100000000185e+00,-1.017349024338431640e+01,-4.991766843384316310e+00,-2.449245643384316384e+00,-2.449245143384316314e+00
7.857462899999999584e-01,-3.719618200000000208e+00,1.291385100000000064e+00,3.908037900000000064e+00,3.908038900000000204e+00,-1.010565744338431671e+01,-5.094654143384316214e+00,-2.478001343384316435e+00,-2.478000343384316295e+00
8.002971500000000127e-01,-3.650740400000000108e+00,1.188392499999999963e+00,3.880188400000000204e+00,3.880190900000000109e+00,-1.003677964338431750e+01,-5.197646743384316537e+00,-2.505850843384316295e+00,-2.505848343384316390e+00
8.148480000000000167e-01,-3.580783100000000108e+00,1.085184600000000055e+00,3.853200699999999923e+00,3.853204900000000155e+00,-9.966822343384317051e+00,-5.300854643384316667e+00,-2.532838543384316576e+00,-2.532834343384316345e+00
8.293988599999999600e-01,-3.509708799999999851e+00,9.816628299999999863e-01,3.827037699999999987e+00,3.827043499999999820e+00,-9.895748043384315906e+00,-5.404376413384316180e+00,-2.559001543384316513e+00,-2.558995743384316679e+00
8.439497200000000143e-01,-3.437476699999999941e+00,8.777417499999999873e-01,3.801670200000000222e+00,3.801677699999999938e+00,-9.823515943384316884e+00,-5.508297493384316290e+00,-2.584369043384316278e+00,-2.584361543384316562e+00
8.585005700000000184e-01,-3.364043999999999812e+00,7.733505400000000307e-01,3.777077999999999935e+00,3.777087100000000142e+00,-9.750083243384317200e+00,-5.612688703384316469e+00,-2.608961243384316564e+00,-2.608952143384316358e+00
8.730514299999999617e-01,-3.289366400000000024e+00,6.684342599999999468e-01,3.753249900000000139e+00,3.753260699999999783e+00,-9.675405643384316079e+00,-5.717604983384316775e+00,-2.632789343384316361e+00,-2.632778543384316716e+00
8.876022900000000160e-01,-3.213398699999999941e+00,5.629546699999999904e-01,3.730184700000000131e+00,3.730196999999999985e+00,-9.599437943384316441e+00,-5.823084573384316620e+00,-2.655854543384316369e+00,-2.655842243384316514e+00
9.021531499999999593e-01,-3.136096000000000217e+00,4.568907600000000069e-01,3.707890499999999978e+00,3.707904099999999925e+00,-9.522135243384315828e+00,-5.929148483384316215e+00,-2.678148743384316521e+00,-2.678135143384316574e+00
9.167039999999999633e-01,-3.057414399999999866e+00,3.502389399999999986e-01,3.686384900000000187e+00,3.686399699999999946e+00,-9.443453643384316365e+00,-6.035800303384316834e+00,-2.699654343384316313e+00,-2.699639543384316553e+00
9.312548600000000176e-01,-2.977311700000000005e+00,2.430128400000000077e-01,3.665694300000000183e+00,3.665710100000000082e+00,-9.363350943384316949e+00,-6.143026403384316936e+00,-2.720344943384316316e+00,-2.720329143384316417e+00
9.458057199999999609e-01,-2.895748799999999790e+00,1.352428699999999873e-01,3.645853600000000139e+00,3.645870299999999897e+00,-9.281788043384317177e+00,-6.250796373384316595e+00,-2.740185643384316361e+00,-2.740168943384316602e+00
9.603565800000000152e-01,-2.812690299999999866e+00,2.697541599999999859e-02,3.626905300000000221e+00,3.626922400000000213e+00,-9.198729543384317253e+00,-6.359063827384316525e+00,-2.759133943384316279e+00,-2.759116843384316287e+00
9.749074300000000193e-01,-2.728105400000000014e+00,-8.172817699999999908e-02,3.608897999999999939e+00,3.608915399999999885e+00,-9.114144643384316069e+00,-6.467767420384316068e+00,-2.777141243384316560e+00,-2.777123843384316615e+00
9.894582899999999626e-01,-2.641969200000000129e+00,-1.907928899999999928e-01,3.591886000000000134e+00,3.591903299999999799e+00,-9.028008443384315740e+00,-6.576832133384316492e+00,-2.794153243384316365e+00,-2.794135943384316700e+00
1.004009099999999988e+00,-2.554262800000000055e+00,-3.001314999999999955e-01,3.575927500000000148e+00,3.575944499999999859e+00,-8.940302043384317443e+00,-6.686170743384316495e+00,-2.810111743384316352e+00,-2.810094743384316640e+00
1.018559999999999910e+00,-2.464974900000000080e+00,-4.096461699999999762e-01,3.561083399999999788e+00,3.561099800000000037e+00,-8.851014143384317023e+00,-6.795685413384316753e+00,-2.824955843384316712e+00,-2.824939443384316462e+00
1.033110900000000054e+00,-2.374102199999999829e+00,-5.192302100000000253e-01,3.547415599999999891e+00,3.547431099999999837e+00,-8.760141443384316773e+00,-6.905269453384316414e+00,-2.838623643384316608e+00,-2.838608143384316662e+00
1.047661699999999918e+00,-2.281649600000000166e+00,-6.287698999999999927e-01,3.534986099999999798e+00,3.535000500000000212e+00,-8.667688843384317110e+00,-7.014809143384316492e+00,-2.851053143384316702e+00,-2.851038743384316287e+00
1.062212600000000062e+00,-2.187631600000000009e+00,-7.381462800000000435e-01,3.523854899999999901e+00,3.523867899999999942e+00,-8.573670843384316953e+00,-7.124185523384316099e+00,-2.862184343384316598e+00,-2.862171343384316557e+00
1.076763399999999926e+00,-2.092072200000000048e+00,-8.472370700000000365e-01,3.514078700000000222e+00,3.514090100000000216e+00,-8.478111443384316104e+00,-7.233276313384316758e+00,-2.871960543384316278e+00,-2.871949143384316283e+00
1.091314300000000070e+00,-1.995005200000000034e+00,-9.559183999999999459e-01,3.505710099999999940e+00,3.505719800000000053e+00,-8.381044443384316978e+00,-7.341957643384316334e+00,-2.880329143384316559e+00,-2.880319443384316447e+00
1.105865099999999934e+00,-1.896474699999999958e+00,-1.064066600000000085e+00,3.498795499999999947e+00,3.498803300000000061e+00,-8.282513943384316235e+00,-7.450105843384316806e+00,-2.887243743384316552e+00,-2.887235943384316439e+00
1.120416000000000079e+00,-1.796534999999999993e+00,-1.171559999999999935e+00,3.493374699999999944e+00,3.493380600000000058e+00,-8.182574243384316048e+00,-7.557599243384316878e+00,-2.892664543384316556e+00,-2.892658643384316441e+00
1.134966900000000001e+00,-1.695250200000000040e+00,-1.278280000000000083e+00,3.489479600000000126e+00,3.489483499999999960e+00,-8.081289443384315874e+00,-7.664319243384316138e+00,-2.896559643384316374e+00,-2.896555743384316539e+00
1.149517700000000087e+00,-1.592694499999999902e+00,-1.384113099999999985e+00,3.487133599999999944e+00,3.487135499999999944e+00,-7.978733743384315957e+00,-7.770152343384316040e+00,-2.898905643384316555e+00,-2.898903743384316556e+00
1.164068600000000009e+00,-1.488951700000000100e+00,-1.488951499999999983e+00,3.486350799999999861e+00,3.486350799999999861e+00,-7.874990943384316822e+00,-7.874990743384316261e+00,-2.899688443384316638e+00,-2.899688443384316638e+00
1.178619400000000095e+00,-1.488735399999999931e+00,-1.488733400000000096e+00,3.484647999999999968e+00,3.484649199999999780e+00,-7.874774643384316875e+00,-7.874772643384316595e+00,-2.901391243384316532e+00,-2.901390043384316719e+00
1.193170300000000017e+00,-1.488086000000000020e+00,-1.488081999999999905e+00,3.479553199999999791e+00,3.479555400000000187e+00,-7.874125243384316519e+00,-7.874121243384315960e+00,-2.906486043384316709e+00,-2.906483843384316312e+00
1.207721100000000103e+00,-1.487004599999999899e+00,-1.486998700000000007e+00,3.471100999999999992e+00,3.471104200000000084e+00,-7.873043843384316176e+00,-7.873037943384316506e+00,-2.914938243384316507e+00,-2.914935043384316415e+00
1.222272000000000025e+00,-1.485493500000000022e+00,-1.485485799999999967e+00,3.459348900000000171e+00,3.459353000000000122e+00,-7.871532743384316078e+00,-7.871525043384316689e+00,-2.926690343384316328e+00,-2.926686243384316377e+00
1.236822899999999947e+00,-1.483555699999999922e+00,-1.483546400000000043e+00,3.444376600000000010e+00,3.444381400000000149e+00,-7.869594943384316643e+00,-7.869585643384316320e+00,-2.941662643384316489e+00,-2.941657843384316351e+00
1.251373700000000033e+00,-1.481195700000000004e+00,-1.481184899999999915e+00,3.426285000000000025e+00,3.426290400000000069e+00,-7.867234943384316281e+00,-7.867224143384316193e+00,-2.959754243384316474e+00,-2.959748843384316430e+00
1.265924599999999955e+00,-1.478418900000000091e+00,-1.478406799999999910e+00,3.405195099999999808e+00,3.405200999999999922e+00,-7.864458143384316813e+00,-7.864446043384316631e+00,-2.980844143384316691e+00,-2.980838243384316577e+00
1.280475400000000041e+00,-1.475232199999999994e+00,-1.475219099999999894e+00,3.381247300000000067e+00,3.381253699999999807e+00,-7.861271443384316271e+00,-7.861258343384315950e+00,-3.004791943384316433e+00,-3.004785543384316693e+00
1.295026299999999964e+00,-1.471643999999999952e+00,-1.471629999999999994e+00,3.354599499999999956e+00,3.354606200000000094e+00,-7.857683243384316896e+00,-7.857669243384316715e+00,-3.031439743384316543e+00,-3.031433043384316406e+00
1.309577100000000049e+00,-1.467664199999999974e+00,-1.467649699999999946e+00,3.325425899999999935e+00,3.325432999999999861e+00,-7.853703443384316252e+00,-7.853688943384316445e+00,-3.060613343384316565e+00,-3.060606243384316638e+00
1.324127999999999972e+00,-1.463304900000000019e+00,-1.463289999999999980e+00,3.293915600000000055e+00,3.293922799999999818e+00,-7.849344143384316297e+00,-7.849329243384316257e+00,-3.092123643384316445e+00,-3.092116443384316682e+00
1.338678899999999894e+00,-1.458579999999999988e+00,-1.458564900000000053e+00,3.260270600000000130e+00,3.260278000000000009e+00,-7.844619243384316931e+00,-7.844604143384316330e+00,-3.125768643384316370e+00,-3.125761243384316490e+00
1.353229699999999980e+00,-1.453505499999999895e+00,-1.453490600000000077e+00,3.224704599999999921e+00,3.224711899999999964e+00,-7.839544743384315950e+00,-7.839529843384316798e+00,-3.161334643384316578e+00,-3.161327343384316535e+00
1.367780599999999902e+00,-1.448099999999999943e+00,-1.448085400000000078e+00,3.187441000000000191e+00,3.187448299999999790e+00,-7.834139243384316664e+00,-7.834124643384316578e+00,-3.198598243384316309e+00,-3.198590943384316709e+00
1.382331399999999988e+00,-1.442384499999999958e+00,-1.442370399999999941e+00,3.148711699999999780e+00,3.148718899999999987e+00,-7.828423743384316680e+00,-7.828409643384316219e+00,-3.237327543384316719e+00,-3.237320343384316512e+00
1.396882299999999910e+00,-1.436382700000000012e+00,-1.436369199999999902e+00,3.108755599999999841e+00,3.108762500000000095e+00,-7.822421943384316734e+00,-7.822408443384316179e+00,-3.277283643384316658e+00,-3.277276743384316404e+00
1.411433099999999996e+00,-1.430120800000000081e+00,-1.430108300000000110e+00,3.067816600000000005e+00,3.067823100000000025e+00,-7.816160043384316580e+00,-7.816147543384316165e+00,-3.318222643384316495e+00,-3.318216143384316474e+00
1.425983999999999918e+00,-1.423628300000000069e+00,-1.423616800000000016e+00,3.026142899999999969e+00,3.026149000000000200e+00,-7.809667543384316346e+00,-7.809656043384316959e+00,-3.359896343384316530e+00,-3.359890243384316300e+00
1.440534900000000063e+00,-1.416937200000000008e+00,-1.416926799999999931e+00,2.983985399999999899e+00,2.983991000000000060e+00,-7.802976443384316951e+00,-7.802966043384316208e+00,-3.402053843384316600e+00,-3.402048243384316439e+00
1.455085699999999926e+00,-1.410082700000000022e+00,-1.410073499999999980e+00,2.941596399999999889e+00,2.941601400000000144e+00,-7.796121943384316744e+00,-7.796112743384316701e+00,-3.444442843384316610e+00,-3.444437843384316356e+00
1.469636600000000071e+00,-1.403102700000000036e+00,-1.403094800000000086e+00,2.899228499999999986e+00,2.899232899999999891e+00,-7.789141943384316313e+00,-7.789134043384316364e+00,-3.486810743384316513e+00,-3.486806343384316609e+00
1.484187399999999935e+00,-1.396038200000000007e+00,-1.396031699999999987e+00,2.857133800000000168e+00,2.857137499999999886e+00,-7.782077443384316950e+00,-7.782070943384316486e+00,-3.528905443384316332e+00,-3.528901743384316614e+00
1.498738300000000079e+00,-1.388932800000000078e+00,-1.388927599999999929e+00,2.815562400000000132e+00,2.815565299999999826e+00,-7.774972043384316578e+00,-7.774966843384316206e+00,-3.570476843384316368e+00,-3.570473943384316673e+00
1.513289099999999943e+00,-1.381832799999999972e+00,-1.381828999999999974e+00,2.774761600000000161e+00,2.774763800000000113e+00,-7.767872043384316250e+00,-7.767868243384316251e+00,-3.611277643384316338e+00,-3.611275443384316386e+00
1.527840000000000087e+00,-1.374786599999999970e+00,-1.374784299999999959e+00,2.734974900000000098e+00,2.734976300000000027e+00,-7.760825843384316691e+00,-7.760823543384316459e+00,-3.651064343384316402e+00,-3.651062943384316473e+00
1.542390900000000009e+00,-1.367845200000000094e+00,-1.367844199999999955e+00,2.696440799999999971e+00,2.696441399999999877e+00,-7.753884443384317038e+00,-7.753883443384316010e+00,-3.689598443384316528e+00,-3.689597843384316622e+00
1.556941700000000095e+00,-1.361061199999999971e+00,-1.361060699999999901e+00,2.659391499999999908e+00,2.659391799999999861e+00,-7.747100443384316470e+00,-7.747099943384316845e+00,-3.726647743384316591e+00,-3.726647443384316638e+00
1.571492600000000017e+00,-1.354488799999999937e+00,-1.354486899999999938e+00,2.624052100000000110e+00,2.624053099999999805e+00,-7.740528043384315993e+00,-7.740526143384316882e+00,-3.761987143384316390e+00,-3.761986143384316694e+00
1.586043400000000103e+00,-1.348181300000000027e+00,-1.348178199999999993e+00,2.590640000000000054e+00,2.590641699999999936e+00,-7.734220543384316748e+00,-7.734217443384316937e+00,-3.795399243384316446e+00,-3.795397543384316563e+00
1.600594300000000025e+00,-1.342193299999999923e+00,-1.342188799999999960e+00,2.559362399999999926e+00,2.559364799999999995e+00,-7.728232543384316422e+00,-7.728228043384316237e+00,-3.826676843384316573e+00,-3.826674443384316504e+00
1.615145099999999889e+00,-1.336578400000000055e+00,-1.336572700000000058e+00,2.530415300000000034e+00,2.530418300000000009e+00,-7.722617643384316111e+00,-7.722611943384317001e+00,-3.855623943384316465e+00,-3.855620943384316490e+00
1.629696000000000033e+00,-1.331389099999999992e+00,-1.331382099999999902e+00,2.503982300000000105e+00,2.503985999999999823e+00,-7.717428343384316491e+00,-7.717421343384316401e+00,-3.882056943384316394e+00,-3.882053243384316676e+00
1.644246899999999956e+00,-1.326675400000000060e+00,-1.326667199999999935e+00,2.480233000000000132e+00,2.480237300000000200e+00,-7.712714643384316560e+00,-7.712706443384316657e+00,-3.905806243384316367e+00,-3.905801943384316299e+00
1.658797700000000042e+00,-1.322484299999999946e+00,-1.322475000000000067e+00,2.459321599999999997e+00,2.459326400000000135e+00,-7.708523543384316667e+00,-7.708514243384316345e+00,-3.926717643384316503e+00,-3.926712843384316365e+00
1.673348599999999964e+00,-1.318858899999999945e+00,-1.318848599999999927e+00,2.441385100000000197e+00,2.441390499999999797e+00,-7.704898143384316000e+00,-7.704887843384316426e+00,-3.944654143384316303e+00,-3.944648743384316703e+00
1.687899400000000050e+00,-1.315837300000000099e+00,-1.315826099999999999e+00,2.426542400000000210e+00,2.426548400000000161e+00,-7.701876543384316598e+00,-7.701865343384316276e+00,-3.959496843384316289e+00,-3.959490843384316339e+00
1.702450299999999972e+00,-1.313452000000000064e+00,-1.313439999999999941e+00,2.414892800000000062e+00,2.414899399999999918e+00,-7.699491243384316341e+00,-7.699479243384316440e+00,-3.971146443384316438e+00,-3.971139843384316581e+00
1.717001100000000058e+00,-1.311728999999999923e+00,-1.311716399999999894e+00,2.406514599999999948e+00,2.406521899999999992e+00,-7.697768243384316200e+00,-7.697755643384316393e+00,-3.979524643384316551e+00,-3.979517343384316508e+00
1.731551999999999980e+00,-1.310687500000000005e+00,-1.310674399999999906e+00,2.401464700000000008e+00,2.401472599999999957e+00,-7.696726743384316727e+00,-7.696713643384316406e+00,-3.984574543384316492e+00,-3.984566643384316542e+00
1.746102899999999902e+00,-1.310339099999999979e+00,-1.310325600000000090e+00,2.399777299999999780e+00,2.399785800000000080e+00,-7.696378343384316700e+00,-7.696364843384316146e+00,-3.986261943384316719e+00,-3.986253443384316419e+00
1.760543600000000097e+00,-1.370189600000000008e+00,-1.250958199999999909e+00,2.359134899999999924e+00,2.443539499999999975e+00,-7.756228843384316285e+00,-7.636997443384316853e+00,-4.026904343384316576e+00,-3.942499743384316524e+00
1.774984300000000070e+00,-1.430309199999999947e+00,-1.192299299999999951e+00,2.321746599999999994e+00,2.490257399999999954e+00,-7.816348443384316447e+00,-7.578338543384316672e+00,-4.064292643384316506e+00,-3.895781843384316545e+00
1.789425000000000043e+00,-1.490494900000000067e+00,-1.134587699999999977e+00,2.287767899999999965e+00,2.539773499999999906e+00,-7.876534143384316344e+00,-7.520626943384316476e+00,-4.098271343384316978e+00,-3.846265743384316593e+00
1.803865700000000016e+00,-1.550561700000000043e+00,-1.078066200000000086e+00,2.257342500000000030e+00,2.591926099999999789e+00,-7.936600943384316764e+00,-7.464105443384316807e+00,-4.128696743384316470e+00,-3.794113143384316711e+00
1.818306399999999989e+00,-1.610342799999999963e+00,-1.022979800000000106e+00,2.230610099999999818e+00,2.646549999999999958e+00,-7.996382043384316241e+00,-7.409019043384316383e+00,-4.155429143384316681e+00,-3.739489243384316541e+00
1.832747200000000021e+00,-1.669689600000000107e+00,-9.695714600000000516e-01,2.207706200000000063e+00,2.703476400000000002e+00,-8.055728843384317273e+00,-7.355610703384316551e+00,-4.178333043384316881e+00,-3.682562843384316498e+00
1.847187899999999994e+00,-1.728472800000000031e+00,-9.180782299999999951e-01,2.188760999999999957e+00,2.762532999999999905e+00,-8.114512043384316087e+00,-7.304117473384316384e+00,-4.197278243384316099e+00,-3.623506243384316594e+00
1.861628599999999967e+00,-1.786581600000000103e+00,-8.687263400000000413e-01,2.173899200000000143e+00,2.823544300000000007e+00,-8.172620843384317268e+00,-7.254765583384316763e+00,-4.212140043384316357e+00,-3.562494943384316493e+00
1.876069299999999940e+00,-1.843923999999999896e+00,-8.217270300000000249e-01,2.163238799999999795e+00,2.886331999999999898e+00,-8.229963243384316840e+00,-7.207766273384316413e+00,-4.222800443384317148e+00,-3.499707243384316602e+00
1.890509999999999913e+00,-1.900425500000000101e+00,-7.772721900000000295e-01,2.156890399999999985e+00,2.950714899999999918e+00,-8.286464743384316378e+00,-7.163311433384316196e+00,-4.229148843384316514e+00,-3.435324343384316581e+00
1.904950700000000108e+00,-1.956028000000000100e+00,-7.355303699999999889e-01,2.154955800000000199e+00,3.016509899999999966e+00,-8.342067243384317266e+00,-7.121569613384316710e+00,-4.231083443384315856e+00,-3.369529343384316533e+00
1.919391400000000081e+00,-2.010688399999999820e+00,-6.966433400000000553e-01,2.157527799999999996e+00,3.083532500000000010e+00,-8.396727643384316764e+00,-7.082682583384316999e+00,-4.228511443384316948e+00,-3.302506743384316490e+00
1.933832199999999890e+00,-2.064376699999999953e+00,-6.607232899999999631e-01,2.164689000000000085e+00,3.151597300000000157e+00,-8.450415943384316009e+00,-7.046762533384316463e+00,-4.221350243384316414e+00,-3.234441943384316343e+00
1.948272900000000085e+00,-2.117074600000000029e+00,-6.278508099999999814e-01,2.176511399999999874e+00,3.220519200000000026e+00,-8.503113843384316084e+00,-7.013890053384316481e+00,-4.209527843384316625e+00,-3.165520043384316473e+00
1.962713600000000058e+00,-2.168772999999999840e+00,-5.980738599999999572e-01,2.193055999999999894e+00,3.290113700000000030e+00,-8.554812243384315451e+00,-6.984113103384316901e+00,-4.192983243384317049e+00,-3.095925543384316470e+00
1.977154300000000031e+00,-2.219470700000000019e+00,-5.714076599999999839e-01,2.214373099999999983e+00,3.360198299999999971e+00,-8.605509943384316074e+00,-6.957446903384316705e+00,-4.171666143384316072e+00,-3.025840943384316528e+00
1.991595000000000004e+00,-2.269171699999999792e+00,-5.478355299999999595e-01,2.240502000000000216e+00,3.430593000000000004e+00,-8.655210943384316735e+00,-6.933874773384316015e+00,-4.145537243384316284e+00,-2.955446243384316496e+00
2.006035699999999977e+00,-2.317883699999999880e+00,-5.273106400000000527e-01,2.271471700000000205e+00,3.501121700000000114e+00,-8.703922943384316824e+00,-6.913349883384316996e+00,-4.114567543384316295e+00,-2.884917543384316385e+00
2.020476500000000009e+00,-2.365616300000000116e+00,-5.097584600000000243e-01,2.307300699999999871e+00,3.571612399999999798e+00,-8.751655543384316616e+00,-6.895797703384316080e+00,-4.078738543384316628e+00,-2.814426843384316701e+00
2.034917200000000204e+00,-2.412379099999999887e+00,-4.950798599999999827e-01,2.347997400000000123e+00,3.641898600000000208e+00,-8.798418343384316387e+00,-6.881119103384316205e+00,-4.038041843384316820e+00,-2.744140643384316292e+00
2.049357899999999955e+00,-2.458180299999999985e+00,-4.831545099999999815e-01,2.393559799999999793e+00,3.711819600000000108e+00,-8.844219543384316040e+00,-6.869193753384316814e+00,-3.992479443384316706e+00,-2.674219643384316392e+00
2.063798600000000150e+00,-2.503025800000000078e+00,-4.738444900000000071e-01,2.443974499999999939e+00,3.781221700000000130e+00,-8.889065043384317022e+00,-6.859883733384316784e+00,-3.942064743384316561e+00,-2.604817543384316370e+00
2.078239299999999901e+00,-2.546917399999999887e+00,-4.669978699999999816e-01,2.499215799999999987e+00,3.849957999999999991e+00,-8.932956643384315498e+00,-6.853037113384316648e+00,-3.886823443384316512e+00,-2.536081243384316508e+00
2.092680000000000096e+00,-2.589852899999999902e+00,-4.624522200000000249e-01,2.559243400000000168e+00,3.917889300000000130e+00,-8.975892143384315958e+00,-6.848491463384316802e+00,-3.826795843384316331e+00,-2.468149943384316369e+00
2.107120800000000127e+00,-2.631824799999999964e+00,-4.600377900000000020e-01,2.624000300000000063e+00,3.984884500000000163e+00,-9.017864043384316020e+00,-6.846077033384316834e+00,-3.762038943384316436e+00,-2.401154743384316337e+00
2.121561499999999878e+00,-2.672820699999999938e+00,-4.595804099999999948e-01,2.693409599999999848e+00,4.050820200000000426e+00,-9.058859943384316438e+00,-6.845619653384316550e+00,-3.692629643384316651e+00,-2.335219043384316073e+00
2.136002200000000073e+00,-2.712822500000000137e+00,-4.609039899999999856e-01,2.767371199999999920e+00,4.115581200000000273e+00,-9.098861743384317080e+00,-6.846943233384316763e+00,-3.618668043384316579e+00,-2.270458043384316227e+00
2.150442899999999824e+00,-2.751807599999999798e+00,-4.638327099999999814e-01,2.845757700000000057e+00,4.179060400000000008e+00,-9.137846843384316742e+00,-6.849871953384316647e+00,-3.540281543384316443e+00,-2.206978843384316491e+00
2.164883600000000019e+00,-2.789748299999999848e+00,-4.681928799999999780e-01,2.928411099999999934e+00,4.241158099999999820e+00,-9.175787543384316791e+00,-6.854232123384316644e+00,-3.457628143384316566e+00,-2.144881143384316680e+00
2.179324300000000214e+00,-2.826613200000000159e+00,-4.738143599999999900e-01,3.015138700000000060e+00,4.301782499999999843e+00,-9.212652443384316214e+00,-6.859853603384316045e+00,-3.370900543384316439e+00,-2.084256743384316657e+00
2.193764999999999965e+00,-2.862367499999999954e+00,-4.805318800000000223e-01,3.105709200000000170e+00,4.360848299999999789e+00,-9.248406743384316897e+00,-6.866571123384316522e+00,-3.280330043384316330e+00,-2.025190943384316711e+00
2.208205799999999996e+00,-2.896974199999999833e+00,-4.881859399999999849e-01,3.199850300000000036e+00,4.418277200000000349e+00,-9.283013443384316332e+00,-6.874225183384316651e+00,-3.186188943384316463e+00,-1.967762043384316151e+00
2.222646500000000191e+00,-2.930394600000000072e+00,-4.966236199999999879e-01,3.297245499999999829e+00,4.473996800000000107e+00,-9.316433843384317015e+00,-6.882662863384316765e+00,-3.088793743384316670e+00,-1.912042443384316392e+00
2.237087199999999942e+00,-2.962590000000000057e+00,-5.056991400000000469e-01,3.397532200000000113e+00,4.527940100000000356e+00,-9.348629243384316112e+00,-6.891738383384316435e+00,-2.988507043384316386e+00,-1.858099143384316143e+00
2.251527900000000137e+00,-2.993522000000000016e+00,-5.152742599999999840e-01,3.500300800000000212e+00,4.580045000000000144e+00,-9.379561243384316072e+00,-6.901313503384316483e+00,-2.885738443384316287e+00,-1.805994243384316356e+00
2.265968599999999888e+00,-3.023154100000000177e+00,-5.252185999999999799e-01,3.605094600000000149e+00,4.630253899999999589e+00,-9.409193343384316677e+00,-6.911257843384316146e+00,-2.780944643384316350e+00,-1.755785343384316910e+00
2.280409300000000083e+00,-3.051452199999999948e+00,-5.354097599999999568e-01,3.711410199999999993e+00,4.678512900000000307e+00,-9.437491443384317336e+00,-6.921449003384316789e+00,-2.674629043384316507e+00,-1.707526343384316192e+00
2.294850100000000115e+00,-3.078385599999999833e+00,-5.457334000000000351e-01,3.818699699999999808e+00,4.724771299999999563e+00,-9.464424843384316333e+00,-6.931772643384316979e+00,-2.567339543384316691e+00,-1.661267943384316936e+00
2.309290799999999866e+00,-3.103927699999999845e+00,-5.560832100000000500e-01,3.926373700000000078e+00,4.768981100000000417e+00,-9.489966943384317233e+00,-6.942122453384316216e+00,-2.459665543384316422e+00,-1.617058143384316082e+00
2.323731500000000061e+00,-3.128056400000000181e+00,-5.663607800000000081e-01,4.033804700000000132e+00,4.811097000000000179e+00,-9.514095643384315792e+00,-6.952400023384316619e+00,-2.352234543384316368e+00,-1.574942243384316320e+00
2.338172199999999812e+00,-3.150754800000000078e+00,-5.764754600000000506e-01,4.140332700000000088e+00,4.851075400000000037e+00,-9.536794043384317021e+00,-6.962514703384316661e+00,-2.245706543384316412e+00,-1.534963843384316462e+00
2.352612900000000007e+00,-3.172011100000000194e+00,-5.863441200000000242e-01,4.245270500000000169e+00,4.888874500000000012e+00,-9.558050343384316250e+00,-6.972383363384316191e+00,-2.140768743384316330e+00,-1.497164743384316488e+00
2.367053600000000202e+00,-3.191818699999999787e+00,-5.958909000000000011e-01,4.347910899999999579e+00,4.924454299999999840e+00,-9.577857943384316286e+00,-6.981930143384316167e+00,-2.038128343384316921e+00,-1.461584943384316659e+00
2.381494299999999953e+00,-3.210176199999999813e+00,-6.050469000000000541e-01,4.447534100000000379e+00,4.957775999999999961e+00,-9.596215443384316757e+00,-6.991086143384316998e+00,-1.938505143384316121e+00,-1.428263243384316539e+00
2.395935099999999984e+00,-3.227086900000000202e+00,-6.137498599999999804e-01,4.543415999999999677e+00,4.988802200000000298e+00,-9.613126143384317146e+00,-6.999789103384316036e+00,-1.842623243384316822e+00,-1.397237043384316202e+00
2.410375800000000179e+00,-3.242558400000000063e+00,-6.219438600000000150e-01,4.634836400000000189e+00,5.017497200000000213e+00,-9.628597643384317450e+00,-7.007983103384316514e+00,-1.751202843384316310e+00,-1.368542043384316287e+00
2.424816499999999930e+00,-3.256602099999999833e+00,-6.295789499999999705e-01,4.721088700000000138e+00,5.043826700000000329e+00,-9.642641343384315888e+00,-7.015618193384316470e+00,-1.664950543384316362e+00,-1.342212543384316170e+00
2.439257200000000125e+00,-3.269232300000000091e+00,-6.366108200000000217e-01,4.801488299999999931e+00,5.067758000000000429e+00,-9.655271543384316146e+00,-7.022650063384316965e+00,-1.584550943384316568e+00,-1.318281243384316070e+00
2.453697899999999876e+00,-3.280465500000000034e+00,-6.430004999999999749e-01,4.875382300000000058e+00,5.089260600000000245e+00,-9.666504743384315645e+00,-7.029039743384316807e+00,-1.510656943384316442e+00,-1.296778643384316254e+00
2.468138600000000071e+00,-3.290319699999999958e+00,-6.487140500000000420e-01,4.942158499999999677e+00,5.108305900000000399e+00,-9.676358943384316902e+00,-7.034753293384316208e+00,-1.443880743384316823e+00,-1.277733343384316100e+00
2.482579400000000103e+00,-3.298812999999999995e+00,-6.537222299999999597e-01,5.001253400000000404e+00,5.124868099999999593e+00,-9.684852243384316495e+00,-7.039761473384316126e+00,-1.384785843384316095e+00,-1.261171143384316906e+00
2.497020099999999854e+00,-3.305963600000000113e+00,-6.580002700000000537e-01,5.052160800000000229e+00,5.138923799999999709e+00,-9.692002843384315725e+00,-7.044039513384316109e+00,-1.333878443384316270e+00,-1.247115443384316791e+00
2.511460800000000049e+00,-3.311788299999999907e+00,-6.615276599999999618e-01,5.094439000000000384e+00,5.150452800000000053e+00,-9.697827543384317295e+00,-7.047566903384316461e+00,-1.291600243384316116e+00,-1.235586443384316446e+00
2.525901499999999800e+00,-3.316301800000000188e+00,-6.642878700000000025e-01,5.127717200000000197e+00,5.159438100000000027e+00,-9.702341043384317132e+00,-7.050327113384316391e+00,-1.258322043384316302e+00,-1.226601143384316472e+00
2.540342199999999995e+00,-3.319516500000000203e+00,-6.662682500000000063e-01,5.151701000000000086e+00,5.165866199999999964e+00,-9.705555743384316258e+00,-7.052307493384316395e+00,-1.234338243384316414e+00,-1.220173043384316536e+00
2.554782900000000190e+00,-3.321441500000000158e+00,-6.674598499999999657e-01,5.166177000000000241e+00,5.169727400000000195e+00,-9.707480743384316213e+00,-7.053499093384316687e+00,-1.219862243384316258e+00,-1.216311843384316305e+00
2.569223599999999941e+00,-3.322082500000000049e+00,-6.678573500000000163e-01,5.171015800000000162e+00,5.171015800000000162e+00,-9.708121743384316105e+00,-7.053896593384316738e+00,-1.215023443384316337e+00,-1.215023443384316337e+00
2.583833999999999964e+00,-3.325479500000000144e+00,-6.629222900000000251e-01,5.171368300000000140e+00,5.171368900000000046e+00,-9.711518743384317531e+00,-7.048961533384316525e+00,-1.214670943384316359e+00,-1.214670343384316453e+00
2.598444300000000151e+00,-3.335584400000000116e+00,-6.482114599999999616e-01,5.172427899999999745e+00,5.172429000000000165e+00,-9.721623643384315727e+00,-7.034250703384316239e+00,-1.213611343384316754e+00,-1.213610243384316334e+00
2.613054599999999894e+00,-3.352144000000000013e+00,-6.240018899999999480e-01,5.174198299999999584e+00,5.174199800000000238e+00,-9.738183243384316512e+00,-7.010041133384316225e+00,-1.211840943384316915e+00,-1.211839443384316262e+00
2.627664999999999917e+00,-3.374762299999999993e+00,-5.907283800000000529e-01,5.176685400000000215e+00,5.176687300000000214e+00,-9.760801543384316048e+00,-6.976767623384316330e+00,-1.209353843384316285e+00,-1.209351943384316286e+00
2.642275300000000104e+00,-3.402934899999999985e+00,-5.489487299999999959e-01,5.179897200000000090e+00,5.179899400000000043e+00,-9.788974143384315596e+00,-6.934987973384316717e+00,-1.206142043384316409e+00,-1.206139843384316457e+00
2.656885599999999847e+00,-3.436086899999999833e+00,-4.993042599999999998e-01,5.183843300000000376e+00,5.183845700000000001e+00,-9.822126143384316777e+00,-6.885343503384316222e+00,-1.202195943384316124e+00,-1.202193543384316499e+00
2.671495999999999871e+00,-3.473609999999999864e+00,-4.424813799999999797e-01,5.188534599999999664e+00,5.188537099999999569e+00,-9.859649243384316364e+00,-6.828520623384316757e+00,-1.197504643384316836e+00,-1.197502143384316931e+00
2.686106300000000058e+00,-3.514894500000000033e+00,-3.791780699999999782e-01,5.193982700000000285e+00,5.193985200000000191e+00,-9.900933743384316088e+00,-6.765217313384316533e+00,-1.192056543384316214e+00,-1.192054043384316309e+00
2.700716599999999801e+00,-3.559353199999999884e+00,-3.100774099999999978e-01,5.200199399999999805e+00,5.200201899999999711e+00,-9.945392443384315939e+00,-6.696116653384316386e+00,-1.185839843384316694e+00,-1.185837343384316789e+00
2.715326999999999824e+00,-3.606438900000000114e+00,-2.358284800000000070e-01,5.207196299999999667e+00,5.207198799999999572e+00,-9.992478143384316169e+00,-6.621867723384316839e+00,-1.178842943384316833e+00,-1.178840443384316927e+00
2.729937300000000011e+00,-3.655653899999999901e+00,-1.570338500000000026e-01,5.214984199999999959e+00,5.214986500000000191e+00,-1.004169314338431640e+01,-6.543073093384316863e+00,-1.171055043384316541e+00,-1.171052743384316308e+00
2.744547600000000198e+00,-3.706555300000000219e+00,-7.424234999999999862e-02,5.223572299999999835e+00,5.223574400000000395e+00,-1.009259454338431716e+01,-6.460281593384316068e+00,-1.162466943384316664e+00,-1.162464843384316104e+00
2.759158000000000222e+00,-3.758754999999999846e+00,1.205428400000000018e-02,5.232968099999999900e+00,5.232969899999999619e+00,-1.014479424338431635e+01,-6.373984959384316085e+00,-1.153071143384316599e+00,-1.153069343384316880e+00
2.773768299999999964e+00,-3.811918200000000034e+00,1.014220499999999997e-01,5.243176799999999638e+00,5.243178399999999684e+00,-1.019795744338431653e+01,-6.284617193384316458e+00,-1.142862443384316862e+00,-1.142860843384316816e+00
2.788378600000000151e+00,-3.865759699999999910e+00,1.934836699999999965e-01,5.254201000000000121e+00,5.254202300000000214e+00,-1.025179894338431552e+01,-6.192555573384316503e+00,-1.131838243384316378e+00,-1.131836943384316285e+00
2.802989000000000175e+00,-3.920038900000000215e+00,2.879165799999999775e-01,5.266040399999999622e+00,5.266041500000000042e+00,-1.030607814338431716e+01,-6.098122663384316411e+00,-1.119998843384316878e+00,-1.119997743384316458e+00
2.817599299999999918e+00,-3.974555399999999850e+00,3.844503899999999752e-01,5.278691799999999823e+00,5.278692600000000290e+00,-1.036059464338431724e+01,-6.001588853384316913e+00,-1.107347443384316676e+00,-1.107346643384316209e+00
2.832209600000000105e+00,-4.029143200000000036e+00,4.828641100000000130e-01,5.292148799999999653e+00,5.292149399999999559e+00,-1.041518244338431742e+01,-5.903175133384316098e+00,-1.093890443384316846e+00,-1.093889843384316940e+00
2.846820000000000128e+00,-4.083666700000000205e+00,5.829833300000000218e-01,5.306402099999999677e+00,5.306402499999999911e+00,-1.046970594338431582e+01,-5.803055913384316256e+00,-1.079637143384316822e+00,-1.079636743384316588e+00
2.861430299999999871e+00,-4.138015300000000174e+00,6.846773200000000337e-01,5.321439599999999714e+00,5.321439899999999668e+00,-1.052405454338431667e+01,-5.701361923384316910e+00,-1.064599643384316785e+00,-1.064599343384316832e+00
2.876040600000000058e+00,-4.192099999999999937e+00,7.878561499999999773e-01,5.337246500000000005e+00,5.337246699999999677e+00,-1.057813924338431733e+01,-5.598183093384316855e+00,-1.048792743384316495e+00,-1.048792543384316822e+00
2.890651000000000082e+00,-4.245848800000000089e+00,8.924677600000000544e-01,5.353805999999999621e+00,5.353805999999999621e+00,-1.063188804338431659e+01,-5.493571483384316778e+00,-1.032233243384316879e+00,-1.032233243384316879e+00
2.905261299999999824e+00,-4.299203600000000236e+00,9.984949600000000425e-01,5.371099199999999740e+00,5.371099199999999740e+00,-1.068524284338431585e+01,-5.387544283384316124e+00,-1.014940043384316759e+00,-1.014940043384316759e+00
2.919871600000000011e+00,-4.352117299999999744e+00,1.105952299999999999e+00,5.389106100000000232e+00,5.389106199999999625e+00,-1.073815654338431713e+01,-5.280086943384316278e+00,-9.969331433843162671e-01,-9.969330433843168748e-01
2.934482000000000035e+00,-4.404550500000000035e+00,1.214882500000000087e+00,5.407805699999999938e+00,5.407806100000000171e+00,-1.079058974338431653e+01,-5.171156743384316634e+00,-9.782335433843165617e-01,-9.782331433843163282e-01
2.949092300000000222e+00,-4.456469600000000142e+00,1.325353400000000015e+00,5.427176900000000082e+00,5.427177499999999988e+00,-1.084250884338431575e+01,-5.060685843384316485e+00,-9.588623433843164179e-01,-9.588617433843165117e-01
2.963702599999999965e+00,-4.507844399999999752e+00,1.437453700000000056e+00,5.447198499999999832e+00,5.447199399999999692e+00,-1.089388364338431714e+01,-4.948585543384316665e+00,-9.388407433843166672e-01,-9.388398433843168078e-01
2.978312999999999988e+00,-4.558646600000000326e+00,1.551288900000000082e+00,5.467849900000000041e+00,5.467851099999999853e+00,-1.094468584338431683e+01,-4.834750343384316196e+00,-9.181893433843164587e-01,-9.181881433843166462e-01
2.992923300000000175e+00,-4.608848000000000056e+00,1.666977099999999989e+00,5.489111399999999641e+00,5.489113099999999967e+00,-1.099488724338431567e+01,-4.719062143384316954e+00,-8.969278433843168585e-01,-8.969261433843165321e-01
3.007533599999999918e+00,-4.658419399999999655e+00,1.784644499999999967e+00,5.510964699999999716e+00,5.510966699999999996e+00,-1.104445864338431704e+01,-4.601394743384316754e+00,-8.750745433843167831e-01,-8.750725433843165035e-01
3.022143999999999942e+00,-4.707329999999999792e+00,1.904420100000000060e+00,5.533392599999999995e+00,5.533394999999999619e+00,-1.109336924338431629e+01,-4.481619143384316217e+00,-8.526466433843165049e-01,-8.526442433843168800e-01
3.036754300000000129e+00,-4.755545999999999829e+00,2.026431099999999930e+00,5.556379299999999688e+00,5.556382199999999827e+00,-1.114158524338431633e+01,-4.359608143384316570e+00,-8.296599433843168114e-01,-8.296570433843166725e-01
3.051364599999999871e+00,-4.803030900000000436e+00,2.150797100000000128e+00,5.579910500000000440e+00,5.579913799999999924e+00,-1.118907014338431694e+01,-4.235242143384316371e+00,-8.061287433843160599e-01,-8.061254433843165756e-01
3.065974999999999895e+00,-4.849744699999999575e+00,2.277625500000000081e+00,5.603972800000000198e+00,5.603976300000000244e+00,-1.123578394338431607e+01,-4.108413743384316419e+00,-7.820664433843163010e-01,-7.820629433843162559e-01
3.080585300000000082e+00,-4.895644100000000165e+00,2.407005400000000073e+00,5.628553199999999812e+00,5.628556999999999810e+00,-1.128168334338431578e+01,-3.979033843384316427e+00,-7.574860433843166874e-01,-7.574822433843166891e-01
3.095195599999999825e+00,-4.940682800000000263e+00,2.539002700000000168e+00,5.653639199999999754e+00,5.653643100000000032e+00,-1.132672204338431676e+01,-3.847036543384316332e+00,-7.324000433843167457e-01,-7.323961433843164670e-01
3.109805999999999848e+00,-4.984811699999999846e+00,2.673654599999999881e+00,5.679217300000000357e+00,5.679221300000000028e+00,-1.137085094338431546e+01,-3.712384643384316618e+00,-7.068219433843161426e-01,-7.068179433843164716e-01
3.124416300000000035e+00,-5.027979199999999871e+00,2.810964999999999936e+00,5.705272700000000086e+00,5.705276699999999757e+00,-1.141401844338431637e+01,-3.575074243384316564e+00,-6.807665433843164138e-01,-6.807625433843167428e-01
3.139026599999999778e+00,-5.070132100000000364e+00,2.950899300000000114e+00,5.731788299999999836e+00,5.731792300000000395e+00,-1.145617134338431597e+01,-3.435139943384316386e+00,-6.542509433843166633e-01,-6.542469433843161042e-01
3.153636999999999802e+00,-5.111216200000000320e+00,3.093380600000000147e+00,5.758743800000000412e+00,5.758747500000000130e+00,-1.149725544338431682e+01,-3.292658643384316353e+00,-6.272954433843160871e-01,-6.272917433843163693e-01
3.168247299999999989e+00,-5.151177099999999953e+00,3.238285499999999928e+00,5.786114300000000377e+00,5.786117599999999861e+00,-1.153721634338431556e+01,-3.147753743384316572e+00,-5.999249433843161228e-01,-5.999216433843166385e-01
3.182857600000000176e+00,-5.189960700000000315e+00,3.385441000000000145e+00,5.813869699999999696e+00,5.813872500000000443e+00,-1.157599994338431770e+01,-3.000598243384316355e+00,-5.721695433843168033e-01,-5.721667433843160566e-01
3.197468000000000199e+00,-5.227514499999999842e+00,3.534622099999999989e+00,5.841973199999999977e+00,5.841975500000000210e+00,-1.161355374338431545e+01,-2.851417143384316510e+00,-5.440660433843165222e-01,-5.440637433843162896e-01
3.212078299999999942e+00,-5.263788299999999865e+00,3.685549599999999870e+00,5.870381000000000071e+00,5.870382600000000117e+00,-1.164982754338431548e+01,-2.700489643384316629e+00,-5.156582433843164281e-01,-5.156566433843163821e-01
3.226688600000000129e+00,-5.298734500000000125e+00,3.837889500000000176e+00,5.899040600000000190e+00,5.899041500000000049e+00,-1.168477374338431574e+01,-2.548149743384316324e+00,-4.869986433843163098e-01,-4.869977433843164505e-01
3.241299000000000152e+00,-5.332309799999999989e+00,3.991252499999999870e+00,5.927890800000000127e+00,5.927890800000000127e+00,-1.171834904338431649e+01,-2.394786743384316630e+00,-4.581484433843163728e-01,-4.581484433843163728e-01
3.255909299999999895e+00,-5.364474600000000315e+00,4.145194700000000232e+00,5.956859599999999588e+00,5.956860500000000336e+00,-1.175051384338431681e+01,-2.240844543384316268e+00,-4.291796433843169112e-01,-4.291787433843161637e-01
3.270519600000000082e+00,-5.395194799999999624e+00,4.299219599999999808e+00,5.985866900000000435e+00,5.985868700000000153e+00,-1.178123404338431612e+01,-2.086819643384316691e+00,-4.001723433843160649e-01,-4.001705433843163462e-01
3.285130000000000106e+00,-5.424441400000000080e+00,4.452780200000000299e+00,6.014821399999999763e+00,6.014824100000000229e+00,-1.181048064338431658e+01,-1.933259043384316200e+00,-3.712178433843167369e-01,-3.712151433843162707e-01
3.299740299999999849e+00,-5.452191100000000290e+00,4.605283000000000015e+00,6.043621599999999816e+00,6.043625300000000422e+00,-1.183823034338431768e+01,-1.780756243384316484e+00,-3.424176433843166834e-01,-3.424139433843160774e-01
3.314350600000000036e+00,-5.478426299999999749e+00,4.756092100000000045e+00,6.072156399999999898e+00,6.072161000000000364e+00,-1.186446554338431625e+01,-1.629947143384316455e+00,-3.138828433843166010e-01,-3.138782433843161357e-01
3.328960899999999778e+00,-5.503135600000000238e+00,4.904534599999999855e+00,6.100305099999999925e+00,6.100310399999999689e+00,-1.188917484338431763e+01,-1.481504643384316644e+00,-2.857341433843165746e-01,-2.857288433843168107e-01
3.343571299999999802e+00,-5.526313199999999703e+00,5.049906599999999912e+00,6.127938600000000235e+00,6.127944699999999578e+00,-1.191235244338431620e+01,-1.336132643384316587e+00,-2.581006433843162640e-01,-2.580945433843169212e-01
3.358181599999999989e+00,-5.547958900000000249e+00,5.191480199999999989e+00,6.154920500000000239e+00,6.154927299999999768e+00,-1.193399814338431675e+01,-1.194559043384316510e+00,-2.311187433843162609e-01,-2.311119433843167315e-01
3.372791900000000176e+00,-5.568077800000000188e+00,5.328511200000000336e+00,6.181108300000000000e+00,6.181115600000000043e+00,-1.195411704338431669e+01,-1.057528043384316163e+00,-2.049309433843164996e-01,-2.049236433843164562e-01
3.387402300000000199e+00,-5.586679700000000359e+00,5.460246599999999617e+00,6.206355199999999961e+00,6.206362900000000238e+00,-1.197271894338431686e+01,-9.257926433843168823e-01,-1.796840433843165385e-01,-1.796763433843162616e-01
3.402012599999999942e+00,-5.603778499999999774e+00,5.585933299999999768e+00,6.230511400000000144e+00,6.230519400000000374e+00,-1.198981774338431627e+01,-8.001059433843167312e-01,-1.555278433843163555e-01,-1.555198433843161254e-01
3.416622900000000129e+00,-5.619391600000000153e+00,5.704827100000000151e+00,6.253426499999999777e+00,6.253434600000000287e+00,-1.200543084338431754e+01,-6.812121433843163487e-01,-1.326127433843167225e-01,-1.326046433843162120e-01
3.431233300000000153e+00,-5.633539200000000413e+00,5.816201399999999744e+00,6.274951399999999957e+00,6.274959400000000187e+00,-1.201957844338431691e+01,-5.698378433843167556e-01,-1.110878433843165425e-01,-1.110798433843163124e-01
3.445843599999999896e+00,-5.646243499999999749e+00,5.919355999999999618e+00,6.294940200000000097e+00,6.294947999999999766e+00,-1.203228274338431625e+01,-4.666832433843168815e-01,-9.109904338431640269e-02,-9.109124338431673351e-02
3.460453900000000083e+00,-5.657527800000000440e+00,6.013626000000000360e+00,6.313252799999999887e+00,6.313260099999999930e+00,-1.204356704338431783e+01,-3.724132433843161394e-01,-7.278644338431661254e-02,-7.277914338431656915e-02
3.475064300000000106e+00,-5.667415499999999717e+00,6.098390400000000433e+00,6.329756599999999622e+00,6.329763500000000320e+00,-1.205345474338431622e+01,-2.876488433843160664e-01,-5.628264338431687719e-02,-5.627574338431617917e-02
3.489674599999999849e+00,-5.675929899999999861e+00,6.173080099999999959e+00,6.344329100000000388e+00,6.344335199999999730e+00,-1.206196914338431725e+01,-2.129591433843165404e-01,-4.171014338431611179e-02,-4.170404338431676905e-02
3.504284900000000036e+00,-5.683092700000000441e+00,6.237185400000000435e+00,6.356859400000000271e+00,6.356864700000000035e+00,-1.206913194338431694e+01,-1.488538433843160647e-01,-2.917984338431622859e-02,-2.917454338431646477e-02
3.518895300000000059e+00,-5.688923700000000139e+00,6.290262399999999587e+00,6.367250300000000252e+00,6.367254700000000156e+00,-1.207496294338431753e+01,-9.577684338431691202e-02,-1.878894338431624789e-02,-1.878454338431634341e-02
3.533505599999999802e+00,-5.693439999999999834e+00,6.331939799999999785e+00,6.375420000000000087e+00,6.375423399999999852e+00,-1.207947924338431633e+01,-5.409944338431671440e-02,-1.061924338431641246e-02,-1.061584338431664776e-02
3.548115899999999989e+00,-5.696655599999999708e+00,6.361923199999999667e+00,6.381303199999999620e+00,6.381305499999999853e+00,-1.208269484338431710e+01,-2.411604338431683203e-02,-4.736043384316879212e-03,-4.733743384316646541e-03
3.562726300000000013e+00,-5.698580800000000224e+00,6.379999399999999987e+00,6.384852500000000042e+00,6.384853699999999854e+00,-1.208462004338431584e+01,-6.039843384316512243e-03,-1.186743384316457650e-03,-1.185543384316645188e-03
3.577336600000000200e+00,-5.699221900000000396e+00,6.386039199999999916e+00,6.386039199999999916e+00,6.386039199999999916e+00,-1.208526114338431690e+01,-4.338431658368335775e-08,-4.338431658368335775e-08,-4.338431658368335775e-08
