1.434898805317296855e+00,1.295735055712560424e+00,1.737820904751028017e+00,2.178631748748639296e+00,2.066420943764871510e+00,2.626095214807620870e+00,2.285078129097529498e+00,1.973560480555752505e+00,2.551515392388368220e+00,1.806526598712761000e+00,2.092281728852575462e+00,2.371060621206062535e+00,2.247102640347169888e+00,2.701980403899248984e+00,2.023383110590663669e+00,-2.793347798451151220e+00,2.525159907391921976e+00,2.849327779946356110e+00,-2.912361130123687580e+00,2.726707178113883856e+00,2.683432902290583399e+00,1.331233206549065073e+00,2.117518433303571257e+00,2.481963191781856537e+00
7.945117936278376369e-01,1.972868631229685477e+00,2.198336688269778350e+00,1.276379354426600443e+00,1.665172651565404394e+00,2.160600742652700745e+00,1.755965366160594954e+00,2.629297952195816634e+00,2.269089094395372541e+00,1.822462903388832878e+00,2.189280688322793544e+00,2.351402499372801103e+00,1.824885267739701611e+00,2.025553331371479082e+00,2.739952455496526440e+00,1.859583775227459768e+00,2.399461418695239878e+00,2.069882672290466630e+00,2.376937674355838581e+00,-2.952025397271089702e+00,1.513597427918043969e+00,4.719942329450690366e-01,1.215624803031373879e+00,8.858762549853906876e-01
2.369679795049580484e+00,2.486400427644164246e+00,1.609007951673302905e+00,2.318606600851406796e+00,2.761856187622580450e+00,1.847809130804905386e+00,2.019076474174660518e+00,2.280250159420366352e+00,2.870620367609118873e+00,2.614342075920239594e+00,1.946042262068727879e+00,1.921200780542651643e+00,1.942896562957538542e+00,2.086703618502039781e+00,2.014988449322759223e+00,1.484779789327654420e+00,1.406181279145338969e+00,1.562928016082176796e+00,1.006661009869054269e+00,1.504008319419285478e+00,2.060933555770666281e+00,9.885907511123326330e-01,8.170171076878651739e-01,1.280905638212145092e+00
1.677105063663271167e+00,2.325909000336074506e+00,2.765535691290144982e+00,2.760894788959998181e+00,2.031397854734411368e+00,2.270196677200090107e+00,1.711974538859891481e+00,2.701915335505922222e+00,-2.496121155162700056e+00,-3.134215387415344445e+00,1.625405164692285354e+00,2.709373318649310747e+00,2.024788091144960944e+00,2.088052526057307290e+00,2.633238296061015227e+00,1.660567738100040103e+00,2.357559733131834534e+00,2.950683638966994593e+00,2.193870194690585862e+00,1.668360376868482930e+00,1.406109375463969968e+00,1.375180415823486157e+00,-5.505246009301494325e-01,1.768778128439860708e-01
1.389310174125853337e+00,2.337732971425397821e+00,1.738379165763036305e+00,1.778613975613754228e+00,2.779576692541950500e+00,1.570756405700783453e+00,1.653670489651926090e+00,9.349170102694515094e-01,2.844970640676628193e+00,2.558089562482463108e+00,2.516978813626883138e+00,2.465655924358189921e+00,2.135190592951044408e+00,2.442950408472881030e+00,2.229055703148238976e+00,2.023369622786660216e+00,2.813523035118180360e+00,2.177628457051845601e+00,1.176406658993506049e+00,1.032703025182389212e+00,9.172413288905509887e-01,1.227276522259041158e+00,6.301482964155029620e-01,1.141572494570547214e+00
2.546829384843222854e+00,2.397888227456336452e+00,1.129619488284421713e+00,2.373877473038057850e+00,1.938283205395991970e+00,2.252360189947756552e+00,1.910087775249650122e+00,1.966727573701350984e+00,1.883780591130415516e+00,1.899432291547504370e+00,1.910400092905621960e+00,1.105343204139363600e+00,-2.779473725168041476e+00,1.279625217564226425e+00,6.280946962281155344e-01,1.254436671352371135e+00,2.049274780259803919e+00,-2.993943269745076741e+00,1.690732619623600996e+00,1.241215037925393005e+00,2.185116255314643929e+00,1.499233164449730538e+00,1.983549157883720326e+00,2.180446883857889873e+00
1.551187697046332303e+00,3.658131313832178044e-01,9.566188955477556988e-01,2.531723073880447039e+00,1.925420077672363561e+00,2.791388737121783592e+00,2.278345520751908104e+00,1.559667687460699170e+00,2.577800397787648023e+00,1.219052206646126457e+00,1.807020679039229805e+00,2.525802623493647481e+00,1.718535147314765865e+00,1.019736447594268292e+00,1.341718341984534213e+00,2.068532147952852895e+00,2.347195454172334550e+00,3.116537920914874249e+00,1.487283079156330956e+00,1.340436501909207045e+00,1.512885163211924677e+00,1.033138270487033772e+00,1.653645409618493822e+00,1.821076245585858899e+00
2.292617777008855384e+00,1.209390936711248088e+00,1.285527040850724667e+00,2.601631883865973549e+00,1.785206166961422092e+00,1.748283847143520475e+00,2.178100646546578645e+00,2.495973707657896945e+00,2.891200238301625092e+00,2.339628384819627982e+00,-3.115811200465149255e+00,2.424863168487441101e+00,2.076154054310628716e+00,1.144227124869708234e+00,8.816304696324799295e-01,1.088716712730277258e+00,1.386412415934977105e+00,2.209558421593689204e+00,2.774011328090139727e+00,2.127614277151026023e+00,1.325334746585036250e+00,1.210004466948369384e+00,6.445018847571395426e-01,1.858795132517125026e+00
1.126888393302081681e+00,1.748449403223501619e+00,1.651274778271195842e+00,2.591358763386445219e+00,2.375595657517207471e+00,1.806919935621762008e+00,2.033087160370023128e+00,2.389611009358998395e+00,2.202921143665696135e+00,1.996431088908771301e+00,1.352275445820339428e+00,2.401566313635359329e+00,2.348972507008898702e+00,2.837102773070713901e+00,2.009327934887155109e+00,9.579102361128581933e-01,3.256603184850064281e-01,8.852274494667558002e-01,1.591948031016107379e+00,1.049452689567187846e+00,1.902261172179937176e+00,1.072651485821062067e+00,4.589037764700263367e-01,1.800443478643922290e+00
9.504486969258625351e-01,1.998974264854985528e+00,1.682159556630738351e+00,1.087571338047995440e+00,1.811401071182105582e+00,1.043669416339778167e+00,8.090056522216575452e-01,2.844859533442373412e+00,2.414744286149048236e+00,1.400802142446311294e+00,1.210127160559997250e+00,1.924056026445228440e+00,1.943817362172700847e+00,2.322576115357009030e+00,2.274769996997930477e+00,1.871934536762596579e+00,6.048169890845800367e-01,8.221075206542054481e-01,1.470511928565255033e+00,8.252046596325888217e-01,6.167135186208119180e-01,1.424215948324020431e+00,3.291764100337921661e-01,1.209163135368316766e+00
7.206748551626702692e-01,1.905455735560024344e+00,1.258839251592232422e+00,1.135814399474668335e+00,1.765013372973434969e+00,1.318255500965947569e+00,1.355594979294420632e+00,-2.858199933341028398e+00,2.560416507169708922e+00,2.924147353518128156e+00,1.905608837630046182e+00,2.022509480957368488e+00,-2.991936569006481861e+00,2.032293037568393856e+00,2.188922644076949808e+00,2.061431414455855204e+00,8.202332153108331525e-01,1.220706811347122667e+00,8.798859343458307336e-01,1.133827633873673690e+00,1.418903887703371502e+00,1.366598104646588929e+00,8.510378402330704972e-01,-1.899507338463283679e+00
3.599979041049552464e-01,9.358084062159708338e-01,1.581225685608829146e-01,2.795610328641139120e+00,1.804165439320010833e+00,1.674235112363516187e+00,1.653990016096219762e+00,2.618184704711892685e+00,-2.696298874480207886e+00,2.609409416229711454e+00,2.504177123268879868e+00,2.349253384190288507e+00,2.533968126626464645e+00,3.114237549369219593e+00,2.291931172522041038e+00,2.107040648018532636e+00,1.416349883544125277e+00,3.818483146310427401e-01,-2.103725342532429821e-01,1.675068201290833336e+00,1.267196089701318584e+00,1.310272489677154262e+00,3.814652506887363792e-01,-1.237235673903138267e+00
1.068594929467678867e+00,9.334129676200531023e-01,2.218923608686576010e+00,3.096532786345827404e+00,2.783081820427801389e+00,3.130381635964165632e+00,1.794048850764551339e+00,1.940346826663843949e+00,3.015175818888724990e+00,2.808135142048641342e+00,3.061564599000493381e+00,-3.117195499811451498e+00,2.685334317590564623e+00,-2.739046998218515938e+00,1.722032399601444830e+00,9.469899718673762123e-01,-2.698700642381197667e-01,6.250293413517233887e-01,3.923179331263901837e-01,5.631301255979055398e-01,6.654996031471318574e-01,9.505270328196084861e-01,1.019187394932288271e+00,9.930733677671224058e-01
1.017673918160637569e+00,1.898307278991515190e+00,2.515988091919178160e+00,2.160317788359117586e+00,2.425535190793832285e+00,2.125230521808739503e+00,1.941737289555678814e+00,5.734471093143884701e-01,2.869694749323193683e+00,2.602593032610755586e+00,-3.061359631741114917e+00,2.244473526863224322e+00,2.439668813781890933e+00,1.850724646388488992e+00,1.753376035852568293e+00,2.716224916064437167e+00,9.866015583875018535e-01,1.631336058281201318e+00,1.552541591390838249e+00,7.054590631623582908e-01,3.417520226117485294e-01,9.334777325035208406e-01,1.186817230079576291e+00,1.836120759522465562e+00
7.772477083212638860e-01,9.650822151626918810e-01,2.511367700987796603e+00,2.150316702041444650e+00,2.761060049565219998e+00,1.966660749615402715e+00,2.058033559998349027e+00,1.580818724451502177e+00,2.348921330922340900e+00,2.994278040599629875e+00,1.977256099654184140e+00,1.376647545417384322e+00,2.929295808567729864e+00,2.173294454542917364e+00,1.368136563334248379e+00,3.014980595731826085e+00,1.742221407440863956e+00,2.526136363775272287e+00,2.196998555613300042e+00,1.050443928365195845e+00,-4.282938179794277822e-01,-1.646478093152623501e+00,7.294951490164907071e-01,5.415959494574469346e-01
2.875815559508949626e-01,-1.168787344240049819e-01,2.814168502081399126e+00,1.819195564344113336e+00,7.289860020869500801e-01,1.583174710309750211e+00,1.112406775886435106e+00,1.758680187581887822e+00,1.504781785664095928e+00,1.341408964137541737e+00,9.939148593425439770e-01,1.635690891917043643e+00,2.282688053041260545e+00,1.779138009753546967e+00,2.441002801513283416e+00,3.009278006593801180e+00,2.620357069068890432e+00,3.092041100591442770e+00,1.910689232962694106e+00,1.526828237002865407e+00,2.140686632525540034e+00,-2.542411224066186470e+00,1.659477195747035339e+00,1.892541650277607346e+00
6.899767526896884995e-01,5.915675119583725383e-01,1.841469029173641303e+00,1.007652917014207894e+00,4.538668050172880442e-01,6.574106881205894481e-01,1.629422176161879676e+00,1.198173216601790436e+00,1.631633342737434766e+00,1.412344510569841560e+00,1.612540147513753297e+00,2.032858012952447169e+00,1.878926848612190170e+00,2.697525151300032675e+00,2.430162657279191230e+00,-3.024547221723164370e+00,2.957023007958917482e+00,2.764750697744306152e+00,2.244060902417616354e+00,1.782029431647487172e+00,2.737983315341868007e+00,2.644812374040926173e+00,1.647863665210060446e+00,1.241024637267194919e+00
2.962910850166586840e-01,1.866956897995786235e+00,1.440372101494531876e+00,7.314607220115845188e-01,1.524755715374545240e+00,1.877479490369811543e+00,9.126151381653997419e-01,5.993106537492987052e-01,1.760124558546755758e+00,2.456162123120534169e+00,2.819201758695880855e+00,2.549722317820114270e+00,1.665795109518942496e+00,2.399111235683555776e+00,-2.177555697805601653e+00,2.592289707459564774e+00,2.753693842619098220e+00,3.090170035841928176e+00,2.574869807633840324e+00,-3.042209578811142734e+00,2.562031532363832298e+00,1.794219341815096236e+00,1.876597582067763170e+00,1.393707709627324931e+00
1.954503426858316573e+00,-2.547187250811390413e+00,-2.484009954637146578e+00,2.110670128591198846e+00,2.220027570408097617e+00,2.608790222738376130e+00,-2.442434848907776512e+00,3.097855764598808292e+00,-3.086284949619730433e+00,1.971943411818357639e+00,3.139395905256546548e+00,-2.913936876711732182e+00,-2.212029146520352541e+00,-2.583294718015555880e+00,2.756592329603719804e+00,2.517166998667399014e+00,1.886580093377989265e+00,2.468890173046561998e+00,1.559791270838653432e+00,2.926319656383132184e+00,-3.029641263946152741e+00,2.093989148693255586e+00,1.047152577763025505e+00,1.475613908677480879e+00
1.838386365848593051e+00,-2.438325290201849072e+00,-2.325889683080551773e+00,2.444081710497183479e+00,3.104669279417494820e+00,2.606719324869853693e+00,2.706563003475389806e+00,2.194457278888437557e+00,1.401433991599811080e+00,1.233185966503032915e+00,-2.451644186199946507e+00,-2.343103656859473194e+00,-2.512712407742387910e+00,-2.678956017217351437e+00,2.338354643110843512e+00,2.382291395215689001e+00,2.415087666762140373e+00,2.282985728852133356e+00,2.772037003187268311e+00,3.133626936491261006e+00,3.104791373159002887e+00,2.119934508356047687e+00,2.168267347184908544e+00,2.288202542779536053e+00
1.482458247475019419e+00,2.768554456360726057e+00,2.498767506151962969e+00,2.446118804842731365e+00,1.647499765082155676e+00,2.830424149133155431e+00,3.058957906155053585e+00,1.620137706924089649e+00,1.307380343007503498e+00,2.110881423259113099e+00,-2.393390142213770666e+00,-2.044591028475647221e+00,-2.723893229878139088e+00,2.488911580582279903e+00,2.398746214081147521e+00,-3.084288965580863184e+00,6.278465531273607070e-01,2.015225649972869348e+00,2.646294396428583440e+00,2.804053327834463261e+00,2.927614070530951018e+00,2.185464328891004726e+00,2.020537866018129236e+00,2.316829765427897314e+00
1.701693158585799281e+00,1.965384294077201055e+00,1.732515345026298448e+00,2.316078576844271986e+00,1.625533195872378656e+00,2.063450038465342473e+00,2.688767259193110881e+00,2.014372947480647547e+00,1.803749188818337679e-01,1.538926212411901417e+00,2.181199684706028208e+00,2.943589142724632346e+00,2.697759107282788449e+00,2.322593076490410802e+00,2.749748227373810749e+00,2.907147097289300319e+00,1.370389644198886536e+00,2.396630413517646829e+00,2.033020680128045043e+00,2.553255014630044784e+00,2.676082584347231119e+00,3.046184131143622409e+00,2.226186260096344682e+00,1.636475306565411181e+00
-3.114588237406304749e+00,2.373840178186563676e+00,1.913598674336567385e+00,2.130829709808581107e+00,2.704156399613896866e+00,2.368069716573755201e+00,2.182352162949872110e+00,1.625084907793760358e+00,1.731165855832408340e+00,1.811259636548038898e+00,1.420060511627258215e+00,1.983008657946044195e+00,-2.068395401051565941e+00,-3.047393402913884053e+00,2.438229404265533695e+00,2.826683601477199659e+00,2.909179663567982743e+00,-2.721050991521951623e+00,2.804001004700034549e+00,2.713651295489199811e+00,2.401660287419710826e+00,2.796886501040063422e+00,1.150957721721528770e+00,1.874463200243033256e+00
1.661229964154214755e+00,2.988387887170285140e+00,1.654510308903866189e+00,8.901408468087614878e-01,2.911803226045329041e+00,-2.768621310547648484e+00,2.330015029140292349e+00,2.056286201173770145e+00,2.573990679798145997e+00,2.925013232494420023e+00,2.091764613727853828e+00,1.540595678456766038e+00,2.308715756353947768e+00,2.244503874920035003e+00,1.519673129040269188e+00,-3.067902853674862484e+00,2.737536137780081091e+00,-2.703413127084445478e+00,3.055789234172602065e+00,1.746037568911720683e+00,1.231658174718615939e+00,6.637700113473941066e-01,1.843187786056852850e+00,1.710199316187861918e+00
