ik,band,distance_inv_A,energy_eV,native_weight,pw_weight
1,1,0.0,-5.821232352449497,1.0,0.9999999999872544
1,2,0.0,-3.430445318365663,0.0,1.094309261877947e-12
1,3,0.0,-0.8291419251464389,0.0,1.0059160637766439e-11
1,4,0.0,5.0165581819035365,0.0,4.709556346279454e-12
1,5,0.0,5.016558181764018,0.0,9.866757127209957e-12
1,6,0.0,6.230001132567896,1.0,0.9999999999831468
1,7,0.0,6.230001132057307,1.0,0.9999999999271619
1,8,0.0,6.230001131780309,1.0,0.999999999985888
1,9,0.0,7.789119271791297,0.0,5.958207950834905e-11
1,10,0.0,8.800090533147237,1.0,0.9999999999833358
1,11,0.0,8.80009053354611,1.0,0.9999999999676425
1,12,0.0,8.800090533331444,1.0,0.9999999999958291
1,13,0.0,9.561013471461173,0.0,1.2267317029364874e-10
1,14,0.0,9.561013471596487,0.0,4.788154872061444e-11
1,15,0.0,9.7034627760247,1.0,0.9999999998933548
1,16,0.0,13.823152374588435,0.0,3.291779826536372e-11
1,17,0.0,13.997284733836189,1.0,0.9999999999425785
1,18,0.0,13.9972848350183,1.0,0.99999999999168
1,19,0.0,14.008672628208382,1.0,0.9999999999373425
1,20,0.0,16.787073514845964,0.0,4.704950576562378e-10
1,21,0.0,16.7870735189088,0.0,2.8852450870710213e-09
1,22,0.0,17.454179202623976,1.0,0.9999999744782875
1,23,0.0,17.454179234053225,1.0,0.9999996565129167
1,24,0.0,17.45417924195526,0.999999,0.9999991869688182
2,1,0.097005714223,-5.790331004863443,1.0,0.9999999999874454
2,2,0.097005714223,-3.4557822579797195,0.0,3.605053801108332e-13
2,3,0.097005714223,-0.7521678470682647,0.0,1.1634024290802053e-11
2,4,0.097005714223,4.814314550434536,0.0,3.4982619346473456e-10
2,5,0.097005714223,5.0069520455187,0.0,4.748388140335977e-11
2,6,0.097005714223,6.036925215442809,1.0,0.9999999997189746
2,7,0.097005714223,6.102003888330034,1.0,0.9999999997572762
2,8,0.097005714223,6.1020038874671805,1.0,0.9999999999532527
2,9,0.097005714223,7.961573963215054,0.0,2.5075027613234535e-10
2,10,0.097005714223,8.721596393007413,1.0,0.9999999998653772
2,11,0.097005714223,8.965205557263538,1.0,0.9999999996446083
2,12,0.097005714223,8.965205557010991,1.0,0.9999999997991367
2,13,0.097005714223,9.554922514186774,0.0,1.9405074850530775e-09
2,14,0.097005714223,9.624179934829197,0.0,4.495634268111738e-10
2,15,0.097005714223,9.889637630776502,1.0,0.9999999982877749
2,16,0.097005714223,13.751358841904985,1.0,0.9999999982077251
2,17,0.097005714223,13.930974752723118,0.0,8.238271660263386e-09
2,18,0.097005714223,14.031131365097796,1.0,0.9999999997906649
2,19,0.097005714223,14.147235452306631,1.0,0.9999999934734666
2,20,0.097005714223,16.11482310051384,0.0,3.3054791898092245e-11
2,21,0.097005714223,16.345505555782783,0.0,3.3906547919296126e-10
2,22,0.097005714223,17.50755949535364,1.0,0.9999999501250557
2,23,0.097005714223,17.507559554592532,0.999998,0.9999981380551624
2,24,0.097005714223,17.535417002906875,2e-06,2.043769358870665e-06
3,1,0.194011428445,-5.697797872975509,1.0,0.9999999999869505
3,2,0.194011428445,-3.520720379443466,0.0,2.214439271886532e-13
3,3,0.194011428445,-0.5348242991019501,0.0,1.2518469720281618e-11
3,4,0.194011428445,4.329071865303714,0.0,1.1905884385644457e-10
3,5,0.194011428445,4.98117006897191,0.0,1.521828711546206e-12
3,6,0.194011428445,5.552785587437779,1.0,0.9999999999011274
3,7,0.194011428445,5.791136886377409,1.0,0.9999999999743561
3,8,0.194011428445,5.791136888148029,1.0,0.9999999998969517
3,9,0.194011428445,8.323773609736284,0.0,3.6255946937364973e-09
3,10,0.194011428445,8.510724877467474,1.0,0.9999999954287208
3,11,0.194011428445,9.386831187574233,1.0,0.9999999997313268
3,12,0.194011428445,9.386831192842143,1.0,0.9999999777562093
3,13,0.194011428445,9.592686373572631,0.0,2.163253485691401e-08
3,14,0.194011428445,9.808651283665352,0.0,2.1510360868554748e-09
3,15,0.194011428445,10.320140039909687,0.999999,0.9999999998129595
3,16,0.194011428445,13.202179597410767,1.0,0.9999999995245326
3,17,0.194011428445,14.13248558030517,0.999999,0.9999995616209609
3,18,0.194011428445,14.165558806780215,0.0,4.4329225725556935e-07
3,19,0.194011428445,14.537331083390058,0.999999,0.9999999936669586
3,20,0.194011428445,15.204751935087273,0.0,1.650890813104034e-09
3,21,0.194011428445,15.68456822075098,0.0,2.3455221044717963e-10
3,22,0.194011428445,17.41080382879409,0.0,1.4301519185896567e-08
3,23,0.194011428445,17.66724272304364,1.0,0.999999988126362
3,24,0.194011428445,17.667242720557425,1.0,0.9999999959021898
4,1,0.291017142668,-5.543979127192994,1.0,0.9999999999825859
4,2,0.291017142668,-3.6007176945806254,0.0,3.3196250314338095e-13
4,3,0.291017142668,-0.20971603734595892,0.0,1.7122994587827748e-11
4,4,0.291017142668,3.7326997521554866,0.0,2.331622135270348e-10
4,5,0.291017142668,4.920507877021082,0.999997,0.9999971997101672
4,6,0.291017142668,4.947138360595601,3e-06,2.801355013799105e-06
4,7,0.291017142668,5.407545083467891,1.0,0.9999999994384865
4,8,0.291017142668,5.4075450831761716,1.0,0.9999999992599231
4,9,0.291017142668,8.22054428055607,1.0,0.9999999999706422
4,10,0.291017142668,8.596562373499564,0.0,2.451826080620611e-10
4,11,0.291017142668,9.833495741346868,0.0,6.087829185210493e-10
4,12,0.291017142668,9.95338245607244,1.0,0.9999999999843485
4,13,0.291017142668,9.953382455890392,1.0,0.9999999992259926
4,14,0.291017142668,10.099570070515842,0.0,2.8366511373297925e-10
4,15,0.291017142668,10.685938051209854,0.999999,0.9999999998256935
4,16,0.291017142668,12.743800260549511,0.999999,0.9999999983272052
4,17,0.291017142668,14.107484884026904,0.0,1.7368685303255232e-09
4,18,0.291017142668,14.301589121734063,0.999999,0.9999988210523045
4,19,0.291017142668,14.341620096929685,1e-06,1.178791073191777e-06
4,20,0.291017142668,15.123353579776,0.999999,0.9999999975351462
4,21,0.291017142668,15.38948778110846,0.0,2.3940884403340387e-09
4,22,0.291017142668,17.406843847203575,0.0,4.826175316598292e-09
4,23,0.291017142668,17.931105783381575,1.0,0.9999999991796966
4,24,0.291017142668,17.931105781784908,1.0,0.9999999953489129
5,1,0.38802285689,-5.32939084602654,1.0,0.9999999999939968
5,2,0.38802285689,-3.6728359128274675,0.0,8.476613565383966e-15
5,3,0.38802285689,0.1792605446259324,0.0,1.4393464108769563e-11
5,4,0.38802285689,3.130624603980154,0.0,1.4719937138454006e-12
5,5,0.38802285689,4.220426496709763,1.0,0.999999996113069
5,6,0.38802285689,4.914362450700427,0.0,3.928829673826455e-09
5,7,0.38802285689,5.014626216044733,1.0,0.999999999993355
5,8,0.38802285689,5.014626216785052,1.0,0.9999999999954091
5,9,0.38802285689,7.9014370126440685,1.0,0.9999999999296851
5,10,0.38802285689,8.672980478137626,0.0,6.885378593414725e-12
5,11,0.38802285689,10.335984183794286,0.0,3.9555661283130273e-08
5,12,0.38802285689,10.468472212866667,0.0,2.3202241539380157e-08
5,13,0.38802285689,10.541310462327784,1.0,0.9999999529933006
5,14,0.38802285689,10.599387561531426,1.0,0.9999999965189732
5,15,0.38802285689,10.59938756285652,1.0,0.999999987641474
5,16,0.38802285689,12.864992387499072,0.999999,0.9999999985796865
5,17,0.38802285689,13.507653686767723,0.0,2.0597243746622522e-10
5,18,0.38802285689,13.566860012751091,0.0,1.5344241303515918e-09
5,19,0.38802285689,14.538196295292058,1.0,0.9999999997401083
5,20,0.38802285689,15.607275670033129,0.0,1.648045539475086e-08
5,21,0.38802285689,15.85040440192161,0.999999,0.9999999835605522
5,22,0.38802285689,17.654113461860852,1e-06,4.791683843874578e-09
5,23,0.38802285689,18.293510553467083,1.0,0.9999999952403231
5,24,0.38802285689,18.293510556407163,1.0,0.9999999982831561
6,1,0.485028571113,-5.0549919570310715,1.0,0.9999999999880674
6,2,0.485028571113,-3.7216174624743883,0.0,1.050178018497557e-13
6,3,0.485028571113,0.5567910194468935,0.0,1.0535545615643571e-10
6,4,0.485028571113,2.620109483133347,0.0,3.1023068568175638e-12
6,5,0.485028571113,3.4881412685822824,1.0,0.999999999560529
6,6,0.485028571113,4.642393273407636,1.0,0.9999999999399002
6,7,0.485028571113,4.642393272609776,1.0,0.9999999999620179
6,8,0.485028571113,4.89110238335487,0.0,4.291075358474899e-10
6,9,0.485028571113,7.589180682802299,1.0,0.999999999966787
6,10,0.485028571113,8.667696792214867,0.0,3.3561171291571e-11
6,11,0.485028571113,9.972204057196043,1.0,0.9999999996980672
6,12,0.485028571113,10.848909938206795,0.0,4.059946148109137e-11
6,13,0.485028571113,10.945353735835095,0.0,8.663022151802279e-10
6,14,0.485028571113,11.292582804148692,1.0,0.99999999980053
6,15,0.485028571113,11.2925828040329,1.0,0.9999999991634397
6,16,0.485028571113,12.803467951265919,0.0,3.340273101877546e-10
6,17,0.485028571113,12.944846339843314,0.0,1.2281178495850831e-09
6,18,0.485028571113,13.498809484775808,0.999998,0.9999999988732591
6,19,0.485028571113,14.842068916970131,1.0,0.9999999998869636
6,20,0.485028571113,15.808524034991757,0.0,1.268417702652421e-09
6,21,0.485028571113,16.67313739267062,0.999999,0.999999998661508
6,22,0.485028571113,18.22803874252173,1e-06,8.112205965227362e-10
6,23,0.485028571113,18.73925225757671,1.0,0.9999999981818017
6,24,0.485028571113,18.739252258758928,1.0,0.9999999999529624
7,1,0.582034285335,-4.721880548939719,1.0,0.9999999999426035
7,2,0.582034285335,-3.7387118101125787,0.0,3.263227714816784e-11
7,3,0.582034285335,0.7415092034982693,0.0,1.4189363135583735e-10
7,4,0.582034285335,2.3904230344124056,0.0,9.330545781752639e-11
7,5,0.582034285335,2.740575001501778,1.0,0.999999999902513
7,6,0.582034285335,4.3058342354840535,1.0,0.9999999998528976
7,7,0.582034285335,4.3058342350969445,1.0,0.999999999968044
7,8,0.582034285335,4.882737732592295,0.0,9.955021383234094e-11
7,9,0.582034285335,7.3072482803008,1.0,0.9999999998985051
7,10,0.582034285335,8.659515166419288,0.0,7.382836421838625e-11
7,11,0.582034285335,9.31699994923022,1.0,0.999999999906518
7,12,0.582034285335,11.04604871658453,0.0,3.816357401871833e-11
7,13,0.582034285335,11.335586942187637,0.0,9.735279198972492e-11
7,14,0.582034285335,12.016327011944641,1.0,0.9999999999834215
7,15,0.582034285335,12.016327012238227,1.0,0.9999999998170231
7,16,0.582034285335,12.38079271260621,1e-06,2.8083679554334716e-10
7,17,0.582034285335,12.667664727372827,0.0,2.3144464232460618e-11
7,18,0.582034285335,14.313654220095765,0.999998,0.9999999998057864
7,19,0.582034285335,15.213148733829216,1.0,0.9999999985191096
7,20,0.582034285335,15.86929935249071,0.0,1.502404689581244e-09
7,21,0.582034285335,17.551089710775255,0.999999,0.9999999999475048
7,22,0.582034285335,18.783599252206717,1e-06,2.460110756380926e-10
7,23,0.582034285335,19.226966158973788,0.999999,0.9999999922475956
7,24,0.582034285335,19.226966161603954,0.999999,0.9999999817481267
8,1,0.679039999558,-4.331627600925521,1.0,0.9999999999997938
8,2,0.679039999558,-3.721617462737297,0.0,2.6106159994520858e-14
8,3,0.679039999558,0.5567910206540215,0.0,1.0324945303169046e-10
8,4,0.679039999558,1.9870468339645997,1.0,0.999999999855572
8,5,0.679039999558,2.6201094824276248,0.0,4.4370720115605476e-11
8,6,0.679039999558,4.01310320715229,1.0,0.999999999941951
8,7,0.679039999558,4.013103207112643,1.0,0.9999999999822071
8,8,0.679039999558,4.891102383845112,0.0,1.1426055251913656e-10
8,9,0.679039999558,7.070834977133897,1.0,0.9999999999148195
8,10,0.679039999558,8.66769679215959,0.0,5.427818772954972e-11
8,11,0.679039999558,8.697550522760059,1.0,0.9999999999320895
8,12,0.679039999558,10.8489099368289,0.0,3.0390226320331275e-11
8,13,0.679039999558,10.945353733594922,0.0,5.278456785637944e-11
8,14,0.679039999558,12.761394372388398,0.999999,0.9999999999643707
8,15,0.679039999558,12.76139437311631,0.999999,0.9999999999428056
8,16,0.679039999558,12.803467953285683,1e-06,1.0399433953515235e-10
8,17,0.679039999558,12.944846341245633,0.0,1.1582113925053867e-11
8,18,0.679039999558,15.183924524272733,0.999997,0.9999999997474707
8,19,0.679039999558,15.650813003408654,0.999999,0.999999963881357
8,20,0.679039999558,15.808524028144063,0.0,3.635309993370311e-08
8,21,0.679039999558,18.22803874384011,1e-06,7.94787192949049e-09
8,22,0.679039999558,18.434510672471482,0.999999,0.9999999920291048
8,23,0.679039999558,19.301869975922788,1e-06,4.305379792283532e-09
8,24,0.679039999558,19.635930777275522,0.999999,0.9999999963613326
9,1,0.776045713781,-3.8860950839584905,1.0,0.9999999999997907
9,2,0.776045713781,-3.672835913402719,0.0,1.8038329098676587e-13
9,3,0.776045713781,0.1792605465450646,0.0,3.3831992496246427e-14
9,4,0.776045713781,1.2353945735330003,1.0,0.9999999999999593
9,5,0.776045713781,3.1306246025210607,0.0,3.926999281104372e-14
9,6,0.776045713781,3.7690992007765587,1.0,0.9999999999999761
9,7,0.776045713781,3.7690992016757017,1.0,0.9999999999999407
9,8,0.776045713781,4.914362453570681,0.0,1.170270145036357e-13
9,9,0.776045713781,6.890399248220116,1.0,0.9999999999999086
9,10,0.776045713781,8.152073802770419,1.0,0.9999999999994547
9,11,0.776045713781,8.672980478274317,0.0,2.473015620140303e-13
9,12,0.776045713781,10.335984174006176,1e-06,1.951878597160055e-14
9,13,0.776045713781,10.468472207949223,0.0,1.148171376520283e-14
9,14,0.776045713781,13.507653684548275,1e-06,5.335429637108742e-11
9,15,0.776045713781,13.523263194733534,0.999999,0.9999999999862486
9,16,0.776045713781,13.5232631953039,0.999999,0.9999999999458419
9,17,0.776045713781,13.566860018307295,0.0,1.9123988003514984e-12
9,18,0.776045713781,15.607275665884776,0.0,5.694386543600143e-12
9,19,0.776045713781,16.064589094271238,0.999997,0.9999999999852427
9,20,0.776045713781,16.154855482493176,0.999999,0.9999999999701498
9,21,0.776045713781,17.65411345864918,1e-06,1.1530456698626092e-11
9,22,0.776045713781,19.025954112963912,1e-06,6.473357259470776e-10
9,23,0.776045713781,19.24172204686778,1.0,0.9999999999224324
9,24,0.776045713781,19.686161737921516,0.999998,0.9999999996776584
10,1,0.873051428003,-3.6007176954394766,0.0,4.493344254027546e-13
10,2,0.873051428003,-3.3877483003966797,1.0,0.9999999999995681
10,3,0.873051428003,-0.20971603492960078,0.0,4.2707308388294717e-13
10,4,0.873051428003,0.49259183289478553,1.0,0.9999999999996136
10,5,0.873051428003,3.576857128955119,1.0,0.9999999999831963
10,6,0.873051428003,3.576857128495932,1.0,0.9999999999715449
10,7,0.873051428003,3.732699750506898,0.0,5.966621953908453e-11
10,8,0.873051428003,4.94713843517687,0.0,2.923027525548888e-11
10,9,0.873051428003,6.773378285969899,1.0,0.9999999999292162
10,10,0.873051428003,7.693759638429493,1.0,0.9999999999573427
10,11,0.873051428003,8.596562372922829,0.0,1.7051315144082676e-11
10,12,0.873051428003,9.833495739053172,0.0,3.442264404384879e-11
10,13,0.873051428003,10.099570068325773,0.0,2.50086788369013e-11
10,14,0.873051428003,14.107484885522426,0.0,1.8724880820669737e-10
10,15,0.873051428003,14.298986685502896,0.999999,0.9999998642810689
10,16,0.873051428003,14.2989867192546,0.999998,0.9999990655639767
10,17,0.873051428003,14.341620100658485,2e-06,1.0695699816715205e-06
10,18,0.873051428003,15.389487782027404,1e-06,4.5084721339647254e-10
10,19,0.873051428003,16.724726420755,0.999999,0.999999998305531
10,20,0.873051428003,16.92894855322236,0.999997,0.9999999923962923
10,21,0.873051428003,17.406843840416755,1e-06,9.253496990590135e-09
10,22,0.873051428003,18.65928882144925,1e-06,4.224347209071609e-09
10,23,0.873051428003,19.225377611194343,0.999998,0.9999999985858894
10,24,0.873051428003,19.225377611503863,0.999998,0.9999999967447819
11,1,0.970057142226,-3.5207203805937692,0.0,7.854078992343282e-13
11,2,0.970057142226,-2.8396513616738006,1.0,0.9999999999998576
11,3,0.970057142226,-0.5348242963502228,0.0,6.9518265956740444e-12
11,4,0.970057142226,-0.2338429692457589,1.0,0.9999999999901839
11,5,0.970057142226,3.4383509719709715,1.0,0.9999999998192153
11,6,0.970057142226,3.4383509725435744,1.0,0.9999999999729804
11,7,0.970057142226,4.3290718641836445,0.0,2.2669796780518508e-10
11,8,0.970057142226,4.981170069516222,0.0,2.0644327307866682e-10
11,9,0.970057142226,6.725853078899911,1.0,0.9999999997068316
11,10,0.970057142226,7.326277570900783,1.0,0.9999999999089804
11,11,0.970057142226,8.323773608572848,1e-06,5.832310724784949e-11
11,12,0.970057142226,9.592686378048489,0.0,6.966896475594492e-11
11,13,0.970057142226,9.808651281885865,0.0,3.695709506088577e-11
11,14,0.970057142226,14.165558820265248,0.0,3.4864424972805994e-10
11,15,0.970057142226,15.084542800002577,0.999999,0.9999999999875003
11,16,0.970057142226,15.084542800658596,0.999999,0.9999999993343891
11,17,0.970057142226,15.204751936469313,1e-06,1.7422720384838096e-10
11,18,0.970057142226,15.684568223469261,1e-06,1.7051867821116708e-10
11,19,0.970057142226,17.35942257741993,0.999999,0.9999993439933949
11,20,0.970057142226,17.410803792977426,2e-06,6.582280735478489e-07
11,21,0.970057142226,17.759029926596742,0.999997,0.9999999977054149
11,22,0.970057142226,18.25086069431503,1e-06,1.0733219952109148e-09
11,23,0.970057142226,18.498513894014227,0.999998,0.9999999984247359
11,24,0.970057142226,18.4985138948492,0.999998,0.99999999835941
12,1,1.067062856448,-3.4557822594424112,0.0,7.187389009921648e-12
12,2,1.067062856448,-2.2453155511414784,1.0,0.9999999998441255
12,3,1.067062856448,-0.9367130510755656,1.0,0.9999999999878746
12,4,1.067062856448,-0.752167844288535,0.0,1.647198662920386e-10
12,5,1.067062856448,3.354801863077259,1.0,0.9999999996804294
12,6,1.067062856448,3.354801862794149,1.0,0.99999999994431
12,7,1.067062856448,4.81431454825098,0.0,2.5468423554583306e-10
12,8,1.067062856448,5.006952045886021,0.0,2.136611338540017e-10
12,9,1.067062856448,6.752930284522982,1.0,0.9999999996721287
12,10,1.067062856448,7.049104280512719,1.0,0.999999999827861
12,11,1.067062856448,7.961573963297108,1e-06,3.0646818401398557e-10
12,12,1.067062856448,9.554922510212764,0.0,6.056933778537257e-11
12,13,1.067062856448,9.624179934797887,0.0,3.6381720497695296e-11
12,14,1.067062856448,13.930974750345317,0.0,2.7371450851411523e-11
12,15,1.067062856448,15.859689397064681,0.999999,0.9999999996498439
12,16,1.067062856448,15.85968940268962,0.999999,0.999999981915547
12,17,1.067062856448,16.114823088335932,1e-06,1.3650279881815843e-08
12,18,1.067062856448,16.345505564853074,1e-06,4.963464514381749e-09
12,19,1.067062856448,17.535417038758435,1e-06,5.536033622390494e-09
12,20,1.067062856448,17.715646955068674,0.999997,0.9999999945925686
12,21,1.067062856448,17.715646961540344,0.999998,0.9999999641727776
12,22,1.067062856448,17.8187176090242,1e-06,5.615931228306363e-08
12,23,1.067062856448,18.058971541936838,0.999999,0.9999999779010887
12,24,1.067062856448,18.34838740813758,1e-06,2.9410796975040833e-09
13,1,1.164068570671,-3.4304453188479824,0.0,3.6079036457172783e-10
13,2,1.164068570671,-1.6092435715141893,1.0,0.9999999999378109
13,3,1.164068570671,-1.60924354864904,1.0,0.9999999997011433
13,4,1.164068570671,-0.8291419223340396,0.0,5.880643081534641e-13
13,5,1.164068570671,3.3268784495309545,1.0,0.9999999999874286
13,6,1.164068570671,3.3268784492465873,1.0,0.9999999999934146
13,7,1.164068570671,5.016558180514713,0.0,1.1190882960542615e-12
13,8,1.164068570671,5.016558182065877,0.0,2.4114853234643865e-13
13,9,1.164068570671,6.859227308286789,1.0,0.999999998605576
13,10,1.164068570671,6.859227388649512,1.0,0.9999999998585873
13,11,1.164068570671,7.789119270014062,1e-06,1.4029517849387392e-09
13,12,1.164068570671,9.561013469913425,0.0,6.00516860078428e-11
13,13,1.164068570671,9.56101347007615,0.0,9.01088625547844e-11
13,14,1.164068570671,13.823152373084927,0.0,6.098556627985376e-11
13,15,1.164068570671,16.384354546987726,1.0,0.9999999986766593
13,16,1.164068570671,16.38435454635902,1.0,0.9999999979789119
13,17,1.164068570671,16.787073520006725,1e-06,1.0784824566613327e-08
13,18,1.164068570671,16.787073519981174,2e-06,1.0769780725598776e-08
13,19,1.164068570671,17.18323539572788,0.999997,0.9999999805275686
13,20,1.164068570671,17.183235399011615,0.999997,0.9999999968510861
13,21,1.164068570671,17.50119135225618,2e-06,5.749470675396571e-09
13,22,1.164068570671,17.625327123570475,1e-06,1.056043634042766e-09
13,23,1.164068570671,17.625327124544118,1e-06,2.7475738334409957e-10
13,24,1.164068570671,18.822051543054904,0.999999,0.999999998969898
14,1,1.261074284893,-3.4557822592928598,0.0,3.5926770133980062e-12
14,2,1.261074284893,-1.5983851126955873,1.0,0.9999999999966531
14,3,1.261074284893,-1.598385096341459,0.999999,0.999999999999928
14,4,1.261074284893,-0.7521678440614593,0.0,4.729751128285532e-12
14,5,1.261074284893,3.2335633576085776,1.0,0.9999999999826945
14,6,1.261074284893,3.233563359354993,1.0,0.9999999999842428
14,7,1.261074284893,4.814314550112982,0.0,2.0934033622541048e-11
14,8,1.261074284893,5.006952044346086,0.0,1.623182204094476e-11
14,9,1.261074284893,7.029055442749243,1.0,0.9999999999580302
14,10,1.261074284893,7.029055493741474,1.0,0.9999999982387898
14,11,1.261074284893,7.961573960991463,1e-06,1.743925796370238e-09
14,12,1.261074284893,9.554922508962438,0.0,1.043663080792248e-11
14,13,1.261074284893,9.62417993694208,0.0,3.06053446096497e-11
14,14,1.261074284893,13.930974750319004,0.0,4.313625782584224e-11
14,15,1.261074284893,16.067622610733107,0.999999,0.9999997997268912
14,16,1.261074284893,16.06762279811803,0.999999,0.9999993763468589
14,17,1.261074284893,16.114823051819535,2e-06,8.219531653442235e-07
14,18,1.261074284893,16.345505566773888,2e-06,1.7539816039979962e-09
14,19,1.261074284893,16.94827136073702,0.999997,0.9999999991084728
14,20,1.261074284893,16.948271377061932,0.999997,0.9999999960386385
14,21,1.261074284893,17.535417035515835,1e-06,3.877036054842243e-09
14,22,1.261074284893,17.818717608849347,3e-06,1.0858033094116421e-09
14,23,1.261074284893,18.348387407443727,1e-06,1.1472279442535049e-09
14,24,1.261074284893,18.971674459530423,0.999999,0.999999999067343
15,1,1.358079999116,-3.5207203806668836,0.0,9.367273038591287e-14
15,2,1.358079999116,-1.5680218325917887,1.0,0.9999999999999819
15,3,1.358079999116,-1.5680218241327757,0.999999,0.9999999999997866
15,4,1.358079999116,-0.5348242962092249,0.0,1.2999777487265822e-11
15,5,1.358079999116,3.0049683475647853,1.0,0.9999999999341129
15,6,1.358079999116,3.004968347649783,1.0,0.9999999998676208
15,7,1.358079999116,4.329071865059473,0.0,1.9855640697151333e-10
15,8,1.358079999116,4.981170067961951,0.0,3.16204548319604e-11
15,9,1.358079999116,7.488560853214337,1.0,0.9999999997229378
15,10,1.358079999116,7.488560869595469,1.0,0.9999999982972332
15,11,1.358079999116,8.32377360686742,1e-06,1.6194606832166155e-09
15,12,1.358079999116,9.592686376729372,0.0,9.581547597669399e-11
15,13,1.358079999116,9.808651283517294,0.0,2.2205860249684814e-10
15,14,1.358079999116,14.165558818635942,0.0,8.257610400928431e-11
15,15,1.358079999116,15.16648717620735,0.999998,0.9999992334303688
15,16,1.358079999116,15.166487200078974,0.999999,0.9999998643343794
15,17,1.358079999116,15.204751905202212,2e-06,9.013707260745641e-07
15,18,1.358079999116,15.684568220518283,1e-06,1.872857219832234e-09
15,19,1.358079999116,16.832137199911053,0.999998,0.9999999991718087
15,20,1.358079999116,16.832137215210338,0.999998,0.9999999989774653
15,21,1.358079999116,17.410803825358695,1e-06,4.465118863123507e-10
15,22,1.358079999116,18.250860698778162,3e-06,1.0000259083157981e-09
15,23,1.358079999116,19.05359883853374,0.999998,0.9999999935055581
15,24,1.358079999116,19.053599490970896,0.999998,0.99999999918481
16,1,1.455085713338,-3.600717695585003,0.0,8.177050962779487e-14
16,2,1.455085713338,-1.5247450881227345,0.999999,0.9999999988758035
16,3,1.455085713338,-1.52474506953533,1.0,0.9999999999998506
16,4,1.455085713338,-0.2097160357847987,0.0,1.1865680101116623e-09
16,5,1.455085713338,2.73520182643656,1.0,0.9999999998934598
16,6,1.455085713338,2.7352018306303134,1.0,0.9999999998427782
16,7,1.455085713338,3.732699751772402,0.0,1.060843364164193e-11
16,8,1.455085713338,4.947138433504206,0.0,2.311246618004892e-10
16,9,1.455085713338,8.14715209418117,1.0,0.9999999998706737
16,10,1.455085713338,8.147152108834327,1.0,0.9999999999402949
16,11,1.455085713338,8.596562371654569,1e-06,1.4597651090660842e-10
16,12,1.455085713338,9.833495739849827,0.0,8.27000104020269e-12
16,13,1.455085713338,10.099570069273511,0.0,2.9908411872326393e-13
16,14,1.455085713338,14.09236930422455,0.999999,0.9999999978230485
16,15,1.455085713338,14.092369462851522,0.999992,0.9999933482165689
16,16,1.455085713338,14.107484784480198,7e-06,6.6516132695139505e-06
16,17,1.455085713338,14.341620144997666,1e-06,2.097508622704386e-09
16,18,1.455085713338,15.389487782064336,1e-06,3.531404506866788e-10
16,19,1.455085713338,16.812813266307625,0.999998,0.999999999813518
16,20,1.455085713338,16.81281328505249,0.999998,0.9999999997297386
16,21,1.455085713338,17.406843846078004,1e-06,1.9824036652855618e-10
16,22,1.455085713338,18.659288820279603,3e-06,7.614145779284953e-11
16,23,1.455085713338,19.128830964248593,0.999998,0.9999999987886273
16,24,1.455085713338,19.128832070320446,0.999998,0.9999999996503893
17,1,1.552091427561,-3.6728359127665335,0.0,2.6492089770690653e-10
17,2,1.552091427561,-1.479139496605477,0.999999,0.9999999997531557
17,3,1.552091427561,-1.479139469528571,1.0,0.9999999999797272
17,4,1.552091427561,0.1792605471863775,1e-06,5.5163865073819784e-11
17,5,1.552091427561,2.4970045749628857,1.0,0.9999999999471142
17,6,1.552091427561,2.497004572890375,1.0,0.9999999997992026
17,7,1.552091427561,3.1306246036339873,0.0,1.7727385497256584e-11
17,8,1.552091427561,4.914362451870946,0.0,2.0158486471204155e-10
17,9,1.552091427561,8.672980476266822,1e-06,1.1083433767415538e-11
17,10,1.552091427561,8.935662045162731,1.0,0.9999999999918958
17,11,1.552091427561,8.935662072667936,1.0,0.9999999998204282
17,12,1.552091427561,10.33598417608648,0.0,7.632297699107273e-11
17,13,1.552091427561,10.46847220847372,0.0,1.4215082707639534e-10
17,14,1.552091427561,13.005110694106452,0.999999,0.9999999994928438
17,15,1.552091427561,13.005111011456309,0.999999,0.9999999954137287
17,16,1.552091427561,13.507653684079262,1e-06,9.143040696486778e-11
17,17,1.552091427561,13.566860015593148,1e-06,4.874675589319134e-09
17,18,1.552091427561,15.607275666619582,1e-06,6.870436441183697e-10
17,19,1.552091427561,16.813671551339596,0.999998,0.9999999990232847
17,20,1.552091427561,16.81367156122454,0.999998,0.9999999994359595
17,21,1.552091427561,17.65411345838242,1e-06,8.934638484746976e-10
17,22,1.552091427561,19.025954114485106,3e-06,2.1440981279275397e-09
17,23,1.552091427561,19.205422951020548,0.999998,0.9999999980166727
17,24,1.552091427561,19.205424117082057,0.999998,0.9999999993406392
18,1,1.649097141784,-3.7216174628554675,0.0,1.1082057168503365e-11
18,2,1.649097141784,-1.4440739781169973,0.999999,0.9999999999913289
18,3,1.649097141784,-1.4440739466775105,0.999999,0.9999999999721725
18,4,1.649097141784,0.5567910215173526,1e-06,1.1129639331983184e-10
18,5,1.649097141784,2.336346284280225,1.0,0.9999999999961688
18,6,1.649097141784,2.3363462821271073,1.0,0.999999999874526
18,7,1.649097141784,2.6201094831374103,0.0,1.2132706003506213e-11
18,8,1.649097141784,4.891102382251853,0.0,2.987219903290095e-11
18,9,1.649097141784,8.667696789997187,1e-06,5.185881072903659e-12
18,10,1.649097141784,9.797530607774174,0.999999,0.9999999998222194
18,11,1.649097141784,9.797530642995351,1.0,0.9999999991123292
18,12,1.649097141784,10.848909937113152,0.0,7.824602344914024e-10
18,13,1.649097141784,10.94535373385599,1e-06,2.9451417915084896e-10
18,14,1.649097141784,11.965889073465501,0.999999,0.999999998060342
18,15,1.649097141784,11.965889314196776,0.999999,0.9999999999752806
18,16,1.649097141784,12.8034679531089,1e-06,9.41651825784571e-11
18,17,1.649097141784,12.94484633902689,1e-06,1.897198796416096e-09
18,18,1.649097141784,15.808524035012763,1e-06,5.035854201496761e-11
18,19,1.649097141784,16.81798627659048,0.999998,0.9999999996990204
18,20,1.649097141784,16.817986395368205,0.999998,0.9999999997791315
18,21,1.649097141784,18.228038740631604,1e-06,3.5938085201732375e-11
18,22,1.649097141784,19.265685183631145,0.999996,0.9999981676709533
18,23,1.649097141784,19.26568522409248,0.999996,0.9999985835676892
18,24,1.649097141784,19.30186986029714,7e-06,3.249066381678641e-06
19,1,1.746102856006,-3.738711810604177,0.0,1.082732119186176e-13
19,2,1.746102856006,-1.430903252615431,0.999999,0.9999999999885187
19,3,1.746102856006,-1.4309032533483907,1.0,0.9999999999258483
19,4,1.746102856006,0.7415092048808911,1e-06,1.0490264951928678e-10
19,5,1.746102856006,2.2797829163162207,1.0,0.9999999999735486
19,6,1.746102856006,2.2797829227776036,1.0,0.9999999999786786
19,7,1.746102856006,2.3904230339697423,0.0,9.624025196442166e-12
19,8,1.746102856006,4.882737731489058,0.0,8.088889658422294e-13
19,9,1.746102856006,8.659515164655238,1e-06,1.1950389868554117e-10
19,10,1.746102856006,10.445037876844726,0.999999,0.9999999982874963
19,11,1.746102856006,10.445037937622816,0.999999,0.9999999996347289
19,12,1.746102856006,11.046048718156488,0.0,1.298394123628851e-08
19,13,1.746102856006,11.259531911406958,0.999999,0.9999999350958659
19,14,1.746102856006,11.25953236833267,0.999999,0.9999999559593258
19,15,1.746102856006,11.335586935243409,1e-06,9.71748079076528e-08
19,16,1.746102856006,12.380792712327002,1e-06,4.100768842427684e-10
19,17,1.746102856006,12.667664727533896,1e-06,3.7368035398409997e-10
19,18,1.746102856006,15.869299354389405,1e-06,4.541746979505605e-11
19,19,1.746102856006,16.81989782100337,0.999998,0.999999999841844
19,20,1.746102856006,16.81989783748285,0.999998,0.9999999999332551
19,21,1.746102856006,18.783599251474882,2e-06,7.859741941999616e-10
19,22,1.746102856006,19.288755095630226,0.999997,0.9999999991435972
19,23,1.746102856006,19.28875590703656,0.999997,0.9999999864902601
19,24,1.746102856006,19.431844766658667,4e-06,1.3256341193619378e-08
20,1,1.83756072046,-3.31280587890212,0.0,2.142345548392538e-10
20,2,1.83756072046,-1.7976243119285016,0.999999,0.9999999999257116
20,3,1.83756072046,-1.0833081265880047,1.0,0.9999999998598291
20,4,1.83756072046,0.25381279623585673,1e-06,1.5199039928472398e-10
20,5,1.83756072046,2.0588627869404803,0.999424,0.9994245911424874
20,6,1.83756072046,2.059458837690146,0.000576,0.0005754088267101279
20,7,1.83756072046,2.6027425470270016,1.0,0.999999999874051
20,8,1.83756072046,4.6021161313639976,0.0,1.299201983524173e-11
20,9,1.83756072046,8.344585911041301,1e-06,1.1657506792915808e-10
20,10,1.83756072046,10.111478599357529,0.999999,0.999999999903968
20,11,1.83756072046,10.468122845619433,0.999999,0.9999999997157082
20,12,1.83756072046,11.26060739485241,0.999999,0.9999999989729057
20,13,1.83756072046,11.563987007491688,0.0,3.690538342523562e-09
20,14,1.83756072046,11.68040994440535,0.999999,0.999999996501412
20,15,1.83756072046,11.841149074203328,1e-06,3.975907003353335e-10
20,16,1.83756072046,12.74909310854721,1e-06,8.633520400033439e-10
20,17,1.83756072046,12.994891364558674,1e-06,1.3786697395439894e-11
20,18,1.83756072046,14.741401528523232,1e-06,3.222190520539204e-10
20,19,1.83756072046,15.988534161251778,0.999998,0.9999999996612347
20,20,1.83756072046,17.281102975963574,0.999998,0.9999999997614981
20,21,1.83756072046,18.75546004575956,0.999997,0.9999999997450885
20,22,1.83756072046,19.341722440121917,3e-06,1.1839669157933053e-10
20,23,1.83756072046,19.981732528114296,2e-06,1.6296306246245845e-10
20,24,1.83756072046,20.126769377913515,0.999997,0.9999999994979178
21,1,1.929018584915,-2.886754499756544,0.0,4.352807567312045e-11
21,2,1.929018584915,-2.152165992893133,0.999999,0.9999999998810386
21,3,1.929018584915,-0.8035916570048449,1.0,0.9999999999387501
21,4,1.929018584915,-0.17924485886227837,0.0,1.6541968838598595e-10
21,5,1.929018584915,1.8226960171515236,0.0,7.897765661175086e-11
21,6,1.929018584915,1.9933776719559875,1.0,0.9999999999239925
21,7,1.929018584915,2.9879596839492595,1.0,0.9999999999535474
21,8,1.929018584915,4.33208237255938,0.0,1.2706699997741162e-11
21,9,1.929018584915,8.031920313060981,1e-06,1.711973250742839e-10
21,10,1.929018584915,9.788761992113905,1.0,0.999999999760322
21,11,1.929018584915,10.141747577498418,0.999999,0.9999999999313152
21,12,1.929018584915,11.719720384096748,0.999999,0.9999999985191721
21,13,1.929018584915,12.131192571034111,1e-06,4.1238247254433054e-07
21,14,1.929018584915,12.203081082096274,0.999998,0.9999995770950789
21,15,1.929018584915,12.308467886230975,1e-06,1.1104764656115344e-08
21,16,1.929018584915,13.188186756117597,1e-06,9.649994714614563e-10
21,17,1.929018584915,13.408282072259203,1e-06,8.049824921835303e-10
21,18,1.929018584915,13.612998021334766,1e-06,2.8534815847803283e-10
21,19,1.929018584915,14.932941423311211,0.999999,0.9999999991552829
21,20,1.929018584915,17.419478782754837,0.999998,0.9999999998362086
21,21,1.929018584915,18.435539922744,0.999997,0.9999999999109535
21,22,1.929018584915,19.931455295648796,2e-06,1.313606117313654e-09
21,23,1.929018584915,20.51065295692514,1e-06,7.840256398104853e-09
21,24,1.929018584915,20.551971543432032,0.999999,0.9999999906099137
22,1,2.020476449369,-2.488072974005134,0.0,8.973380092429746e-11
22,2,2.020476449369,-2.4765730189970934,0.999999,0.9999999999168204
22,3,2.020476449369,-0.6404642287099871,1.0,0.999999999979956
22,4,2.020476449369,-0.5564426625758453,0.0,3.825560188240826e-12
22,5,2.020476449369,1.7062863822095782,0.0,7.25812365987116e-11
22,6,2.020476449369,2.133617275605234,1.0,0.9999999998859126
22,7,2.020476449369,3.4047019567085215,1.0,0.9999999999261101
22,8,2.020476449369,4.082517547286492,0.0,1.194638754043348e-10
22,9,2.020476449369,7.74017676459806,1e-06,9.810820550697996e-11
22,10,2.020476449369,9.533530609314036,1.0,0.9999999999010818
22,11,2.020476449369,9.788429963263564,0.999999,0.9999999999499637
22,12,2.020476449369,11.98625975619516,1e-06,5.934834192649639e-11
22,13,2.020476449369,12.309861320948439,0.999999,0.999999999629739
22,14,2.020476449369,12.74476191646667,0.0,2.0437906997557814e-09
22,15,2.020476449369,12.76982994308136,0.999999,0.9999999969116077
22,16,2.020476449369,13.323310107196232,1e-06,7.40777904567549e-10
22,17,2.020476449369,13.680903511866607,1e-06,8.991044759656869e-10
22,18,2.020476449369,13.807981843314872,0.999999,0.9999999996341468
22,19,2.020476449369,13.895971942820985,1e-06,2.76793291267797e-10
22,20,2.020476449369,17.33005077586708,0.999998,0.9999999998829256
22,21,2.020476449369,18.208127703210117,0.999998,0.9999999999344757
22,22,2.020476449369,19.664459442233433,0.999999,0.99999999982504
22,23,2.020476449369,20.55079204574374,1e-06,2.8023107955341685e-10
22,24,2.020476449369,21.127809168488817,1e-06,2.641238082211341e-10
23,1,2.111934313823,-2.760563765276657,0.999999,0.9999999999501826
23,2,2.111934313823,-2.149868131249161,0.0,1.6194965895072985e-10
23,3,2.111934313823,-0.8768639324141936,0.0,4.8467491679877027e-11
23,4,2.111934313823,-0.5992986869916099,1.0,0.999999999763753
23,5,2.111934313823,1.7391489201323602,0.0,7.996668400886649e-11
23,6,2.111934313823,2.483227072003652,1.0,0.999999999994325
23,7,2.111934313823,3.8245669898104246,1.0,0.9999999816297415
23,8,2.111934313823,3.8610662969526,0.0,1.836104951129574e-08
23,9,2.111934313823,7.481043614174089,1e-06,2.7668234277594664e-11
23,10,2.111934313823,9.363210275897302,1.0,0.9999999994416824
23,11,2.111934313823,9.45820406093508,0.999999,0.9999999995222731
23,12,2.111934313823,10.890785942616303,0.0,1.114131592645388e-09
23,13,2.111934313823,12.691645357306918,0.999999,0.9999999994995297
23,14,2.111934313823,12.977324077377933,0.999999,0.9999999942723903
23,15,2.111934313823,13.35409451339406,0.999999,0.99999996156565
23,16,2.111934313823,13.400349168493461,0.0,4.2689578039169297e-08
23,17,2.111934313823,13.892241562846587,1e-06,1.2808852487847195e-09
23,18,2.111934313823,14.212015497054026,1e-06,2.4315377787392447e-10
23,19,2.111934313823,14.446450462526201,1e-06,5.561982317736251e-10
23,20,2.111934313823,17.02127974627997,0.999998,0.9999999997372281
23,21,2.111934313823,18.02465928363954,0.999998,0.9999999999527984
23,22,2.111934313823,18.872956443245364,0.999998,0.9999999999418735
23,23,2.111934313823,21.01842808978421,0.0,3.6469955556924163e-10
23,24,2.111934313823,21.39930514078569,3e-06,5.245607599142721e-10
24,1,2.203392178277,-2.9982280129290215,1.0,0.9999999999627168
24,2,2.203392178277,-1.8995477703248331,0.0,3.134447516096035e-12
24,3,2.203392178277,-1.1398819477181492,0.0,4.3177466845645595e-11
24,4,2.203392178277,-0.6369374254076092,1.0,0.9999999999297505
24,5,2.203392178277,1.9390053980860054,0.0,7.200105199539729e-11
24,6,2.203392178277,2.9925166607201845,1.0,0.9999999999764585
24,7,2.203392178277,3.673434180367081,0.0,9.405942567567883e-11
24,8,2.203392178277,4.217888920329275,1.0,0.9999999998367495
24,9,2.203392178277,7.261942487956734,1e-06,1.9476828293268284e-10
24,10,2.203392178277,9.147018502274083,0.999999,0.9999999999340192
24,11,2.203392178277,9.287725966611822,1.0,0.9999999999351735
24,12,2.203392178277,9.772163916346493,0.0,5.2546190223526283e-11
24,13,2.203392178277,11.648063984053483,0.999999,0.9999999999306469
24,14,2.203392178277,13.699094994477639,0.999999,0.9999999946538994
24,15,2.203392178277,13.906648008585105,0.999999,0.9999999987323044
24,16,2.203392178277,14.090506614993714,0.0,5.622624652194455e-09
24,17,2.203392178277,14.589951674814571,1e-06,1.007721053389227e-09
24,18,2.203392178277,14.764821004404583,1e-06,1.514813457436525e-10
24,19,2.203392178277,15.047014355258128,2e-06,1.4335932821142192e-10
24,20,2.203392178277,16.52054700760686,0.999999,0.9999999998092434
24,21,2.203392178277,17.872491291046746,0.999999,0.9999999998869357
24,22,2.203392178277,18.36807212081087,0.999998,0.9999999998115474
24,23,2.203392178277,20.73451657025031,1e-06,1.1017181979888769e-09
24,24,2.203392178277,20.842068445919328,3e-06,1.9159677659243837e-09
25,1,2.294850042731,-3.185883791622289,1.0,0.9999999999999448
25,2,2.294850042731,-1.7417427698543837,0.0,7.567589712787105e-14
25,3,2.294850042731,-1.3449610069735867,0.0,9.27643460633659e-15
25,4,2.294850042731,-0.7043457536073459,1.0,0.999999999999991
25,5,2.294850042731,2.290995208947345,0.0,1.8577867520778758e-14
25,6,2.294850042731,3.523775226250604,0.0,5.77002522790982e-14
25,7,2.294850042731,3.5970539280504665,1.0,0.9999999999998712
25,8,2.294850042731,4.554457786988248,1.0,0.9999999999999439
25,9,2.294850042731,7.087679054362867,1e-06,1.4047899645727998e-13
25,10,2.294850042731,8.727167192147789,0.0,5.423954241969594e-13
25,11,2.294850042731,8.824477626976174,0.999999,0.9999999999997287
25,12,2.294850042731,9.307193087592593,1.0,0.9999999999999755
25,13,2.294850042731,10.733210026594294,1.0,0.9999999999998964
25,14,2.294850042731,14.279647694134766,1.0,0.9999999999978187
25,15,2.294850042731,14.477773061679763,0.999999,0.9999999999968255
25,16,2.294850042731,14.801366430369173,0.0,4.251264486254723e-12
25,17,2.294850042731,15.316454700742572,1e-06,3.5026575705971653e-12
25,18,2.294850042731,15.338847265758286,1e-06,8.472830717405424e-13
25,19,2.294850042731,15.68146012534776,2e-06,8.947867881902747e-13
25,20,2.294850042731,16.098226267280065,0.999999,0.9999999999726875
25,21,2.294850042731,17.75060144952071,0.999999,0.9999999999855355
25,22,2.294850042731,18.0823116295538,0.999998,0.9999999999886076
25,23,2.294850042731,20.2023052718444,0.999997,0.9999999770992662
25,24,2.294850042731,20.240480650804045,1e-06,3.4594545224050986e-10
26,1,2.386307907185,-3.321288032669171,1.0,0.9999999999017692
26,2,2.386307907185,-1.6573052953268568,0.0,9.772963971647627e-11
26,3,2.386307907185,-1.4916912986892419,0.0,1.1903145280055636e-12
26,4,2.386307907185,-0.7690890873111255,1.0,0.9999999999889247
26,5,2.386307907185,2.7337333314321066,0.0,8.167624689606328e-11
26,6,2.386307907185,3.4149893270434646,0.0,8.635913542996922e-10
26,7,2.386307907185,4.228047987189431,1.0,0.9999999994987252
26,8,2.386307907185,4.808518941505303,1.0,0.9999999994786836
26,9,2.386307907185,6.961348911544675,1e-06,2.1189858808368889e-10
26,10,2.386307907185,7.812630172405285,0.0,1.0048872206505918e-10
26,11,2.386307907185,8.436228884309372,0.999999,0.9999999999272684
26,12,2.386307907185,9.40003947363252,1.0,0.9999999999601875
26,13,2.386307907185,10.049680007486371,1.0,0.9999999998886681
26,14,2.386307907185,14.22562185607076,1.0,0.9999999996308614
26,15,2.386307907185,15.303835993314477,0.999998,0.9999999374927284
26,16,2.386307907185,15.501993396579733,0.0,5.895626771698669e-08
26,17,2.386307907185,15.828191963333497,0.0,5.280111950998705e-09
26,18,2.386307907185,16.107304123027212,1e-06,3.983649246807411e-09
26,19,2.386307907185,16.15236625916287,0.999999,0.9999999930701396
26,20,2.386307907185,16.322113445454622,2e-06,2.2992521189883046e-09
26,21,2.386307907185,17.660934601932144,0.999999,0.999999999880006
26,22,2.386307907185,17.89533617015027,0.999998,0.9999999993842701
26,23,2.386307907185,19.182979904002607,0.999998,0.9999999992069064
26,24,2.386307907185,19.651790205845632,2e-06,4.727022329256517e-09
27,1,2.477765771639,-3.403036978976781,1.0,0.9999999999990937
27,2,2.477765771639,-1.6195788726874192,0.0,2.0229571901806824e-12
27,3,2.477765771639,-1.5798184584325334,0.0,4.2190675038238934e-13
27,4,2.477765771639,-0.8135021322753176,1.0,0.9999999999952687
27,5,2.477765771639,3.145320185463158,0.0,6.74918153254604e-11
27,6,2.477765771639,3.348997689444114,0.0,4.710969129442203e-11
27,7,2.477765771639,4.77495913599701,1.0,0.9999999999130049
27,8,2.477765771639,4.964378923298374,1.0,0.99999999995346
27,9,2.477765771639,6.8849201746597775,0.0,2.276531659412053e-10
27,10,2.477765771639,7.129355897957311,0.0,3.616841463255842e-10
27,11,2.477765771639,8.005522789457842,0.999999,0.9999999994699292
27,12,2.477765771639,9.510575771823868,1.0,0.9999999999803859
27,13,2.477765771639,9.67264632306263,1.0,0.9999999999790425
27,14,2.477765771639,13.951918366747922,1.0,0.9999999999074459
27,15,2.477765771639,16.107528743620506,0.0,5.941764248247576e-09
27,16,2.477765771639,16.15709571198527,0.999998,0.999999942069048
27,17,2.477765771639,16.225331103607413,0.0,5.179591534325955e-08
27,18,2.477765771639,16.541741414492474,0.999999,0.9999999860937511
27,19,2.477765771639,16.819449275500684,1e-06,1.0816396988390796e-08
27,20,2.477765771639,16.89934691732778,2e-06,7.113131904458559e-09
27,21,2.477765771639,17.604173538202947,0.999999,0.99999999734906
27,22,2.477765771639,17.7329163132206,0.999999,0.9999999991472569
27,23,2.477765771639,18.211781674203365,0.999998,0.9999999976727316
27,24,2.477765771639,19.09821153721534,2e-06,3.177222281022398e-10
28,1,2.569223636094,-3.4304453194212305,1.0,0.9999999999791732
28,2,2.569223636094,-1.6092435644716254,0.0,1.3426887755468757e-11
28,3,2.569223636094,-1.6092435549708692,0.0,7.339525952721965e-12
28,4,2.569223636094,-0.8291419223949987,1.0,0.9999999999833156
28,5,2.569223636094,3.326878449612447,0.0,2.4672920714083086e-11
28,6,2.569223636094,3.3268784495768244,0.0,6.151585533135798e-11
28,7,2.569223636094,5.016558180202244,1.0,0.9999999999868208
28,8,2.569223636094,5.01655818239151,1.0,0.9999999999583468
28,9,2.569223636094,6.859227335118838,0.0,7.834037173304983e-10
28,10,2.569223636094,6.859227360907727,0.0,2.441211967367829e-11
28,11,2.569223636094,7.789119270776808,0.999999,0.9999999992563393
28,12,2.569223636094,9.561013470796107,1.0,0.9999999999431304
28,13,2.569223636094,9.561013469327994,1.0,0.9999999999757211
28,14,2.569223636094,13.823152373030547,1.0,0.9999999999263985
28,15,2.569223636094,16.3843545468239,0.0,2.196862904389382e-09
28,16,2.569223636094,16.38435454515665,0.0,1.6240685753667507e-10
28,17,2.569223636094,16.787073515675768,0.999998,0.9999999982847527
28,18,2.569223636094,16.787073516957957,0.999998,0.9999999953926527
28,19,2.569223636094,17.183235403108032,1e-06,1.2619902802840734e-08
28,20,2.569223636094,17.18323540623785,2e-06,1.815196507183682e-08
28,21,2.569223636094,17.50119135842181,0.999998,0.9999999887044293
28,22,2.569223636094,17.625327110659967,0.999999,0.9999999872443311
28,23,2.569223636094,17.625327121828555,0.999999,0.9999999962734092
28,24,2.569223636094,18.822051543596647,1e-06,2.587348938614428e-10
29,1,2.653233048923,-3.5303795430831517,1.0,0.9999999999389853
29,2,2.653233048923,-1.9254189642274533,0.0,4.511019648671266e-11
29,3,2.653233048923,-1.273332409074208,0.0,1.581600322894451e-11
29,4,2.653233048923,-0.6856252173652374,1.0,0.9999999999781599
29,5,2.653233048923,3.228436540575894,0.0,1.3929561335972149e-11
29,6,2.653233048923,3.3462964676514444,0.0,2.0130677063461974e-11
29,7,2.653233048923,5.029133787498027,1.0,0.9999999999538909
29,8,2.653233048923,5.029133788342159,1.0,0.9999999999837519
29,9,2.653233048923,6.854066298988987,0.0,9.283056774244566e-10
29,10,2.653233048923,7.055131177253085,0.0,3.620779688361256e-11
29,11,2.653233048923,7.8033467802761445,0.999999,0.9999999991033641
29,12,2.653233048923,9.57601604963042,1.0,0.9999999999843342
29,13,2.653233048923,9.576016050199563,1.0,0.9999999999932008
29,14,2.653233048923,13.846725863130162,1.0,0.9999999998061908
29,15,2.653233048923,16.04587671363258,0.0,1.876507785507182e-09
29,16,2.653233048923,16.09634389767329,1e-06,1.4861363648444718e-08
29,17,2.653233048923,16.263068531636186,0.999999,0.9999999896059121
29,18,2.653233048923,16.263068533016195,0.999999,0.9999999932908599
29,19,2.653233048923,17.159374931093165,2e-06,8.628503441667957e-07
29,20,2.653233048923,17.1758835837006,0.999991,0.9999924674237413
29,21,2.653233048923,17.192340147400646,7e-06,6.670608636340924e-06
29,22,2.653233048923,18.200093189824237,0.999999,0.9999999973427912
29,23,2.653233048923,18.200093189499796,0.999999,0.9999999978439155
29,24,2.653233048923,18.593908410507623,0.0,4.829918160348076e-09
30,1,2.737242461752,-3.77931569974312,1.0,0.9999999999922174
30,2,2.737242461752,-2.214675958331696,0.0,3.018603017531005e-12
30,3,2.737242461752,-0.9308540886687842,0.0,7.606982748122987e-12
30,4,2.737242461752,-0.3066412246936085,1.0,0.9999999999885647
30,5,2.737242461752,2.988685609751969,0.0,4.0070741086438085e-11
30,6,2.737242461752,3.4042249273244254,0.0,5.782823158864981e-12
30,7,2.737242461752,5.066789486200152,1.0,0.999999999903042
30,8,2.737242461752,5.066789488075558,1.0,0.999999999973599
30,9,2.737242461752,6.925761979047027,0.0,8.281783262564838e-11
30,10,2.737242461752,7.50479752077133,0.0,3.0174608482899057e-09
30,11,2.737242461752,7.8456762087862195,0.999999,0.999999997016033
30,12,2.737242461752,9.618071555227873,1.0,0.9999999999720715
30,13,2.737242461752,9.61807155605981,1.0,0.9999999999964959
30,14,2.737242461752,13.912321378796952,1.0,0.9999999998752718
30,15,2.737242461752,15.336463316050624,0.0,5.291522486259334e-09
30,16,2.737242461752,15.423842214765637,1e-06,2.127708095484324e-07
30,17,2.737242461752,15.52385169603571,0.999999,0.9999998229221214
30,18,2.737242461752,15.523851708231383,0.999999,0.9999999587498567
30,19,2.737242461752,16.535239445094884,0.999998,0.9999999992949681
30,20,2.737242461752,17.09138501089362,1e-06,2.9991419447117405e-10
30,21,2.737242461752,17.144275119565002,0.0,9.263038035767387e-10
30,22,2.737242461752,18.5693645017803,0.0,6.354010848234354e-09
30,23,2.737242461752,19.032642177664027,1e-06,1.6098613785155057e-07
30,24,2.737242461752,19.087625026164687,0.999999,0.9999999634532201
31,1,2.821251874581,-4.093119240575048,1.0,0.9999999999064946
31,2,2.821251874581,-2.4730384420272196,0.0,6.5383649546285e-11
31,3,2.821251874581,-0.6056774451817101,0.0,3.719817556861227e-11
31,4,2.821251874581,0.22292947876818925,1.0,0.9999999999510951
31,5,2.821251874581,2.716049675125727,0.0,1.6574728524158091e-10
31,6,2.821251874581,3.4996808227283758,0.0,2.814582562833765e-11
31,7,2.821251874581,5.129407149228673,1.0,0.9999999999304958
31,8,2.821251874581,5.129407149285792,1.0,0.9999999998762147
31,9,2.821251874581,7.050233375837549,0.0,1.9017812510199137e-09
31,10,2.821251874581,7.91597956654209,0.999999,0.9999999963453515
31,11,2.821251874581,8.14132485932117,0.0,1.8835660295393243e-09
31,12,2.821251874581,9.677889132678242,1.0,0.9999999999166621
31,13,2.821251874581,9.677889134132162,1.0,0.9999999999898176
31,14,2.821251874581,13.997130714413952,1.0,0.9999999947963236
31,15,2.821251874581,14.527390424617382,0.0,7.006028810477049e-09
31,16,2.821251874581,14.599898735570592,1e-06,4.768880028293373e-09
31,17,2.821251874581,14.83357751310688,0.999999,0.9999999967164234
31,18,2.821251874581,14.833577512353108,1.0,0.9999999979687536
31,19,2.821251874581,15.85197044427656,0.999998,0.9999999985843954
31,20,2.821251874581,16.98681018362261,0.0,7.165921482318196e-11
31,21,2.821251874581,17.05041443240722,0.0,1.0720588565186579e-10
31,22,2.821251874581,18.594108947829145,0.0,4.669359110477675e-10
31,23,2.821251874581,19.063507613739517,1e-06,1.6922860244620666e-10
31,24,2.821251874581,20.008853475611033,0.999999,0.999999998923769
32,1,2.90526128741,-4.4182175189093025,1.0,0.9999999999977087
32,2,2.90526128741,-2.6985077090042697,0.0,9.15969722652112e-12
32,3,2.90526128741,-0.3391937109724498,0.0,9.527762027156695e-12
32,4,2.90526128741,0.8477124576764199,1.0,0.9999999998960948
32,5,2.90526128741,2.5127359489416343,0.0,1.5924206638626915e-10
32,6,2.90526128741,3.630846959835692,0.0,3.845607859864242e-11
32,7,2.90526128741,5.216561444465736,1.0,0.9999999998948408
32,8,2.90526128741,5.216561446964105,1.0,0.9999999997938421
32,9,2.90526128741,7.222790917514308,0.0,2.2496169320389504e-10
32,10,2.90526128741,8.012986163119253,0.999999,0.9999999997610436
32,11,2.90526128741,8.901455450195604,0.0,2.8608456247188135e-10
32,12,2.90526128741,9.73800907911994,1.0,0.9999999999944077
32,13,2.90526128741,9.738009077820958,1.0,0.999999999930597
32,14,2.90526128741,13.709386647176368,0.0,4.446894236446276e-11
32,15,2.90526128741,13.727175853325912,1e-06,3.88057330662362e-10
32,16,2.90526128741,14.015579640149637,1.0,0.9999999995935551
32,17,2.90526128741,14.233836153475444,0.999999,0.9999999999717911
32,18,2.90526128741,14.23383615548103,0.999999,0.9999999999895569
32,19,2.90526128741,15.2678748419123,0.999998,0.9999999999790864
32,20,2.90526128741,16.8488597052075,0.0,4.0035701330115677e-11
32,21,2.90526128741,16.947620877175417,0.0,1.3865971782023853e-10
32,22,2.90526128741,18.59554150555664,0.0,7.264521459967516e-10
32,23,2.90526128741,19.08822967356859,0.0,2.2784436807049e-11
32,24,2.90526128741,19.779691856898907,0.999999,0.9999999991800353
33,1,2.989270700239,-4.727552685963732,1.0,0.9999999999890543
33,2,2.989270700239,-2.8905539670207703,0.0,1.5803380839030813e-12
33,3,2.989270700239,-0.18686558272726947,0.0,1.901731065042269e-11
33,4,2.989270700239,1.5381503139534587,1.0,0.9999999998651468
33,5,2.989270700239,2.466899702284374,0.0,1.3300710834176975e-10
33,6,2.989270700239,3.7947993295149463,0.0,1.0741286824574016e-10
33,7,2.989270700239,5.327329491305044,1.0,0.9999999998966632
33,8,2.989270700239,5.327329490303717,1.0,0.9999999999774761
33,9,2.989270700239,7.439194743337131,0.0,1.3850701422546738e-09
33,10,2.989270700239,8.13495114995176,0.999999,0.9999999985000319
33,11,2.989270700239,9.746167060504613,4e-06,3.179776753210236e-06
33,12,2.989270700239,9.77169066385756,0.999997,0.999996820382154
33,13,2.989270700239,9.771690744735173,1.0,0.9999999998662626
33,14,2.989270700239,12.849089882512601,1e-06,9.182737959214369e-11
33,15,2.989270700239,12.917024207118539,0.0,6.446838689214762e-10
33,16,2.989270700239,13.73911546853001,0.999999,0.9999999995349889
33,17,2.989270700239,13.75770669391813,0.999999,0.9999999999650544
33,18,2.989270700239,13.757706693599928,0.999999,0.9999999998914251
33,19,2.989270700239,15.01877790234728,0.999999,0.9999999997234826
33,20,2.989270700239,16.668167049136255,0.0,2.3255182174329367e-10
33,21,2.989270700239,16.855742622038555,0.0,1.0145815691953573e-10
33,22,2.989270700239,18.543886744438186,0.0,6.309282461709105e-09
33,23,2.989270700239,18.89485806360032,0.999998,0.999999988056333
33,24,2.989270700239,19.07116528501244,1e-06,4.937499144826534e-09
34,1,3.073280113068,-5.007639425245259,1.0,0.9999999999921909
34,2,3.073280113068,-3.049637545167825,0.0,3.1000724574876046e-13
34,3,3.073280113068,-0.17891494778273473,0.0,1.3697690321480433e-11
34,4,3.073280113068,2.2763799047044304,1.0,0.999999999799985
34,5,3.073280113068,2.625085510349317,0.0,6.062787305791865e-11
34,6,3.073280113068,3.9870169213796376,0.0,1.7787106274266127e-10
34,7,3.073280113068,5.459777336784606,1.0,0.9999999999925578
34,8,3.073280113068,5.459777338355781,1.0,0.9999999999696888
34,9,3.073280113068,7.692475818408229,0.0,4.9200007591926945e-09
34,10,3.073280113068,8.27831373692828,1.0,0.9999999949190912
34,11,3.073280113068,9.746242673478909,1.0,0.999999999926348
34,12,3.073280113068,9.746242671955565,1.0,0.9999999998980443
34,13,3.073280113068,10.642522004704754,0.0,1.223329936328468e-10
34,14,3.073280113068,11.999289653127386,1e-06,1.5550032682237001e-09
34,15,3.073280113068,12.168645077335057,0.0,4.207228018771841e-11
34,16,3.073280113068,13.149757899793414,0.999999,0.9999999989761985
34,17,3.073280113068,13.439071871987261,1.0,0.9999999996879041
34,18,3.073280113068,13.439071877636486,1.0,0.9999999999105789
34,19,3.073280113068,15.099882113699818,1.0,0.9999999998524647
34,20,3.073280113068,16.416637273795686,0.0,1.135125636124544e-10
34,21,3.073280113068,16.784837231326872,0.0,4.315689583951265e-11
34,22,3.073280113068,17.98016462431517,0.999999,0.9999999994360985
34,23,3.073280113068,18.43561516542447,0.0,2.48546781556699e-10
34,24,3.073280113068,18.90382930330605,0.0,5.769134054759572e-10
35,1,3.157289525897,-5.251211118988975,1.0,0.9999999999728054
35,2,3.157289525897,-3.1770910333964175,0.0,3.784219110430765e-12
35,3,3.157289525897,-0.2829313142622425,0.0,2.3090544939994253e-11
35,4,3.157289525897,2.9613274405883474,0.0,2.1832241328559314e-11
35,5,3.157289525897,3.048737108184919,1.0,0.9999999995818698
35,6,3.157289525897,4.200557490612839,0.0,4.0138500141173086e-10
35,7,3.157289525897,5.610371292880924,1.0,0.9999999997987703
35,8,3.157289525897,5.610371291185121,1.0,0.9999999999851109
35,9,3.157289525897,7.969174169311401,0.0,3.978434587304324e-09
35,10,3.157289525897,8.437365217658527,1.0,0.9999999962115983
35,11,3.157289525897,9.638455824603385,1.0,0.999999999786282
35,12,3.157289525897,9.638455825275434,1.0,0.999999999946447
35,13,3.157289525897,11.059709716724733,0.0,1.8379521034905279e-10
35,14,3.157289525897,11.477954906902587,0.0,1.1344659935124312e-09
35,15,3.157289525897,11.71061682381011,0.0,3.1315457682881373e-09
35,16,3.157289525897,12.451210709240192,0.999999,0.9999999958737085
35,17,3.157289525897,13.300569910874865,1.0,0.999999999934584
35,18,3.157289525897,13.300569910280998,1.0,0.9999999999438683
35,19,3.157289525897,15.238674358404626,1.0,0.9999999999577317
35,20,3.157289525897,16.055391946906646,0.0,3.439375842050945e-10
35,21,3.157289525897,16.739497112367538,0.0,4.661125230599e-11
35,22,3.157289525897,17.2090848742766,0.999999,0.9999999994924305
35,23,3.157289525897,18.28310597992864,0.0,7.425071956929664e-11
35,24,3.157289525897,18.37320155685344,0.0,1.3442538641942563e-10
36,1,3.241298938726,-5.4540568804994765,1.0,0.9999999999895841
36,2,3.241298938726,-3.2750954561741557,0.0,1.3476183753126235e-12
36,3,3.241298938726,-0.436834771073127,0.0,9.207498226994238e-12
36,4,3.241298938726,3.4129954758408365,0.0,3.965153116336024e-13
36,5,3.241298938726,3.8401921749164534,1.0,0.9999999999992079
36,6,3.241298938726,4.42482897522773,0.0,2.0294648588139044e-12
36,7,3.241298938726,5.772842526650905,1.0,0.9999999999972121
36,8,3.241298938726,5.772842525973195,1.0,0.999999999982078
36,9,3.241298938726,8.23894868591414,0.0,5.510389215840993e-09
36,10,3.241298938726,8.601514370141924,1.0,0.9999999949142154
36,11,3.241298938726,9.454158636031117,1.0,0.9999999993488516
36,12,3.241298938726,9.45415863785387,1.0,0.999999999528759
36,13,3.241298938726,10.346201227280199,0.0,7.477602868552277e-11
36,14,3.241298938726,10.85976288801711,0.0,2.08721858810147e-09
36,15,3.241298938726,11.722421023974036,0.999999,0.9999999983400504
36,16,3.241298938726,12.644620766840168,0.0,3.336586892264564e-10
36,17,3.241298938726,13.333137306990253,1.0,0.9999999998400048
36,18,3.241298938726,13.333137307095695,1.0,0.9999999999248693
36,19,3.241298938726,15.179699995455097,1.0,0.9999999970059753
36,20,3.241298938726,15.589924120366927,0.0,2.9504017821619504e-09
36,21,3.241298938726,16.72081712235672,0.0,1.082295237110416e-07
36,22,3.241298938726,16.80012440100219,1.0,0.9999998918256823
36,23,3.241298938726,17.972508984238907,0.0,8.428462950194786e-11
36,24,3.241298938726,18.107430191616473,0.0,1.188014692835347e-10
37,1,3.325308351555,-5.613759175047514,1.0,0.9999999999989871
37,2,3.325308351555,-3.3464487487255976,0.0,2.0962126456058616e-13
37,3,3.325308351555,-0.5919860095972076,0.0,7.969389239040345e-13
37,4,3.325308351555,3.921303636141071,0.0,1.0186634593240257e-11
37,5,3.325308351555,4.628886908661197,1.0,0.9999999348986266
37,6,3.325308351555,4.643855187875087,0.0,6.51185225579426e-08
37,7,3.325308351555,5.936439516613789,1.0,0.9999999999881941
37,8,3.325308351555,5.936439517047968,1.0,0.9999999998400392
37,9,3.325308351555,8.414178485305124,0.0,8.394076929776216e-09
37,10,3.325308351555,8.752059033263427,1.0,0.9999999931691915
37,11,3.325308351555,9.229609252381724,1.0,0.9999999983086004
37,12,3.325308351555,9.229609253992633,1.0,0.9999999992833974
37,13,3.325308351555,9.737086763988755,0.0,1.0642780146293676e-09
37,14,3.325308351555,10.332407122993393,0.0,4.626100661582666e-09
37,15,3.325308351555,10.999186768996283,0.999999,0.9999999953353181
37,16,3.325308351555,13.493435994720757,1.0,0.9999998530063994
37,17,3.325308351555,13.493436017222551,0.999999,0.9999996063185554
37,18,3.325308351555,13.583286445093325,1e-06,5.407031867724965e-07
37,19,3.325308351555,14.820703036770052,1.0,0.9999999855238133
37,20,3.325308351555,15.148866573106867,0.0,1.4425054788189359e-08
37,21,3.325308351555,16.726356200880318,0.0,1.1376888381676577e-09
37,22,3.325308351555,16.8512883665772,1.0,0.9999999989282358
37,23,3.325308351555,17.746035449736283,0.0,5.728114226813021e-11
37,24,3.325308351555,17.930767087195363,0.0,9.047693684802977e-11
38,1,3.409317764384,-5.728736463863775,1.0,0.9999999999780836
38,2,3.409317764384,-3.394255007347947,0.0,6.84190892521664e-13
38,3,3.409317764384,-0.7189337956532491,0.0,2.081366224160455e-11
38,4,3.409317764384,4.427754631775762,0.0,9.847907889450607e-10
38,5,3.409317764384,4.834652865130546,0.0,3.792377502342996e-12
38,6,3.409317764384,5.3726540625618755,1.0,0.9999999992802362
38,7,3.409317764384,6.083881703247097,1.0,0.9999999997235528
38,8,3.409317764384,6.083881704769204,1.0,0.9999999998658795
38,9,3.409317764384,8.293455506453538,0.0,3.415215083154127e-10
38,10,3.409317764384,8.854017344645209,1.0,0.999999999498117
38,11,3.409317764384,9.01434072209174,1.0,0.9999999999148459
38,12,3.409317764384,9.014340723116376,1.0,0.9999999985057023
38,13,3.409317764384,9.477483246546514,0.0,1.2595398352651845e-10
38,14,3.409317764384,9.920414073032608,0.0,1.8048354549979367e-09
38,15,3.409317764384,10.33673275507188,0.999999,0.9999999998851226
38,16,3.409317764384,13.715331769082196,1.0,0.9999999993126439
38,17,3.409317764384,13.715331773009588,1.0,0.9999999824802818
38,18,3.409317764384,14.068287881252086,0.0,2.2100066834672755e-08
38,19,3.409317764384,14.406241517986798,1.0,0.9999999949594113
38,20,3.409317764384,15.236427261541124,0.0,9.153974108698297e-10
38,21,3.409317764384,16.748993887874853,0.0,1.4135547069035406e-09
38,22,3.409317764384,17.107010496189506,1.0,0.9999999967419626
38,23,3.409317764384,17.629849341131287,0.0,1.4490859061365028e-09
38,24,3.409317764384,17.775590884638035,0.0,1.5204191343748585e-08
39,1,3.493327177213,-5.798077781993798,1.0,0.999999999982638
39,2,3.493327177213,-3.4215613048989906,0.0,6.1670561488331914e-12
39,3,3.493327177213,-0.8009036918445861,0.0,9.803067901008144e-12
39,4,3.493327177213,4.843219948467889,0.0,6.309011375278283e-10
39,5,3.493327177213,4.968105288121163,0.0,4.6252991664409233e-10
39,6,3.493327177213,5.974961852405716,1.0,0.999999999233971
39,7,3.493327177213,6.190442633351142,1.0,0.9999999997353599
39,8,3.493327177213,6.190442633581476,1.0,0.999999999833196
39,9,3.493327177213,7.957514590406956,0.0,1.8291682378106378e-10
39,10,3.493327177213,8.852691085417229,1.0,0.9999999998813897
39,11,3.493327177213,8.857793561303298,1.0,0.9999999989757901
39,12,3.493327177213,8.857793708219734,1.0,0.9999999997218157
39,13,3.493327177213,9.516688414209499,0.0,1.7626397864022376e-08
39,14,3.493327177213,9.653902726091614,0.0,9.378906003845568e-09
39,15,3.493327177213,9.861210256890494,1.0,0.999999974308481
39,16,3.493327177213,13.914734598604797,0.999994,0.9999939619624163
39,17,3.493327177213,13.914734628378596,0.999989,0.9999893967921027
39,18,3.493327177213,13.920946842676537,1.7e-05,1.6641183073249427e-05
39,19,3.493327177213,14.11281211056216,1.0,0.9999999998135788
39,20,3.493327177213,16.086155955382036,0.0,2.5430894211073203e-10
39,21,3.493327177213,16.775160497877035,0.0,9.291626461122113e-10
39,22,3.493327177213,17.35268236567267,1.0,0.9999999944076783
39,23,3.493327177213,17.574680828968717,0.0,4.5234751812097546e-07
39,24,3.493327177213,17.61010573304665,1.0,0.9999999419500394
40,1,3.577336590042,-5.8212323526407905,1.0,0.9999999999997682
40,2,3.577336590042,-3.430445318363129,0.0,1.157088901055483e-13
40,3,3.577336590042,-0.8291419251042407,0.0,1.518530670916662e-13
40,4,3.577336590042,5.016558181996201,0.0,7.508093500736522e-12
40,5,3.577336590042,5.0165581820117175,0.0,2.0737186268300237e-11
40,6,3.577336590042,6.230001131557943,1.0,0.9999999999883012
40,7,3.577336590042,6.230001132659329,1.0,0.999999999974919
40,8,3.577336590042,6.230001132023408,1.0,0.9999999999374568
40,9,3.577336590042,7.789119271524062,0.0,5.7386068861808196e-11
40,10,3.577336590042,8.800090533628099,1.0,0.9999999999369394
40,11,3.577336590042,8.800090533339382,1.0,0.9999999999935147
40,12,3.577336590042,8.80009053343212,1.0,0.9999999999821094
40,13,3.577336590042,9.561013472477955,0.0,6.543763473950914e-09
40,14,3.577336590042,9.561013471500658,0.0,2.55658079671058e-10
40,15,3.577336590042,9.70346277486699,1.0,0.9999999932760492
40,16,3.577336590042,13.823152374352752,0.0,6.338428617273051e-11
40,17,3.577336590042,13.997284736921367,1.0,0.9999999999513751
40,18,3.577336590042,13.997284735698559,1.0,0.9999999999162567
40,19,3.577336590042,14.008672724324622,1.0,0.9999999999622514
40,20,3.577336590042,16.787073515750794,0.0,1.0708604729174832e-10
40,21,3.577336590042,16.787073515308894,0.0,4.764887290536724e-10
40,22,3.577336590042,17.4541792007771,1.0,0.9999999992741049
40,23,3.577336590042,17.454179202932668,1.0,0.9999999831166416
40,24,3.577336590042,17.45417920704425,1.0,0.9999998958161526
